{
 "type": "FeatureCollection",
 "features": [
  {
   "type": "Feature",
   "properties": {
    "cell": 121,
    "market_cell": 344,
    "cost_mi": 457.3
   },
   "geometry": {
    "type": "Point",
    "coordinates": [
     78.7412,
     79.487
    ]
   }
  },
  {
   "type": "Feature",
   "properties": {
    "cell": 122,
    "market_cell": 344,
    "cost_mi": 402.7
   },
   "geometry": {
    "type": "Point",
    "coordinates": [
     79.0453,
     77.6262
    ]
   }
  },
  {
   "type": "Feature",
   "properties": {
    "cell": 153,
    "market_cell": 344,
    "cost_mi": 1844.5
   },
   "geometry": {
    "type": "Point",
    "coordinates": [
     55.6054,
     75.8509
    ]
   }
  },
  {
   "type": "Feature",
   "properties": {
    "cell": 154,
    "market_cell": 344,
    "cost_mi": 1778.7
   },
   "geometry": {
    "type": "Point",
    "coordinates": [
     55.5541,
     73.5776
    ]
   }
  },
  {
   "type": "Feature",
   "properties": {
    "cell": 163,
    "market_cell": 344,
    "cost_mi": 304.4
   },
   "geometry": {
    "type": "Point",
    "coordinates": [
     76.4358,
     74.0471
    ]
   }
  },
  {
   "type": "Feature",
   "properties": {
    "cell": 164,
    "market_cell": 344,
    "cost_mi": 348.5
   },
   "geometry": {
    "type": "Point",
    "coordinates": [
     79.3665,
     75.7787
    ]
   }
  },
  {
   "type": "Feature",
   "properties": {
    "cell": 165,
    "market_cell": 344,
    "cost_mi": 293.3
   },
   "geometry": {
    "type": "Point",
    "coordinates": [
     80.9801,
     74.7637
    ]
   }
  },
  {
   "type": "Feature",
   "properties": {
    "cell": 173,
    "market_cell": 242,
    "cost_mi": 518.3
   },
   "geometry": {
    "type": "Point",
    "coordinates": [
     102.0367,
     75.5829
    ]
   }
  },
  {
   "type": "Feature",
   "properties": {
    "cell": 174,
    "market_cell": 242,
    "cost_mi": 463.7
   },
   "geometry": {
    "type": "Point",
    "coordinates": [
     103.8289,
     75.4023
    ]
   }
  },
  {
   "type": "Feature",
   "properties": {
    "cell": 175,
    "market_cell": 242,
    "cost_mi": 411.6
   },
   "geometry": {
    "type": "Point",
    "coordinates": [
     105.6212,
     75.218
    ]
   }
  },
  {
   "type": "Feature",
   "properties": {
    "cell": 176,
    "market_cell": 242,
    "cost_mi": 430.4
   },
   "geometry": {
    "type": "Point",
    "coordinates": [
     104.095,
     73.9578
    ]
   }
  },
  {
   "type": "Feature",
   "properties": {
    "cell": 177,
    "market_cell": 242,
    "cost_mi": 345.1
   },
   "geometry": {
    "type": "Point",
    "coordinates": [
     106.9839,
     73.3685
    ]
   }
  },
  {
   "type": "Feature",
   "properties": {
    "cell": 179,
    "market_cell": 242,
    "cost_mi": 280.7
   },
   "geometry": {
    "type": "Point",
    "coordinates": [
     111.7449,
     73.5928
    ]
   }
  },
  {
   "type": "Feature",
   "properties": {
    "cell": 180,
    "market_cell": 242,
    "cost_mi": 250.6
   },
   "geometry": {
    "type": "Point",
    "coordinates": [
     110.0629,
     72.5512
    ]
   }
  },
  {
   "type": "Feature",
   "properties": {
    "cell": 181,
    "market_cell": 242,
    "cost_mi": 157.9
   },
   "geometry": {
    "type": "Point",
    "coordinates": [
     114.6433,
     74.699
    ]
   }
  },
  {
   "type": "Feature",
   "properties": {
    "cell": 182,
    "market_cell": 242,
    "cost_mi": 230.7
   },
   "geometry": {
    "type": "Point",
    "coordinates": [
     117.5569,
     75.7882
    ]
   }
  },
  {
   "type": "Feature",
   "properties": {
    "cell": 183,
    "market_cell": 242,
    "cost_mi": 147.7
   },
   "geometry": {
    "type": "Point",
    "coordinates": [
     118.414,
     73.9273
    ]
   }
  },
  {
   "type": "Feature",
   "properties": {
    "cell": 184,
    "market_cell": 242,
    "cost_mi": 198.3
   },
   "geometry": {
    "type": "Point",
    "coordinates": [
     120.8962,
     72.5892
    ]
   }
  },
  {
   "type": "Feature",
   "properties": {
    "cell": 206,
    "market_cell": 344,
    "cost_mi": 1832.6
   },
   "geometry": {
    "type": "Point",
    "coordinates": [
     51.4089,
     70.276
    ]
   }
  },
  {
   "type": "Feature",
   "properties": {
    "cell": 207,
    "market_cell": 344,
    "cost_mi": 1877.4
   },
   "geometry": {
    "type": "Point",
    "coordinates": [
     49.3202,
     68.3886
    ]
   }
  },
  {
   "type": "Feature",
   "properties": {
    "cell": 208,
    "market_cell": 344,
    "cost_mi": 1759.4
   },
   "geometry": {
    "type": "Point",
    "coordinates": [
     53.4635,
     70.7835
    ]
   }
  },
  {
   "type": "Feature",
   "properties": {
    "cell": 209,
    "market_cell": 344,
    "cost_mi": 1712.7
   },
   "geometry": {
    "type": "Point",
    "coordinates": [
     55.499,
     71.2967
    ]
   }
  },
  {
   "type": "Feature",
   "properties": {
    "cell": 210,
    "market_cell": 344,
    "cost_mi": 1637.6
   },
   "geometry": {
    "type": "Point",
    "coordinates": [
     57.5402,
     69.6963
    ]
   }
  },
  {
   "type": "Feature",
   "properties": {
    "cell": 211,
    "market_cell": 344,
    "cost_mi": 1573.2
   },
   "geometry": {
    "type": "Point",
    "coordinates": [
     59.0132,
     68.0275
    ]
   }
  },
  {
   "type": "Feature",
   "properties": {
    "cell": 212,
    "market_cell": 344,
    "cost_mi": 1582.8
   },
   "geometry": {
    "type": "Point",
    "coordinates": [
     60.1155,
     71.1067
    ]
   }
  },
  {
   "type": "Feature",
   "properties": {
    "cell": 213,
    "market_cell": 344,
    "cost_mi": 1613.5
   },
   "geometry": {
    "type": "Point",
    "coordinates": [
     62.6737,
     72.536
    ]
   }
  },
  {
   "type": "Feature",
   "properties": {
    "cell": 214,
    "market_cell": 344,
    "cost_mi": 1518.9
   },
   "geometry": {
    "type": "Point",
    "coordinates": [
     61.5789,
     69.453
    ]
   }
  },
  {
   "type": "Feature",
   "properties": {
    "cell": 221,
    "market_cell": 344,
    "cost_mi": 320.5
   },
   "geometry": {
    "type": "Point",
    "coordinates": [
     74.3129,
     72.5474
    ]
   }
  },
  {
   "type": "Feature",
   "properties": {
    "cell": 222,
    "market_cell": 344,
    "cost_mi": 273.4
   },
   "geometry": {
    "type": "Point",
    "coordinates": [
     73.6857,
     70.6125
    ]
   }
  },
  {
   "type": "Feature",
   "properties": {
    "cell": 223,
    "market_cell": 344,
    "cost_mi": 213.7
   },
   "geometry": {
    "type": "Point",
    "coordinates": [
     77.7491,
     71.2017
    ]
   }
  },
  {
   "type": "Feature",
   "properties": {
    "cell": 224,
    "market_cell": 344,
    "cost_mi": 223.7
   },
   "geometry": {
    "type": "Point",
    "coordinates": [
     81.8886,
     72.5379
    ]
   }
  },
  {
   "type": "Feature",
   "properties": {
    "cell": 225,
    "market_cell": 344,
    "cost_mi": 228.8
   },
   "geometry": {
    "type": "Point",
    "coordinates": [
     85.0037,
     72.3117
    ]
   }
  },
  {
   "type": "Feature",
   "properties": {
    "cell": 226,
    "market_cell": 344,
    "cost_mi": 294.0
   },
   "geometry": {
    "type": "Point",
    "coordinates": [
     86.8187,
     72.019
    ]
   }
  },
  {
   "type": "Feature",
   "properties": {
    "cell": 227,
    "market_cell": 344,
    "cost_mi": 347.3
   },
   "geometry": {
    "type": "Point",
    "coordinates": [
     88.6395,
     71.7339
    ]
   }
  },
  {
   "type": "Feature",
   "properties": {
    "cell": 228,
    "market_cell": 344,
    "cost_mi": 345.8
   },
   "geometry": {
    "type": "Point",
    "coordinates": [
     90.2398,
     70.3273
    ]
   }
  },
  {
   "type": "Feature",
   "properties": {
    "cell": 229,
    "market_cell": 344,
    "cost_mi": 466.2
   },
   "geometry": {
    "type": "Point",
    "coordinates": [
     93.8661,
     71.6769
    ]
   }
  },
  {
   "type": "Feature",
   "properties": {
    "cell": 230,
    "market_cell": 344,
    "cost_mi": 482.0
   },
   "geometry": {
    "type": "Point",
    "coordinates": [
     95.1167,
     70.1791
    ]
   }
  },
  {
   "type": "Feature",
   "properties": {
    "cell": 231,
    "market_cell": 344,
    "cost_mi": 431.2
   },
   "geometry": {
    "type": "Point",
    "coordinates": [
     93.4708,
     69.5671
    ]
   }
  },
  {
   "type": "Feature",
   "properties": {
    "cell": 232,
    "market_cell": 344,
    "cost_mi": 537.2
   },
   "geometry": {
    "type": "Point",
    "coordinates": [
     97.0249,
     70.1943
    ]
   }
  },
  {
   "type": "Feature",
   "properties": {
    "cell": 233,
    "market_cell": 344,
    "cost_mi": 593.8
   },
   "geometry": {
    "type": "Point",
    "coordinates": [
     98.933,
     70.2
    ]
   }
  },
  {
   "type": "Feature",
   "properties": {
    "cell": 234,
    "market_cell": 344,
    "cost_mi": 546.4
   },
   "geometry": {
    "type": "Point",
    "coordinates": [
     97.614,
     69.0348
    ]
   }
  },
  {
   "type": "Feature",
   "properties": {
    "cell": 235,
    "market_cell": 242,
    "cost_mi": 546.2
   },
   "geometry": {
    "type": "Point",
    "coordinates": [
     100.769,
     71.4488
    ]
   }
  },
  {
   "type": "Feature",
   "properties": {
    "cell": 236,
    "market_cell": 242,
    "cost_mi": 477.9
   },
   "geometry": {
    "type": "Point",
    "coordinates": [
     102.586,
     72.6862
    ]
   }
  },
  {
   "type": "Feature",
   "properties": {
    "cell": 237,
    "market_cell": 242,
    "cost_mi": 451.4
   },
   "geometry": {
    "type": "Point",
    "coordinates": [
     103.8099,
     70.3654
    ]
   }
  },
  {
   "type": "Feature",
   "properties": {
    "cell": 238,
    "market_cell": 242,
    "cost_mi": 382.0
   },
   "geometry": {
    "type": "Point",
    "coordinates": [
     105.3019,
     71.675
    ]
   }
  },
  {
   "type": "Feature",
   "properties": {
    "cell": 239,
    "market_cell": 242,
    "cost_mi": 288.8
   },
   "geometry": {
    "type": "Point",
    "coordinates": [
     108.3637,
     71.5039
    ]
   }
  },
  {
   "type": "Feature",
   "properties": {
    "cell": 240,
    "market_cell": 242,
    "cost_mi": 358.2
   },
   "geometry": {
    "type": "Point",
    "coordinates": [
     106.6988,
     69.7761
    ]
   }
  },
  {
   "type": "Feature",
   "properties": {
    "cell": 241,
    "market_cell": 242,
    "cost_mi": 172.0
   },
   "geometry": {
    "type": "Point",
    "coordinates": [
     112.2656,
     70.9603
    ]
   }
  },
  {
   "type": "Feature",
   "properties": {
    "cell": 242,
    "market_cell": 242,
    "cost_mi": 0.0
   },
   "geometry": {
    "type": "Point",
    "coordinates": [
     116.1219,
     71.0914
    ]
   }
  },
  {
   "type": "Feature",
   "properties": {
    "cell": 243,
    "market_cell": 242,
    "cost_mi": 133.3
   },
   "geometry": {
    "type": "Point",
    "coordinates": [
     119.1135,
     71.2245
    ]
   }
  },
  {
   "type": "Feature",
   "properties": {
    "cell": 244,
    "market_cell": 242,
    "cost_mi": 256.2
   },
   "geometry": {
    "type": "Point",
    "coordinates": [
     123.3613,
     71.2587
    ]
   }
  },
  {
   "type": "Feature",
   "properties": {
    "cell": 245,
    "market_cell": 242,
    "cost_mi": 308.1
   },
   "geometry": {
    "type": "Point",
    "coordinates": [
     124.3363,
     69.7571
    ]
   }
  },
  {
   "type": "Feature",
   "properties": {
    "cell": 246,
    "market_cell": 242,
    "cost_mi": 342.9
   },
   "geometry": {
    "type": "Point",
    "coordinates": [
     126.3376,
     70.9318
    ]
   }
  },
  {
   "type": "Feature",
   "properties": {
    "cell": 247,
    "market_cell": 242,
    "cost_mi": 417.2
   },
   "geometry": {
    "type": "Point",
    "coordinates": [
     128.7646,
     71.7719
    ]
   }
  },
  {
   "type": "Feature",
   "properties": {
    "cell": 248,
    "market_cell": 242,
    "cost_mi": 492.0
   },
   "geometry": {
    "type": "Point",
    "coordinates": [
     131.2031,
     72.6291
    ]
   }
  },
  {
   "type": "Feature",
   "properties": {
    "cell": 259,
    "market_cell": 315,
    "cost_mi": 148.7
   },
   "geometry": {
    "type": "Point",
    "coordinates": [
     -68.3754,
     68.9949
    ]
   }
  },
  {
   "type": "Feature",
   "properties": {
    "cell": 260,
    "market_cell": 315,
    "cost_mi": 74.4
   },
   "geometry": {
    "type": "Point",
    "coordinates": [
     -68.231,
     66.4308
    ]
   }
  },
  {
   "type": "Feature",
   "properties": {
    "cell": 261,
    "market_cell": 315,
    "cost_mi": 116.9
   },
   "geometry": {
    "type": "Point",
    "coordinates": [
     -69.5424,
     67.0961
    ]
   }
  },
  {
   "type": "Feature",
   "properties": {
    "cell": 268,
    "market_cell": 344,
    "cost_mi": 2307.6
   },
   "geometry": {
    "type": "Point",
    "coordinates": [
     36.151,
     68.476
    ]
   }
  },
  {
   "type": "Feature",
   "properties": {
    "cell": 269,
    "market_cell": 344,
    "cost_mi": 2244.8
   },
   "geometry": {
    "type": "Point",
    "coordinates": [
     38.0877,
     67.4952
    ]
   }
  },
  {
   "type": "Feature",
   "properties": {
    "cell": 270,
    "market_cell": 344,
    "cost_mi": 2182.0
   },
   "geometry": {
    "type": "Point",
    "coordinates": [
     40.0149,
     66.5012
    ]
   }
  },
  {
   "type": "Feature",
   "properties": {
    "cell": 271,
    "market_cell": 344,
    "cost_mi": 2104.6
   },
   "geometry": {
    "type": "Point",
    "coordinates": [
     42.6871,
     66.3928
    ]
   }
  },
  {
   "type": "Feature",
   "properties": {
    "cell": 272,
    "market_cell": 344,
    "cost_mi": 2014.9
   },
   "geometry": {
    "type": "Point",
    "coordinates": [
     45.3727,
     66.2883
    ]
   }
  },
  {
   "type": "Feature",
   "properties": {
    "cell": 273,
    "market_cell": 344,
    "cost_mi": 1960.6
   },
   "geometry": {
    "type": "Point",
    "coordinates": [
     47.2333,
     66.5107
    ]
   }
  },
  {
   "type": "Feature",
   "properties": {
    "cell": 274,
    "market_cell": 344,
    "cost_mi": 2198.1
   },
   "geometry": {
    "type": "Point",
    "coordinates": [
     49.1681,
     65.6895
    ]
   }
  },
  {
   "type": "Feature",
   "properties": {
    "cell": 275,
    "market_cell": 344,
    "cost_mi": 1785.5
   },
   "geometry": {
    "type": "Point",
    "coordinates": [
     52.4827,
     68.6699
    ]
   }
  },
  {
   "type": "Feature",
   "properties": {
    "cell": 276,
    "market_cell": 344,
    "cost_mi": 1772.5
   },
   "geometry": {
    "type": "Point",
    "coordinates": [
     53.3228,
     66.3358
    ]
   }
  },
  {
   "type": "Feature",
   "properties": {
    "cell": 277,
    "market_cell": 344,
    "cost_mi": 1634.3
   },
   "geometry": {
    "type": "Point",
    "coordinates": [
     57.2893,
     68.7744
    ]
   }
  },
  {
   "type": "Feature",
   "properties": {
    "cell": 278,
    "market_cell": 344,
    "cost_mi": 1508.6
   },
   "geometry": {
    "type": "Point",
    "coordinates": [
     60.4956,
     66.3605
    ]
   }
  },
  {
   "type": "Feature",
   "properties": {
    "cell": 279,
    "market_cell": 344,
    "cost_mi": 1510.0
   },
   "geometry": {
    "type": "Point",
    "coordinates": [
     59.7544,
     64.6251
    ]
   }
  },
  {
   "type": "Feature",
   "properties": {
    "cell": 280,
    "market_cell": 344,
    "cost_mi": 1427.9
   },
   "geometry": {
    "type": "Point",
    "coordinates": [
     63.2515,
     66.792
    ]
   }
  },
  {
   "type": "Feature",
   "properties": {
    "cell": 281,
    "market_cell": 344,
    "cost_mi": 1441.8
   },
   "geometry": {
    "type": "Point",
    "coordinates": [
     62.1111,
     64.7012
    ]
   }
  },
  {
   "type": "Feature",
   "properties": {
    "cell": 282,
    "market_cell": 344,
    "cost_mi": 1417.6
   },
   "geometry": {
    "type": "Point",
    "coordinates": [
     65.9902,
     67.2253
    ]
   }
  },
  {
   "type": "Feature",
   "properties": {
    "cell": 283,
    "market_cell": 344,
    "cost_mi": 1349.0
   },
   "geometry": {
    "type": "Point",
    "coordinates": [
     64.867,
     65.1383
    ]
   }
  },
  {
   "type": "Feature",
   "properties": {
    "cell": 286,
    "market_cell": 344,
    "cost_mi": 258.6
   },
   "geometry": {
    "type": "Point",
    "coordinates": [
     73.0699,
     68.6756
    ]
   }
  },
  {
   "type": "Feature",
   "properties": {
    "cell": 287,
    "market_cell": 344,
    "cost_mi": 269.1
   },
   "geometry": {
    "type": "Point",
    "coordinates": [
     71.8611,
     66.6399
    ]
   }
  },
  {
   "type": "Feature",
   "properties": {
    "cell": 288,
    "market_cell": 344,
    "cost_mi": 179.2
   },
   "geometry": {
    "type": "Point",
    "coordinates": [
     74.9667,
     66.6969
    ]
   }
  },
  {
   "type": "Feature",
   "properties": {
    "cell": 289,
    "market_cell": 344,
    "cost_mi": 143.3
   },
   "geometry": {
    "type": "Point",
    "coordinates": [
     77.7852,
     68.7687
    ]
   }
  },
  {
   "type": "Feature",
   "properties": {
    "cell": 290,
    "market_cell": 344,
    "cost_mi": 81.9
   },
   "geometry": {
    "type": "Point",
    "coordinates": [
     82.8275,
     67.7271
    ]
   }
  },
  {
   "type": "Feature",
   "properties": {
    "cell": 291,
    "market_cell": 344,
    "cost_mi": 177.3
   },
   "geometry": {
    "type": "Point",
    "coordinates": [
     85.7088,
     67.7005
    ]
   }
  },
  {
   "type": "Feature",
   "properties": {
    "cell": 292,
    "market_cell": 344,
    "cost_mi": 277.3
   },
   "geometry": {
    "type": "Point",
    "coordinates": [
     88.4418,
     68.7839
    ]
   }
  },
  {
   "type": "Feature",
   "properties": {
    "cell": 293,
    "market_cell": 344,
    "cost_mi": 380.2
   },
   "geometry": {
    "type": "Point",
    "coordinates": [
     91.8249,
     68.9379
    ]
   }
  },
  {
   "type": "Feature",
   "properties": {
    "cell": 294,
    "market_cell": 344,
    "cost_mi": 446.6
   },
   "geometry": {
    "type": "Point",
    "coordinates": [
     94.0599,
     68.4076
    ]
   }
  },
  {
   "type": "Feature",
   "properties": {
    "cell": 295,
    "market_cell": 344,
    "cost_mi": 495.0
   },
   "geometry": {
    "type": "Point",
    "coordinates": [
     96.2798,
     67.864
    ]
   }
  },
  {
   "type": "Feature",
   "properties": {
    "cell": 298,
    "market_cell": 242,
    "cost_mi": 419.5
   },
   "geometry": {
    "type": "Point",
    "coordinates": [
     105.0149,
     68.0332
    ]
   }
  },
  {
   "type": "Feature",
   "properties": {
    "cell": 299,
    "market_cell": 242,
    "cost_mi": 492.7
   },
   "geometry": {
    "type": "Point",
    "coordinates": [
     103.867,
     66.2598
    ]
   }
  },
  {
   "type": "Feature",
   "properties": {
    "cell": 300,
    "market_cell": 242,
    "cost_mi": 298.9
   },
   "geometry": {
    "type": "Point",
    "coordinates": [
     109.0784,
     68.2156
    ]
   }
  },
  {
   "type": "Feature",
   "properties": {
    "cell": 301,
    "market_cell": 242,
    "cost_mi": 161.0
   },
   "geometry": {
    "type": "Point",
    "coordinates": [
     113.5865,
     68.744
    ]
   }
  },
  {
   "type": "Feature",
   "properties": {
    "cell": 302,
    "market_cell": 242,
    "cost_mi": 133.7
   },
   "geometry": {
    "type": "Point",
    "coordinates": [
     116.0592,
     67.3546
    ]
   }
  },
  {
   "type": "Feature",
   "properties": {
    "cell": 303,
    "market_cell": 242,
    "cost_mi": 255.5
   },
   "geometry": {
    "type": "Point",
    "coordinates": [
     120.862,
     67.807
    ]
   }
  },
  {
   "type": "Feature",
   "properties": {
    "cell": 304,
    "market_cell": 242,
    "cost_mi": 359.0
   },
   "geometry": {
    "type": "Point",
    "coordinates": [
     124.4294,
     67.5485
    ]
   }
  },
  {
   "type": "Feature",
   "properties": {
    "cell": 305,
    "market_cell": 242,
    "cost_mi": 359.5
   },
   "geometry": {
    "type": "Point",
    "coordinates": [
     125.3056,
     68.265
    ]
   }
  },
  {
   "type": "Feature",
   "properties": {
    "cell": 306,
    "market_cell": 242,
    "cost_mi": 594.7
   },
   "geometry": {
    "type": "Point",
    "coordinates": [
     126.598,
     66.6969
    ]
   }
  },
  {
   "type": "Feature",
   "properties": {
    "cell": 310,
    "market_cell": 315,
    "cost_mi": 193.3
   },
   "geometry": {
    "type": "Point",
    "coordinates": [
     -73.908,
     63.9922
    ]
   }
  },
  {
   "type": "Feature",
   "properties": {
    "cell": 311,
    "market_cell": 315,
    "cost_mi": 219.0
   },
   "geometry": {
    "type": "Point",
    "coordinates": [
     -74.9401,
     62.2492
    ]
   }
  },
  {
   "type": "Feature",
   "properties": {
    "cell": 312,
    "market_cell": 315,
    "cost_mi": 143.5
   },
   "geometry": {
    "type": "Point",
    "coordinates": [
     -72.2982,
     64.6061
    ]
   }
  },
  {
   "type": "Feature",
   "properties": {
    "cell": 313,
    "market_cell": 315,
    "cost_mi": 85.2
   },
   "geometry": {
    "type": "Point",
    "coordinates": [
     -70.7018,
     65.2144
    ]
   }
  },
  {
   "type": "Feature",
   "properties": {
    "cell": 314,
    "market_cell": 315,
    "cost_mi": 56.3
   },
   "geometry": {
    "type": "Point",
    "coordinates": [
     -69.5424,
     63.3897
    ]
   }
  },
  {
   "type": "Feature",
   "properties": {
    "cell": 315,
    "market_cell": 315,
    "cost_mi": 0.0
   },
   "geometry": {
    "type": "Point",
    "coordinates": [
     -68.0865,
     63.8648
    ]
   }
  },
  {
   "type": "Feature",
   "properties": {
    "cell": 316,
    "market_cell": 315,
    "cost_mi": 71.4
   },
   "geometry": {
    "type": "Point",
    "coordinates": [
     -65.688,
     63.6805
    ]
   }
  },
  {
   "type": "Feature",
   "properties": {
    "cell": 327,
    "market_cell": 344,
    "cost_mi": 2254.3
   },
   "geometry": {
    "type": "Point",
    "coordinates": [
     37.6297,
     65.7637
    ]
   }
  },
  {
   "type": "Feature",
   "properties": {
    "cell": 328,
    "market_cell": 344,
    "cost_mi": 2614.4
   },
   "geometry": {
    "type": "Point",
    "coordinates": [
     36.9284,
     62.8384
    ]
   }
  },
  {
   "type": "Feature",
   "properties": {
    "cell": 329,
    "market_cell": 344,
    "cost_mi": 2185.7
   },
   "geometry": {
    "type": "Point",
    "coordinates": [
     40.2791,
     65.3968
    ]
   }
  },
  {
   "type": "Feature",
   "properties": {
    "cell": 330,
    "market_cell": 344,
    "cost_mi": 2434.5
   },
   "geometry": {
    "type": "Point",
    "coordinates": [
     45.4031,
     63.4448
    ]
   }
  },
  {
   "type": "Feature",
   "properties": {
    "cell": 331,
    "market_cell": 344,
    "cost_mi": 2665.7
   },
   "geometry": {
    "type": "Point",
    "coordinates": [
     44.2266,
     61.831
    ]
   }
  },
  {
   "type": "Feature",
   "properties": {
    "cell": 332,
    "market_cell": 344,
    "cost_mi": 2245.4
   },
   "geometry": {
    "type": "Point",
    "coordinates": [
     47.9194,
     64.6232
    ]
   }
  },
  {
   "type": "Feature",
   "properties": {
    "cell": 333,
    "market_cell": 344,
    "cost_mi": 2094.1
   },
   "geometry": {
    "type": "Point",
    "coordinates": [
     51.0915,
     64.8608
    ]
   }
  },
  {
   "type": "Feature",
   "properties": {
    "cell": 334,
    "market_cell": 344,
    "cost_mi": 2027.6
   },
   "geometry": {
    "type": "Point",
    "coordinates": [
     53.9766,
     64.4883
    ]
   }
  },
  {
   "type": "Feature",
   "properties": {
    "cell": 335,
    "market_cell": 344,
    "cost_mi": 1931.3
   },
   "geometry": {
    "type": "Point",
    "coordinates": [
     56.5044,
     63.6748
    ]
   }
  },
  {
   "type": "Feature",
   "properties": {
    "cell": 336,
    "market_cell": 344,
    "cost_mi": 1745.9
   },
   "geometry": {
    "type": "Point",
    "coordinates": [
     59.0227,
     62.8765
    ]
   }
  },
  {
   "type": "Feature",
   "properties": {
    "cell": 337,
    "market_cell": 344,
    "cost_mi": 1675.1
   },
   "geometry": {
    "type": "Point",
    "coordinates": [
     63.0785,
     62.9772
    ]
   }
  },
  {
   "type": "Feature",
   "properties": {
    "cell": 338,
    "market_cell": 344,
    "cost_mi": 1587.8
   },
   "geometry": {
    "type": "Point",
    "coordinates": [
     63.7266,
     63.0342
    ]
   }
  },
  {
   "type": "Feature",
   "properties": {
    "cell": 340,
    "market_cell": 344,
    "cost_mi": 571.9
   },
   "geometry": {
    "type": "Point",
    "coordinates": [
     70.6599,
     64.5871
    ]
   }
  },
  {
   "type": "Feature",
   "properties": {
    "cell": 341,
    "market_cell": 344,
    "cost_mi": 813.6
   },
   "geometry": {
    "type": "Point",
    "coordinates": [
     69.3143,
     62.9905
    ]
   }
  },
  {
   "type": "Feature",
   "properties": {
    "cell": 342,
    "market_cell": 344,
    "cost_mi": 484.7
   },
   "geometry": {
    "type": "Point",
    "coordinates": [
     74.8184,
     63.785
    ]
   }
  },
  {
   "type": "Feature",
   "properties": {
    "cell": 343,
    "market_cell": 344,
    "cost_mi": 104.7
   },
   "geometry": {
    "type": "Point",
    "coordinates": [
     77.3918,
     65.8245
    ]
   }
  },
  {
   "type": "Feature",
   "properties": {
    "cell": 344,
    "market_cell": 344,
    "cost_mi": 0.0
   },
   "geometry": {
    "type": "Point",
    "coordinates": [
     80.9991,
     65.566
    ]
   }
  },
  {
   "type": "Feature",
   "properties": {
    "cell": 345,
    "market_cell": 344,
    "cost_mi": 153.5
   },
   "geometry": {
    "type": "Point",
    "coordinates": [
     86.0167,
     63.8496
    ]
   }
  },
  {
   "type": "Feature",
   "properties": {
    "cell": 346,
    "market_cell": 344,
    "cost_mi": 265.5
   },
   "geometry": {
    "type": "Point",
    "coordinates": [
     89.852,
     63.3288
    ]
   }
  },
  {
   "type": "Feature",
   "properties": {
    "cell": 347,
    "market_cell": 344,
    "cost_mi": 373.3
   },
   "geometry": {
    "type": "Point",
    "coordinates": [
     93.1629,
     65.0395
    ]
   }
  },
  {
   "type": "Feature",
   "properties": {
    "cell": 348,
    "market_cell": 344,
    "cost_mi": 492.5
   },
   "geometry": {
    "type": "Point",
    "coordinates": [
     97.2491,
     65.5451
    ]
   }
  },
  {
   "type": "Feature",
   "properties": {
    "cell": 349,
    "market_cell": 344,
    "cost_mi": 577.6
   },
   "geometry": {
    "type": "Point",
    "coordinates": [
     98.4617,
     62.865
    ]
   }
  },
  {
   "type": "Feature",
   "properties": {
    "cell": 350,
    "market_cell": 344,
    "cost_mi": 603.0
   },
   "geometry": {
    "type": "Point",
    "coordinates": [
     100.5789,
     63.6748
    ]
   }
  },
  {
   "type": "Feature",
   "properties": {
    "cell": 351,
    "market_cell": 242,
    "cost_mi": 557.4
   },
   "geometry": {
    "type": "Point",
    "coordinates": [
     102.7114,
     64.4712
    ]
   }
  },
  {
   "type": "Feature",
   "properties": {
    "cell": 352,
    "market_cell": 242,
    "cost_mi": 499.3
   },
   "geometry": {
    "type": "Point",
    "coordinates": [
     105.9785,
     63.1977
    ]
   }
  },
  {
   "type": "Feature",
   "properties": {
    "cell": 353,
    "market_cell": 242,
    "cost_mi": 380.3
   },
   "geometry": {
    "type": "Point",
    "coordinates": [
     108.9263,
     65.4291
    ]
   }
  },
  {
   "type": "Feature",
   "properties": {
    "cell": 354,
    "market_cell": 242,
    "cost_mi": 267.7
   },
   "geometry": {
    "type": "Point",
    "coordinates": [
     112.6971,
     64.9806
    ]
   }
  },
  {
   "type": "Feature",
   "properties": {
    "cell": 355,
    "market_cell": 242,
    "cost_mi": 700.0
   },
   "geometry": {
    "type": "Point",
    "coordinates": [
     117.1558,
     63.0437
    ]
   }
  },
  {
   "type": "Feature",
   "properties": {
    "cell": 356,
    "market_cell": 242,
    "cost_mi": 581.3
   },
   "geometry": {
    "type": "Point",
    "coordinates": [
     120.5522,
     65.3246
    ]
   }
  },
  {
   "type": "Feature",
   "properties": {
    "cell": 357,
    "market_cell": 242,
    "cost_mi": 753.3
   },
   "geometry": {
    "type": "Point",
    "coordinates": [
     123.1142,
     64.6175
    ]
   }
  },
  {
   "type": "Feature",
   "properties": {
    "cell": 358,
    "market_cell": 242,
    "cost_mi": 843.6
   },
   "geometry": {
    "type": "Point",
    "coordinates": [
     127.9037,
     65.1212
    ]
   }
  },
  {
   "type": "Feature",
   "properties": {
    "cell": 359,
    "market_cell": 242,
    "cost_mi": 1171.4
   },
   "geometry": {
    "type": "Point",
    "coordinates": [
     130.0285,
     63.249
    ]
   }
  },
  {
   "type": "Feature",
   "properties": {
    "cell": 365,
    "market_cell": 315,
    "cost_mi": 279.9
   },
   "geometry": {
    "type": "Point",
    "coordinates": [
     -75.9645,
     60.5252
    ]
   }
  },
  {
   "type": "Feature",
   "properties": {
    "cell": 366,
    "market_cell": 315,
    "cost_mi": 350.7
   },
   "geometry": {
    "type": "Point",
    "coordinates": [
     -77.8289,
     58.9419
    ]
   }
  },
  {
   "type": "Feature",
   "properties": {
    "cell": 367,
    "market_cell": 315,
    "cost_mi": 164.5
   },
   "geometry": {
    "type": "Point",
    "coordinates": [
     -73.068,
     62.4526
    ]
   }
  },
  {
   "type": "Feature",
   "properties": {
    "cell": 368,
    "market_cell": 315,
    "cost_mi": 70.0
   },
   "geometry": {
    "type": "Point",
    "coordinates": [
     -68.3754,
     61.5801
    ]
   }
  },
  {
   "type": "Feature",
   "properties": {
    "cell": 369,
    "market_cell": 315,
    "cost_mi": 130.6
   },
   "geometry": {
    "type": "Point",
    "coordinates": [
     -66.7105,
     60.3105
    ]
   }
  },
  {
   "type": "Feature",
   "properties": {
    "cell": 393,
    "market_cell": 344,
    "cost_mi": 3202.8
   },
   "geometry": {
    "type": "Point",
    "coordinates": [
     35.1836,
     59.4836
    ]
   }
  },
  {
   "type": "Feature",
   "properties": {
    "cell": 394,
    "market_cell": 1820,
    "cost_mi": 3357.5
   },
   "geometry": {
    "type": "Point",
    "coordinates": [
     33.3743,
     57.7445
    ]
   }
  },
  {
   "type": "Feature",
   "properties": {
    "cell": 395,
    "market_cell": 344,
    "cost_mi": 3060.5
   },
   "geometry": {
    "type": "Point",
    "coordinates": [
     36.2213,
     59.8999
    ]
   }
  },
  {
   "type": "Feature",
   "properties": {
    "cell": 396,
    "market_cell": 344,
    "cost_mi": 2847.1
   },
   "geometry": {
    "type": "Point",
    "coordinates": [
     42.4192,
     61.5573
    ]
   }
  },
  {
   "type": "Feature",
   "properties": {
    "cell": 397,
    "market_cell": 344,
    "cost_mi": 2921.8
   },
   "geometry": {
    "type": "Point",
    "coordinates": [
     43.0463,
     60.2021
    ]
   }
  },
  {
   "type": "Feature",
   "properties": {
    "cell": 398,
    "market_cell": 1820,
    "cost_mi": 3087.1
   },
   "geometry": {
    "type": "Point",
    "coordinates": [
     43.1623,
     57.6874
    ]
   }
  },
  {
   "type": "Feature",
   "properties": {
    "cell": 407,
    "market_cell": 344,
    "cost_mi": 2110.1
   },
   "geometry": {
    "type": "Point",
    "coordinates": [
     60.1383,
     60.1698
    ]
   }
  },
  {
   "type": "Feature",
   "properties": {
    "cell": 408,
    "market_cell": 344,
    "cost_mi": 2158.3
   },
   "geometry": {
    "type": "Point",
    "coordinates": [
     59.8494,
     58.2386
    ]
   }
  },
  {
   "type": "Feature",
   "properties": {
    "cell": 409,
    "market_cell": 344,
    "cost_mi": 1243.1
   },
   "geometry": {
    "type": "Point",
    "coordinates": [
     66.4539,
     61.8386
    ]
   }
  },
  {
   "type": "Feature",
   "properties": {
    "cell": 410,
    "market_cell": 344,
    "cost_mi": 1058.8
   },
   "geometry": {
    "type": "Point",
    "coordinates": [
     67.9858,
     61.4072
    ]
   }
  },
  {
   "type": "Feature",
   "properties": {
    "cell": 411,
    "market_cell": 344,
    "cost_mi": 1070.6
   },
   "geometry": {
    "type": "Point",
    "coordinates": [
     71.9694,
     59.6015
    ]
   }
  },
  {
   "type": "Feature",
   "properties": {
    "cell": 412,
    "market_cell": 344,
    "cost_mi": 678.4
   },
   "geometry": {
    "type": "Point",
    "coordinates": [
     75.2746,
     62.1751
    ]
   }
  },
  {
   "type": "Feature",
   "properties": {
    "cell": 413,
    "market_cell": 344,
    "cost_mi": 942.0
   },
   "geometry": {
    "type": "Point",
    "coordinates": [
     74.9401,
     59.6262
    ]
   }
  },
  {
   "type": "Feature",
   "properties": {
    "cell": 414,
    "market_cell": 344,
    "cost_mi": 551.5
   },
   "geometry": {
    "type": "Point",
    "coordinates": [
     77.3728,
     61.9641
    ]
   }
  },
  {
   "type": "Feature",
   "properties": {
    "cell": 415,
    "market_cell": 344,
    "cost_mi": 473.6
   },
   "geometry": {
    "type": "Point",
    "coordinates": [
     79.4863,
     61.7645
    ]
   }
  },
  {
   "type": "Feature",
   "properties": {
    "cell": 416,
    "market_cell": 344,
    "cost_mi": 769.6
   },
   "geometry": {
    "type": "Point",
    "coordinates": [
     81.269,
     58.9229
    ]
   }
  },
  {
   "type": "Feature",
   "properties": {
    "cell": 417,
    "market_cell": 344,
    "cost_mi": 361.3
   },
   "geometry": {
    "type": "Point",
    "coordinates": [
     81.155,
     62.4488
    ]
   }
  },
  {
   "type": "Feature",
   "properties": {
    "cell": 418,
    "market_cell": 344,
    "cost_mi": 331.8
   },
   "geometry": {
    "type": "Point",
    "coordinates": [
     85.6042,
     62.3652
    ]
   }
  },
  {
   "type": "Feature",
   "properties": {
    "cell": 419,
    "market_cell": 344,
    "cost_mi": 639.4
   },
   "geometry": {
    "type": "Point",
    "coordinates": [
     88.5254,
     60.3827
    ]
   }
  },
  {
   "type": "Feature",
   "properties": {
    "cell": 420,
    "market_cell": 344,
    "cost_mi": 792.7
   },
   "geometry": {
    "type": "Point",
    "coordinates": [
     92.7314,
     59.9341
    ]
   }
  },
  {
   "type": "Feature",
   "properties": {
    "cell": 421,
    "market_cell": 344,
    "cost_mi": 854.0
   },
   "geometry": {
    "type": "Point",
    "coordinates": [
     96.6314,
     61.4984
    ]
   }
  },
  {
   "type": "Feature",
   "properties": {
    "cell": 422,
    "market_cell": 344,
    "cost_mi": 785.3
   },
   "geometry": {
    "type": "Point",
    "coordinates": [
     99.393,
     61.3312
    ]
   }
  },
  {
   "type": "Feature",
   "properties": {
    "cell": 423,
    "market_cell": 242,
    "cost_mi": 795.9
   },
   "geometry": {
    "type": "Point",
    "coordinates": [
     103.7377,
     61.9546
    ]
   }
  },
  {
   "type": "Feature",
   "properties": {
    "cell": 424,
    "market_cell": 242,
    "cost_mi": 752.7
   },
   "geometry": {
    "type": "Point",
    "coordinates": [
     106.4042,
     61.0498
    ]
   }
  },
  {
   "type": "Feature",
   "properties": {
    "cell": 425,
    "market_cell": 242,
    "cost_mi": 769.9
   },
   "geometry": {
    "type": "Point",
    "coordinates": [
     109.2646,
     62.08
    ]
   }
  },
  {
   "type": "Feature",
   "properties": {
    "cell": 426,
    "market_cell": 242,
    "cost_mi": 726.7
   },
   "geometry": {
    "type": "Point",
    "coordinates": [
     114.3449,
     61.4794
    ]
   }
  },
  {
   "type": "Feature",
   "properties": {
    "cell": 427,
    "market_cell": 242,
    "cost_mi": 797.6
   },
   "geometry": {
    "type": "Point",
    "coordinates": [
     114.9037,
     61.2285
    ]
   }
  },
  {
   "type": "Feature",
   "properties": {
    "cell": 428,
    "market_cell": 242,
    "cost_mi": 1137.6
   },
   "geometry": {
    "type": "Point",
    "coordinates": [
     119.581,
     60.1432
    ]
   }
  },
  {
   "type": "Feature",
   "properties": {
    "cell": 429,
    "market_cell": 242,
    "cost_mi": 1338.6
   },
   "geometry": {
    "type": "Point",
    "coordinates": [
     122.487,
     59.8429
    ]
   }
  },
  {
   "type": "Feature",
   "properties": {
    "cell": 430,
    "market_cell": 242,
    "cost_mi": 1222.8
   },
   "geometry": {
    "type": "Point",
    "coordinates": [
     127.2879,
     62.0629
    ]
   }
  },
  {
   "type": "Feature",
   "properties": {
    "cell": 431,
    "market_cell": 242,
    "cost_mi": 1552.0
   },
   "geometry": {
    "type": "Point",
    "coordinates": [
     130.498,
     59.9949
    ]
   }
  },
  {
   "type": "Feature",
   "properties": {
    "cell": 432,
    "market_cell": 242,
    "cost_mi": 1755.6
   },
   "geometry": {
    "type": "Point",
    "coordinates": [
     130.6082,
     58.2386
    ]
   }
  },
  {
   "type": "Feature",
   "properties": {
    "cell": 443,
    "market_cell": 315,
    "cost_mi": 421.2
   },
   "geometry": {
    "type": "Point",
    "coordinates": [
     -79.6877,
     57.3662
    ]
   }
  },
  {
   "type": "Feature",
   "properties": {
    "cell": 444,
    "market_cell": 315,
    "cost_mi": 283.5
   },
   "geometry": {
    "type": "Point",
    "coordinates": [
     -74.4193,
     58.7785
    ]
   }
  },
  {
   "type": "Feature",
   "properties": {
    "cell": 445,
    "market_cell": 315,
    "cost_mi": 246.1
   },
   "geometry": {
    "type": "Point",
    "coordinates": [
     -70.5497,
     56.0718
    ]
   }
  },
  {
   "type": "Feature",
   "properties": {
    "cell": 446,
    "market_cell": 315,
    "cost_mi": 174.2
   },
   "geometry": {
    "type": "Point",
    "coordinates": [
     -69.8579,
     58.3926
    ]
   }
  },
  {
   "type": "Feature",
   "properties": {
    "cell": 447,
    "market_cell": 315,
    "cost_mi": 194.4
   },
   "geometry": {
    "type": "Point",
    "coordinates": [
     -65.0456,
     59.0275
    ]
   }
  },
  {
   "type": "Feature",
   "properties": {
    "cell": 448,
    "market_cell": 315,
    "cost_mi": 248.9
   },
   "geometry": {
    "type": "Point",
    "coordinates": [
     -64.4868,
     57.2313
    ]
   }
  },
  {
   "type": "Feature",
   "properties": {
    "cell": 456,
    "market_cell": 461,
    "cost_mi": 301.2
   },
   "geometry": {
    "type": "Point",
    "coordinates": [
     -48.7196,
     56.2562
    ]
   }
  },
  {
   "type": "Feature",
   "properties": {
    "cell": 457,
    "market_cell": 461,
    "cost_mi": 226.7
   },
   "geometry": {
    "type": "Point",
    "coordinates": [
     -46.6213,
     54.7603
    ]
   }
  },
  {
   "type": "Feature",
   "properties": {
    "cell": 458,
    "market_cell": 461,
    "cost_mi": 342.2
   },
   "geometry": {
    "type": "Point",
    "coordinates": [
     -50.1944,
     54.9694
    ]
   }
  },
  {
   "type": "Feature",
   "properties": {
    "cell": 460,
    "market_cell": 461,
    "cost_mi": 90.3
   },
   "geometry": {
    "type": "Point",
    "coordinates": [
     -40.4863,
     58.3185
    ]
   }
  },
  {
   "type": "Feature",
   "properties": {
    "cell": 461,
    "market_cell": 461,
    "cost_mi": 0.0
   },
   "geometry": {
    "type": "Point",
    "coordinates": [
     -38.924,
     55.6156
    ]
   }
  },
  {
   "type": "Feature",
   "properties": {
    "cell": 462,
    "market_cell": 461,
    "cost_mi": 103.5
   },
   "geometry": {
    "type": "Point",
    "coordinates": [
     -42.4971,
     55.8057
    ]
   }
  },
  {
   "type": "Feature",
   "properties": {
    "cell": 464,
    "market_cell": 461,
    "cost_mi": 179.3
   },
   "geometry": {
    "type": "Point",
    "coordinates": [
     -33.6442,
     56.8017
    ]
   }
  },
  {
   "type": "Feature",
   "properties": {
    "cell": 465,
    "market_cell": 461,
    "cost_mi": 197.1
   },
   "geometry": {
    "type": "Point",
    "coordinates": [
     -32.652,
     55.3305
    ]
   }
  },
  {
   "type": "Feature",
   "properties": {
    "cell": 466,
    "market_cell": 461,
    "cost_mi": 101.4
   },
   "geometry": {
    "type": "Point",
    "coordinates": [
     -35.5029,
     54.8553
    ]
   }
  },
  {
   "type": "Feature",
   "properties": {
    "cell": 467,
    "market_cell": 461,
    "cost_mi": 252.4
   },
   "geometry": {
    "type": "Point",
    "coordinates": [
     -31.4984,
     58.1341
    ]
   }
  },
  {
   "type": "Feature",
   "properties": {
    "cell": 468,
    "market_cell": 461,
    "cost_mi": 233.4
   },
   "geometry": {
    "type": "Point",
    "coordinates": [
     -31.5877,
     55.9958
    ]
   }
  },
  {
   "type": "Feature",
   "properties": {
    "cell": 484,
    "market_cell": 1820,
    "cost_mi": 3689.7
   },
   "geometry": {
    "type": "Point",
    "coordinates": [
     27.0358,
     56.8948
    ]
   }
  },
  {
   "type": "Feature",
   "properties": {
    "cell": 485,
    "market_cell": 1820,
    "cost_mi": 3490.3
   },
   "geometry": {
    "type": "Point",
    "coordinates": [
     29.307,
     56.452
    ]
   }
  },
  {
   "type": "Feature",
   "properties": {
    "cell": 486,
    "market_cell": 1820,
    "cost_mi": 3461.4
   },
   "geometry": {
    "type": "Point",
    "coordinates": [
     28.4327,
     55.5016
    ]
   }
  },
  {
   "type": "Feature",
   "properties": {
    "cell": 487,
    "market_cell": 1820,
    "cost_mi": 3221.5
   },
   "geometry": {
    "type": "Point",
    "coordinates": [
     31.5839,
     55.9939
    ]
   }
  },
  {
   "type": "Feature",
   "properties": {
    "cell": 488,
    "market_cell": 1820,
    "cost_mi": 3376.8
   },
   "geometry": {
    "type": "Point",
    "coordinates": [
     35.0506,
     57.389
    ]
   }
  },
  {
   "type": "Feature",
   "properties": {
    "cell": 489,
    "market_cell": 344,
    "cost_mi": 3371.4
   },
   "geometry": {
    "type": "Point",
    "coordinates": [
     37.6449,
     57.9155
    ]
   }
  },
  {
   "type": "Feature",
   "properties": {
    "cell": 490,
    "market_cell": 1820,
    "cost_mi": 3140.0
   },
   "geometry": {
    "type": "Point",
    "coordinates": [
     40.224,
     57.6722
    ]
   }
  },
  {
   "type": "Feature",
   "properties": {
    "cell": 496,
    "market_cell": 344,
    "cost_mi": 2935.2
   },
   "geometry": {
    "type": "Point",
    "coordinates": [
     53.4406,
     57.7178
    ]
   }
  },
  {
   "type": "Feature",
   "properties": {
    "cell": 497,
    "market_cell": 1820,
    "cost_mi": 2820.0
   },
   "geometry": {
    "type": "Point",
    "coordinates": [
     51.7339,
     56.3189
    ]
   }
  },
  {
   "type": "Feature",
   "properties": {
    "cell": 498,
    "market_cell": 344,
    "cost_mi": 2571.0
   },
   "geometry": {
    "type": "Point",
    "coordinates": [
     56.5044,
     57.0032
    ]
   }
  },
  {
   "type": "Feature",
   "properties": {
    "cell": 499,
    "market_cell": 344,
    "cost_mi": 2246.5
   },
   "geometry": {
    "type": "Point",
    "coordinates": [
     59.5776,
     56.2923
    ]
   }
  },
  {
   "type": "Feature",
   "properties": {
    "cell": 500,
    "market_cell": 344,
    "cost_mi": 1937.6
   },
   "geometry": {
    "type": "Point",
    "coordinates": [
     61.7215,
     57.8813
    ]
   }
  },
  {
   "type": "Feature",
   "properties": {
    "cell": 501,
    "market_cell": 344,
    "cost_mi": 1704.9
   },
   "geometry": {
    "type": "Point",
    "coordinates": [
     63.7304,
     57.9573
    ]
   }
  },
  {
   "type": "Feature",
   "properties": {
    "cell": 502,
    "market_cell": 344,
    "cost_mi": 1696.4
   },
   "geometry": {
    "type": "Point",
    "coordinates": [
     67.8281,
     56.0053
    ]
   }
  },
  {
   "type": "Feature",
   "properties": {
    "cell": 503,
    "market_cell": 344,
    "cost_mi": 1468.3
   },
   "geometry": {
    "type": "Point",
    "coordinates": [
     71.7433,
     56.1725
    ]
   }
  },
  {
   "type": "Feature",
   "properties": {
    "cell": 504,
    "market_cell": 344,
    "cost_mi": 1239.6
   },
   "geometry": {
    "type": "Point",
    "coordinates": [
     74.6056,
     57.0773
    ]
   }
  },
  {
   "type": "Feature",
   "properties": {
    "cell": 506,
    "market_cell": 344,
    "cost_mi": 1155.5
   },
   "geometry": {
    "type": "Point",
    "coordinates": [
     83.0385,
     56.0965
    ]
   }
  },
  {
   "type": "Feature",
   "properties": {
    "cell": 507,
    "market_cell": 344,
    "cost_mi": 1022.5
   },
   "geometry": {
    "type": "Point",
    "coordinates": [
     84.6501,
     56.4748
    ]
   }
  },
  {
   "type": "Feature",
   "properties": {
    "cell": 508,
    "market_cell": 344,
    "cost_mi": 1023.9
   },
   "geometry": {
    "type": "Point",
    "coordinates": [
     90.1086,
     57.4631
    ]
   }
  },
  {
   "type": "Feature",
   "properties": {
    "cell": 509,
    "market_cell": 344,
    "cost_mi": 936.9
   },
   "geometry": {
    "type": "Point",
    "coordinates": [
     92.3893,
     58.7366
    ]
   }
  },
  {
   "type": "Feature",
   "properties": {
    "cell": 510,
    "market_cell": 344,
    "cost_mi": 1400.0
   },
   "geometry": {
    "type": "Point",
    "coordinates": [
     95.78,
     56.7998
    ]
   }
  },
  {
   "type": "Feature",
   "properties": {
    "cell": 511,
    "market_cell": 344,
    "cost_mi": 1208.0
   },
   "geometry": {
    "type": "Point",
    "coordinates": [
     98.4522,
     58.2976
    ]
   }
  },
  {
   "type": "Feature",
   "properties": {
    "cell": 512,
    "market_cell": 344,
    "cost_mi": 1249.7
   },
   "geometry": {
    "type": "Point",
    "coordinates": [
     101.5615,
     58.5979
    ]
   }
  },
  {
   "type": "Feature",
   "properties": {
    "cell": 513,
    "market_cell": 242,
    "cost_mi": 1007.5
   },
   "geometry": {
    "type": "Point",
    "coordinates": [
     105.9044,
     58.9058
    ]
   }
  },
  {
   "type": "Feature",
   "properties": {
    "cell": 514,
    "market_cell": 242,
    "cost_mi": 1195.3
   },
   "geometry": {
    "type": "Point",
    "coordinates": [
     108.4037,
     57.7901
    ]
   }
  },
  {
   "type": "Feature",
   "properties": {
    "cell": 515,
    "market_cell": 242,
    "cost_mi": 1405.3
   },
   "geometry": {
    "type": "Point",
    "coordinates": [
     111.8095,
     56.1935
    ]
   }
  },
  {
   "type": "Feature",
   "properties": {
    "cell": 516,
    "market_cell": 242,
    "cost_mi": 1374.1
   },
   "geometry": {
    "type": "Point",
    "coordinates": [
     116.4203,
     56.4843
    ]
   }
  },
  {
   "type": "Feature",
   "properties": {
    "cell": 517,
    "market_cell": 242,
    "cost_mi": 1642.5
   },
   "geometry": {
    "type": "Point",
    "coordinates": [
     120.3773,
     55.9597
    ]
   }
  },
  {
   "type": "Feature",
   "properties": {
    "cell": 518,
    "market_cell": 242,
    "cost_mi": 1827.2
   },
   "geometry": {
    "type": "Point",
    "coordinates": [
     124.6346,
     56.4444
    ]
   }
  },
  {
   "type": "Feature",
   "properties": {
    "cell": 519,
    "market_cell": 242,
    "cost_mi": 1867.1
   },
   "geometry": {
    "type": "Point",
    "coordinates": [
     126.9686,
     57.1248
    ]
   }
  },
  {
   "type": "Feature",
   "properties": {
    "cell": 520,
    "market_cell": 242,
    "cost_mi": 1969.3
   },
   "geometry": {
    "type": "Point",
    "coordinates": [
     130.7203,
     56.4843
    ]
   }
  },
  {
   "type": "Feature",
   "properties": {
    "cell": 521,
    "market_cell": 242,
    "cost_mi": 2141.2
   },
   "geometry": {
    "type": "Point",
    "coordinates": [
     130.9123,
     54.5132
    ]
   }
  },
  {
   "type": "Feature",
   "properties": {
    "cell": 537,
    "market_cell": 315,
    "cost_mi": 457.2
   },
   "geometry": {
    "type": "Point",
    "coordinates": [
     -78.7602,
     54.631
    ]
   }
  },
  {
   "type": "Feature",
   "properties": {
    "cell": 538,
    "market_cell": 315,
    "cost_mi": 533.0
   },
   "geometry": {
    "type": "Point",
    "coordinates": [
     -78.5132,
     52.0232
    ]
   }
  },
  {
   "type": "Feature",
   "properties": {
    "cell": 539,
    "market_cell": 315,
    "cost_mi": 500.4
   },
   "geometry": {
    "type": "Point",
    "coordinates": [
     -74.3775,
     52.9432
    ]
   }
  },
  {
   "type": "Feature",
   "properties": {
    "cell": 540,
    "market_cell": 315,
    "cost_mi": 338.1
   },
   "geometry": {
    "type": "Point",
    "coordinates": [
     -73.1098,
     54.3174
    ]
   }
  },
  {
   "type": "Feature",
   "properties": {
    "cell": 541,
    "market_cell": 315,
    "cost_mi": 382.0
   },
   "geometry": {
    "type": "Point",
    "coordinates": [
     -67.6076,
     52.5592
    ]
   }
  },
  {
   "type": "Feature",
   "properties": {
    "cell": 542,
    "market_cell": 315,
    "cost_mi": 304.1
   },
   "geometry": {
    "type": "Point",
    "coordinates": [
     -63.9376,
     55.4503
    ]
   }
  },
  {
   "type": "Feature",
   "properties": {
    "cell": 543,
    "market_cell": 315,
    "cost_mi": 353.2
   },
   "geometry": {
    "type": "Point",
    "coordinates": [
     -64.6009,
     53.7149
    ]
   }
  },
  {
   "type": "Feature",
   "properties": {
    "cell": 547,
    "market_cell": 461,
    "cost_mi": 444.5
   },
   "geometry": {
    "type": "Point",
    "coordinates": [
     -53.7029,
     54.5398
    ]
   }
  },
  {
   "type": "Feature",
   "properties": {
    "cell": 548,
    "market_cell": 461,
    "cost_mi": 513.2
   },
   "geometry": {
    "type": "Point",
    "coordinates": [
     -51.6769,
     53.6731
    ]
   }
  },
  {
   "type": "Feature",
   "properties": {
    "cell": 549,
    "market_cell": 461,
    "cost_mi": 412.7
   },
   "geometry": {
    "type": "Point",
    "coordinates": [
     -46.9844,
     53.0154
    ]
   }
  },
  {
   "type": "Feature",
   "properties": {
    "cell": 550,
    "market_cell": 461,
    "cost_mi": 197.1
   },
   "geometry": {
    "type": "Point",
    "coordinates": [
     -44.5212,
     53.2834
    ]
   }
  },
  {
   "type": "Feature",
   "properties": {
    "cell": 551,
    "market_cell": 461,
    "cost_mi": 273.7
   },
   "geometry": {
    "type": "Point",
    "coordinates": [
     -40.089,
     52.7683
    ]
   }
  },
  {
   "type": "Feature",
   "properties": {
    "cell": 552,
    "market_cell": 461,
    "cost_mi": 90.2
   },
   "geometry": {
    "type": "Point",
    "coordinates": [
     -37.3712,
     52.9128
    ]
   }
  },
  {
   "type": "Feature",
   "properties": {
    "cell": 553,
    "market_cell": 461,
    "cost_mi": 160.7
   },
   "geometry": {
    "type": "Point",
    "coordinates": [
     -37.8406,
     50.5216
    ]
   }
  },
  {
   "type": "Feature",
   "properties": {
    "cell": 554,
    "market_cell": 461,
    "cost_mi": 144.0
   },
   "geometry": {
    "type": "Point",
    "coordinates": [
     -35.5599,
     53.3347
    ]
   }
  },
  {
   "type": "Feature",
   "properties": {
    "cell": 555,
    "market_cell": 461,
    "cost_mi": 172.8
   },
   "geometry": {
    "type": "Point",
    "coordinates": [
     -33.7563,
     53.7757
    ]
   }
  },
  {
   "type": "Feature",
   "properties": {
    "cell": 556,
    "market_cell": 461,
    "cost_mi": 236.6
   },
   "geometry": {
    "type": "Point",
    "coordinates": [
     -31.6599,
     53.8479
    ]
   }
  },
  {
   "type": "Feature",
   "properties": {
    "cell": 565,
    "market_cell": 1715,
    "cost_mi": 2732.3
   },
   "geometry": {
    "type": "Point",
    "coordinates": [
     7.7696,
     53.1732
    ]
   }
  },
  {
   "type": "Feature",
   "properties": {
    "cell": 566,
    "market_cell": 1715,
    "cost_mi": 2726.3
   },
   "geometry": {
    "type": "Point",
    "coordinates": [
     5.9678,
     52.4414
    ]
   }
  },
  {
   "type": "Feature",
   "properties": {
    "cell": 567,
    "market_cell": 1715,
    "cost_mi": 2733.7
   },
   "geometry": {
    "type": "Point",
    "coordinates": [
     9.7766,
     54.0475
    ]
   }
  },
  {
   "type": "Feature",
   "properties": {
    "cell": 568,
    "market_cell": 1715,
    "cost_mi": 2704.6
   },
   "geometry": {
    "type": "Point",
    "coordinates": [
     11.4985,
     53.4868
    ]
   }
  },
  {
   "type": "Feature",
   "properties": {
    "cell": 569,
    "market_cell": 1715,
    "cost_mi": 2671.9
   },
   "geometry": {
    "type": "Point",
    "coordinates": [
     13.2015,
     52.9337
    ]
   }
  },
  {
   "type": "Feature",
   "properties": {
    "cell": 570,
    "market_cell": 1715,
    "cost_mi": 2644.6
   },
   "geometry": {
    "type": "Point",
    "coordinates": [
     15.4137,
     51.6621
    ]
   }
  },
  {
   "type": "Feature",
   "properties": {
    "cell": 578,
    "market_cell": 1820,
    "cost_mi": 3231.9
   },
   "geometry": {
    "type": "Point",
    "coordinates": [
     29.8316,
     54.0969
    ]
   }
  },
  {
   "type": "Feature",
   "properties": {
    "cell": 579,
    "market_cell": 1820,
    "cost_mi": 2947.0
   },
   "geometry": {
    "type": "Point",
    "coordinates": [
     33.1405,
     54.2053
    ]
   }
  },
  {
   "type": "Feature",
   "properties": {
    "cell": 580,
    "market_cell": 1820,
    "cost_mi": 2684.4
   },
   "geometry": {
    "type": "Point",
    "coordinates": [
     34.1535,
     52.1753
    ]
   }
  },
  {
   "type": "Feature",
   "properties": {
    "cell": 581,
    "market_cell": 1820,
    "cost_mi": 2929.8
   },
   "geometry": {
    "type": "Point",
    "coordinates": [
     36.7288,
     53.7035
    ]
   }
  },
  {
   "type": "Feature",
   "properties": {
    "cell": 582,
    "market_cell": 1820,
    "cost_mi": 2545.6
   },
   "geometry": {
    "type": "Point",
    "coordinates": [
     41.5487,
     52.7113
    ]
   }
  },
  {
   "type": "Feature",
   "properties": {
    "cell": 583,
    "market_cell": 1820,
    "cost_mi": 2797.3
   },
   "geometry": {
    "type": "Point",
    "coordinates": [
     43.2763,
     55.1861
    ]
   }
  },
  {
   "type": "Feature",
   "properties": {
    "cell": 584,
    "market_cell": 1820,
    "cost_mi": 2706.2
   },
   "geometry": {
    "type": "Point",
    "coordinates": [
     45.633,
     54.8173
    ]
   }
  },
  {
   "type": "Feature",
   "properties": {
    "cell": 585,
    "market_cell": 1820,
    "cost_mi": 2624.0
   },
   "geometry": {
    "type": "Point",
    "coordinates": [
     47.986,
     54.4467
    ]
   }
  },
  {
   "type": "Feature",
   "properties": {
    "cell": 586,
    "market_cell": 1820,
    "cost_mi": 2565.2
   },
   "geometry": {
    "type": "Point",
    "coordinates": [
     50.0386,
     54.9143
    ]
   }
  },
  {
   "type": "Feature",
   "properties": {
    "cell": 587,
    "market_cell": 1820,
    "cost_mi": 2515.0
   },
   "geometry": {
    "type": "Point",
    "coordinates": [
     53.4844,
     53.7073
    ]
   }
  },
  {
   "type": "Feature",
   "properties": {
    "cell": 588,
    "market_cell": 1820,
    "cost_mi": 2333.2
   },
   "geometry": {
    "type": "Point",
    "coordinates": [
     57.1316,
     53.6902
    ]
   }
  },
  {
   "type": "Feature",
   "properties": {
    "cell": 589,
    "market_cell": 344,
    "cost_mi": 2232.5
   },
   "geometry": {
    "type": "Point",
    "coordinates": [
     60.5602,
     55.6137
    ]
   }
  },
  {
   "type": "Feature",
   "properties": {
    "cell": 590,
    "market_cell": 344,
    "cost_mi": 2091.5
   },
   "geometry": {
    "type": "Point",
    "coordinates": [
     64.1162,
     54.8743
    ]
   }
  },
  {
   "type": "Feature",
   "properties": {
    "cell": 591,
    "market_cell": 344,
    "cost_mi": 1868.4
   },
   "geometry": {
    "type": "Point",
    "coordinates": [
     68.7632,
     54.6367
    ]
   }
  },
  {
   "type": "Feature",
   "properties": {
    "cell": 592,
    "market_cell": 344,
    "cost_mi": 1750.5
   },
   "geometry": {
    "type": "Point",
    "coordinates": [
     71.0857,
     53.8251
    ]
   }
  },
  {
   "type": "Feature",
   "properties": {
    "cell": 593,
    "market_cell": 344,
    "cost_mi": 1949.5
   },
   "geometry": {
    "type": "Point",
    "coordinates": [
     70.7588,
     52.1373
    ]
   }
  },
  {
   "type": "Feature",
   "properties": {
    "cell": 599,
    "market_cell": 344,
    "cost_mi": 1353.9
   },
   "geometry": {
    "type": "Point",
    "coordinates": [
     80.8509,
     53.8917
    ]
   }
  },
  {
   "type": "Feature",
   "properties": {
    "cell": 600,
    "market_cell": 344,
    "cost_mi": 1340.2
   },
   "geometry": {
    "type": "Point",
    "coordinates": [
     84.251,
     53.7586
    ]
   }
  },
  {
   "type": "Feature",
   "properties": {
    "cell": 601,
    "market_cell": 344,
    "cost_mi": 1381.9
   },
   "geometry": {
    "type": "Point",
    "coordinates": [
     90.3215,
     54.4809
    ]
   }
  },
  {
   "type": "Feature",
   "properties": {
    "cell": 602,
    "market_cell": 344,
    "cost_mi": 1371.5
   },
   "geometry": {
    "type": "Point",
    "coordinates": [
     93.1268,
     55.0549
    ]
   }
  },
  {
   "type": "Feature",
   "properties": {
    "cell": 603,
    "market_cell": 344,
    "cost_mi": 1670.8
   },
   "geometry": {
    "type": "Point",
    "coordinates": [
     94.6415,
     52.9584
    ]
   }
  },
  {
   "type": "Feature",
   "properties": {
    "cell": 604,
    "market_cell": 344,
    "cost_mi": 1708.1
   },
   "geometry": {
    "type": "Point",
    "coordinates": [
     99.5488,
     54.5265
    ]
   }
  },
  {
   "type": "Feature",
   "properties": {
    "cell": 605,
    "market_cell": 242,
    "cost_mi": 1851.9
   },
   "geometry": {
    "type": "Point",
    "coordinates": [
     102.8615,
     53.2872
    ]
   }
  },
  {
   "type": "Feature",
   "properties": {
    "cell": 606,
    "market_cell": 242,
    "cost_mi": 1472.4
   },
   "geometry": {
    "type": "Point",
    "coordinates": [
     105.3494,
     54.9276
    ]
   }
  },
  {
   "type": "Feature",
   "properties": {
    "cell": 607,
    "market_cell": 242,
    "cost_mi": 1598.8
   },
   "geometry": {
    "type": "Point",
    "coordinates": [
     108.9852,
     54.3535
    ]
   }
  },
  {
   "type": "Feature",
   "properties": {
    "cell": 608,
    "market_cell": 242,
    "cost_mi": 1467.2
   },
   "geometry": {
    "type": "Point",
    "coordinates": [
     114.305,
     55.475
    ]
   }
  },
  {
   "type": "Feature",
   "properties": {
    "cell": 609,
    "market_cell": 242,
    "cost_mi": 1568.4
   },
   "geometry": {
    "type": "Point",
    "coordinates": [
     116.8879,
     54.8724
    ]
   }
  },
  {
   "type": "Feature",
   "properties": {
    "cell": 610,
    "market_cell": 242,
    "cost_mi": 1920.4
   },
   "geometry": {
    "type": "Point",
    "coordinates": [
     119.4289,
     53.2017
    ]
   }
  },
  {
   "type": "Feature",
   "properties": {
    "cell": 611,
    "market_cell": 242,
    "cost_mi": 1859.3
   },
   "geometry": {
    "type": "Point",
    "coordinates": [
     117.4371,
     51.5671
    ]
   }
  },
  {
   "type": "Feature",
   "properties": {
    "cell": 612,
    "market_cell": 242,
    "cost_mi": 1931.8
   },
   "geometry": {
    "type": "Point",
    "coordinates": [
     121.8028,
     53.9069
    ]
   }
  },
  {
   "type": "Feature",
   "properties": {
    "cell": 613,
    "market_cell": 242,
    "cost_mi": 2103.5
   },
   "geometry": {
    "type": "Point",
    "coordinates": [
     122.3406,
     52.0042
    ]
   }
  },
  {
   "type": "Feature",
   "properties": {
    "cell": 614,
    "market_cell": 242,
    "cost_mi": 2192.3
   },
   "geometry": {
    "type": "Point",
    "coordinates": [
     126.9743,
     54.4866
    ]
   }
  },
  {
   "type": "Feature",
   "properties": {
    "cell": 615,
    "market_cell": 242,
    "cost_mi": 2323.4
   },
   "geometry": {
    "type": "Point",
    "coordinates": [
     131.0909,
     52.5611
    ]
   }
  },
  {
   "type": "Feature",
   "properties": {
    "cell": 616,
    "market_cell": 242,
    "cost_mi": 2544.2
   },
   "geometry": {
    "type": "Point",
    "coordinates": [
     128.9357,
     50.9398
    ]
   }
  },
  {
   "type": "Feature",
   "properties": {
    "cell": 621,
    "market_cell": 715,
    "cost_mi": 153.8
   },
   "geometry": {
    "type": "Point",
    "coordinates": [
     -101.5083,
     49.3375
    ]
   }
  },
  {
   "type": "Feature",
   "properties": {
    "cell": 622,
    "market_cell": 715,
    "cost_mi": 79.0
   },
   "geometry": {
    "type": "Point",
    "coordinates": [
     -98.9444,
     49.0011
    ]
   }
  },
  {
   "type": "Feature",
   "properties": {
    "cell": 623,
    "market_cell": 715,
    "cost_mi": 111.2
   },
   "geometry": {
    "type": "Point",
    "coordinates": [
     -99.0965,
     50.1035
    ]
   }
  },
  {
   "type": "Feature",
   "properties": {
    "cell": 625,
    "market_cell": 715,
    "cost_mi": 66.5
   },
   "geometry": {
    "type": "Point",
    "coordinates": [
     -96.6999,
     50.8866
    ]
   }
  },
  {
   "type": "Feature",
   "properties": {
    "cell": 626,
    "market_cell": 715,
    "cost_mi": 95.6
   },
   "geometry": {
    "type": "Point",
    "coordinates": [
     -94.9912,
     51.2439
    ]
   }
  },
  {
   "type": "Feature",
   "properties": {
    "cell": 627,
    "market_cell": 715,
    "cost_mi": 124.6
   },
   "geometry": {
    "type": "Point",
    "coordinates": [
     -93.2864,
     51.6051
    ]
   }
  },
  {
   "type": "Feature",
   "properties": {
    "cell": 628,
    "market_cell": 715,
    "cost_mi": 63.3
   },
   "geometry": {
    "type": "Point",
    "coordinates": [
     -94.8202,
     50.1415
    ]
   }
  },
  {
   "type": "Feature",
   "properties": {
    "cell": 631,
    "market_cell": 715,
    "cost_mi": 559.4
   },
   "geometry": {
    "type": "Point",
    "coordinates": [
     -86.5735,
     51.0329
    ]
   }
  },
  {
   "type": "Feature",
   "properties": {
    "cell": 632,
    "market_cell": 715,
    "cost_mi": 500.0
   },
   "geometry": {
    "type": "Point",
    "coordinates": [
     -86.4956,
     48.982
    ]
   }
  },
  {
   "type": "Feature",
   "properties": {
    "cell": 636,
    "market_cell": 315,
    "cost_mi": 577.3
   },
   "geometry": {
    "type": "Point",
    "coordinates": [
     -78.2566,
     49.4002
    ]
   }
  },
  {
   "type": "Feature",
   "properties": {
    "cell": 637,
    "market_cell": 315,
    "cost_mi": 531.6
   },
   "geometry": {
    "type": "Point",
    "coordinates": [
     -76.7152,
     49.7442
    ]
   }
  },
  {
   "type": "Feature",
   "properties": {
    "cell": 638,
    "market_cell": 315,
    "cost_mi": 420.9
   },
   "geometry": {
    "type": "Point",
    "coordinates": [
     -73.2961,
     51.4625
    ]
   }
  },
  {
   "type": "Feature",
   "properties": {
    "cell": 639,
    "market_cell": 315,
    "cost_mi": 568.3
   },
   "geometry": {
    "type": "Point",
    "coordinates": [
     -67.3491,
     50.4285
    ]
   }
  },
  {
   "type": "Feature",
   "properties": {
    "cell": 640,
    "market_cell": 315,
    "cost_mi": 406.5
   },
   "geometry": {
    "type": "Point",
    "coordinates": [
     -65.2604,
     51.9947
    ]
   }
  },
  {
   "type": "Feature",
   "properties": {
    "cell": 641,
    "market_cell": 315,
    "cost_mi": 452.1
   },
   "geometry": {
    "type": "Point",
    "coordinates": [
     -63.0044,
     50.6927
    ]
   }
  },
  {
   "type": "Feature",
   "properties": {
    "cell": 642,
    "market_cell": 315,
    "cost_mi": 539.3
   },
   "geometry": {
    "type": "Point",
    "coordinates": [
     -60.7503,
     49.4021
    ]
   }
  },
  {
   "type": "Feature",
   "properties": {
    "cell": 643,
    "market_cell": 461,
    "cost_mi": 653.8
   },
   "geometry": {
    "type": "Point",
    "coordinates": [
     -56.7743,
     49.729
    ]
   }
  },
  {
   "type": "Feature",
   "properties": {
    "cell": 644,
    "market_cell": 461,
    "cost_mi": 600.6
   },
   "geometry": {
    "type": "Point",
    "coordinates": [
     -55.136,
     50.5597
    ]
   }
  },
  {
   "type": "Feature",
   "properties": {
    "cell": 645,
    "market_cell": 461,
    "cost_mi": 554.7
   },
   "geometry": {
    "type": "Point",
    "coordinates": [
     -53.4977,
     51.3732
    ]
   }
  },
  {
   "type": "Feature",
   "properties": {
    "cell": 646,
    "market_cell": 461,
    "cost_mi": 549.9
   },
   "geometry": {
    "type": "Point",
    "coordinates": [
     -52.7602,
     51.5176
    ]
   }
  },
  {
   "type": "Feature",
   "properties": {
    "cell": 647,
    "market_cell": 461,
    "cost_mi": 466.1
   },
   "geometry": {
    "type": "Point",
    "coordinates": [
     -48.5865,
     50.1719
    ]
   }
  },
  {
   "type": "Feature",
   "properties": {
    "cell": 648,
    "market_cell": 461,
    "cost_mi": 313.2
   },
   "geometry": {
    "type": "Point",
    "coordinates": [
     -43.3029,
     50.0826
    ]
   }
  },
  {
   "type": "Feature",
   "properties": {
    "cell": 649,
    "market_cell": 461,
    "cost_mi": 246.6
   },
   "geometry": {
    "type": "Point",
    "coordinates": [
     -40.4825,
     49.9666
    ]
   }
  },
  {
   "type": "Feature",
   "properties": {
    "cell": 650,
    "market_cell": 461,
    "cost_mi": 212.1
   },
   "geometry": {
    "type": "Point",
    "coordinates": [
     -39.1197,
     49.5371
    ]
   }
  },
  {
   "type": "Feature",
   "properties": {
    "cell": 660,
    "market_cell": 1715,
    "cost_mi": 2748.0
   },
   "geometry": {
    "type": "Point",
    "coordinates": [
     4.1699,
     51.7134
    ]
   }
  },
  {
   "type": "Feature",
   "properties": {
    "cell": 661,
    "market_cell": 1715,
    "cost_mi": 2724.5
   },
   "geometry": {
    "type": "Point",
    "coordinates": [
     3.5921,
     49.8944
    ]
   }
  },
  {
   "type": "Feature",
   "properties": {
    "cell": 662,
    "market_cell": 1715,
    "cost_mi": 2621.3
   },
   "geometry": {
    "type": "Point",
    "coordinates": [
     7.8456,
     49.3375
    ]
   }
  },
  {
   "type": "Feature",
   "properties": {
    "cell": 663,
    "market_cell": 1715,
    "cost_mi": 2661.9
   },
   "geometry": {
    "type": "Point",
    "coordinates": [
     11.2268,
     52.0365
    ]
   }
  },
  {
   "type": "Feature",
   "properties": {
    "cell": 664,
    "market_cell": 1715,
    "cost_mi": 2625.9
   },
   "geometry": {
    "type": "Point",
    "coordinates": [
     13.6025,
     51.396
    ]
   }
  },
  {
   "type": "Feature",
   "properties": {
    "cell": 665,
    "market_cell": 1715,
    "cost_mi": 2570.7
   },
   "geometry": {
    "type": "Point",
    "coordinates": [
     17.626,
     50.3829
    ]
   }
  },
  {
   "type": "Feature",
   "properties": {
    "cell": 674,
    "market_cell": 1820,
    "cost_mi": 2593.3
   },
   "geometry": {
    "type": "Point",
    "coordinates": [
     35.1551,
     50.1624
    ]
   }
  },
  {
   "type": "Feature",
   "properties": {
    "cell": 675,
    "market_cell": 1820,
    "cost_mi": 2491.1
   },
   "geometry": {
    "type": "Point",
    "coordinates": [
     37.6753,
     50.0332
    ]
   }
  },
  {
   "type": "Feature",
   "properties": {
    "cell": 676,
    "market_cell": 1820,
    "cost_mi": 2387.6
   },
   "geometry": {
    "type": "Point",
    "coordinates": [
     42.5009,
     51.7324
    ]
   }
  },
  {
   "type": "Feature",
   "properties": {
    "cell": 677,
    "market_cell": 1820,
    "cost_mi": 2267.1
   },
   "geometry": {
    "type": "Point",
    "coordinates": [
     45.3917,
     51.031
    ]
   }
  },
  {
   "type": "Feature",
   "properties": {
    "cell": 678,
    "market_cell": 1820,
    "cost_mi": 2193.1
   },
   "geometry": {
    "type": "Point",
    "coordinates": [
     46.8665,
     49.9533
    ]
   }
  },
  {
   "type": "Feature",
   "properties": {
    "cell": 679,
    "market_cell": 1820,
    "cost_mi": 2070.4
   },
   "geometry": {
    "type": "Point",
    "coordinates": [
     51.0269,
     50.7554
    ]
   }
  },
  {
   "type": "Feature",
   "properties": {
    "cell": 680,
    "market_cell": 1820,
    "cost_mi": 2375.6
   },
   "geometry": {
    "type": "Point",
    "coordinates": [
     53.6117,
     51.6488
    ]
   }
  },
  {
   "type": "Feature",
   "properties": {
    "cell": 681,
    "market_cell": 1820,
    "cost_mi": 1911.6
   },
   "geometry": {
    "type": "Point",
    "coordinates": [
     57.6713,
     50.1928
    ]
   }
  },
  {
   "type": "Feature",
   "properties": {
    "cell": 682,
    "market_cell": 1820,
    "cost_mi": 2153.7
   },
   "geometry": {
    "type": "Point",
    "coordinates": [
     62.1567,
     51.4036
    ]
   }
  },
  {
   "type": "Feature",
   "properties": {
    "cell": 683,
    "market_cell": 1820,
    "cost_mi": 1887.3
   },
   "geometry": {
    "type": "Point",
    "coordinates": [
     63.8939,
     49.8944
    ]
   }
  },
  {
   "type": "Feature",
   "properties": {
    "cell": 684,
    "market_cell": 1820,
    "cost_mi": 1837.7
   },
   "geometry": {
    "type": "Point",
    "coordinates": [
     67.5506,
     49.8051
    ]
   }
  },
  {
   "type": "Feature",
   "properties": {
    "cell": 685,
    "market_cell": 1820,
    "cost_mi": 2026.4
   },
   "geometry": {
    "type": "Point",
    "coordinates": [
     70.4262,
     50.457
    ]
   }
  },
  {
   "type": "Feature",
   "properties": {
    "cell": 686,
    "market_cell": 1820,
    "cost_mi": 1768.9
   },
   "geometry": {
    "type": "Point",
    "coordinates": [
     72.4313,
     49.4952
    ]
   }
  },
  {
   "type": "Feature",
   "properties": {
    "cell": 689,
    "market_cell": 344,
    "cost_mi": 1736.2
   },
   "geometry": {
    "type": "Point",
    "coordinates": [
     82.4037,
     50.879
    ]
   }
  },
  {
   "type": "Feature",
   "properties": {
    "cell": 690,
    "market_cell": 344,
    "cost_mi": 1831.6
   },
   "geometry": {
    "type": "Point",
    "coordinates": [
     85.3058,
     49.7537
    ]
   }
  },
  {
   "type": "Feature",
   "properties": {
    "cell": 691,
    "market_cell": 344,
    "cost_mi": 1986.2
   },
   "geometry": {
    "type": "Point",
    "coordinates": [
     90.3671,
     49.6245
    ]
   }
  },
  {
   "type": "Feature",
   "properties": {
    "cell": 692,
    "market_cell": 344,
    "cost_mi": 1913.8
   },
   "geometry": {
    "type": "Point",
    "coordinates": [
     90.9601,
     49.9305
    ]
   }
  },
  {
   "type": "Feature",
   "properties": {
    "cell": 693,
    "market_cell": 344,
    "cost_mi": 1920.7
   },
   "geometry": {
    "type": "Point",
    "coordinates": [
     96.0822,
     51.8807
    ]
   }
  },
  {
   "type": "Feature",
   "properties": {
    "cell": 694,
    "market_cell": 344,
    "cost_mi": 2264.8
   },
   "geometry": {
    "type": "Point",
    "coordinates": [
     100.731,
     49.864
    ]
   }
  },
  {
   "type": "Feature",
   "properties": {
    "cell": 695,
    "market_cell": 242,
    "cost_mi": 2075.0
   },
   "geometry": {
    "type": "Point",
    "coordinates": [
     102.605,
     51.377
    ]
   }
  },
  {
   "type": "Feature",
   "properties": {
    "cell": 696,
    "market_cell": 242,
    "cost_mi": 2057.4
   },
   "geometry": {
    "type": "Point",
    "coordinates": [
     105.7656,
     49.9951
    ]
   }
  },
  {
   "type": "Feature",
   "properties": {
    "cell": 697,
    "market_cell": 242,
    "cost_mi": 1946.1
   },
   "geometry": {
    "type": "Point",
    "coordinates": [
     108.9111,
     51.4568
    ]
   }
  },
  {
   "type": "Feature",
   "properties": {
    "cell": 698,
    "market_cell": 242,
    "cost_mi": 1976.7
   },
   "geometry": {
    "type": "Point",
    "coordinates": [
     113.8374,
     49.6245
    ]
   }
  },
  {
   "type": "Feature",
   "properties": {
    "cell": 699,
    "market_cell": 242,
    "cost_mi": 1956.9
   },
   "geometry": {
    "type": "Point",
    "coordinates": [
     115.4453,
     49.9495
    ]
   }
  },
  {
   "type": "Feature",
   "properties": {
    "cell": 702,
    "market_cell": 242,
    "cost_mi": 2276.5
   },
   "geometry": {
    "type": "Point",
    "coordinates": [
     122.8842,
     50.0864
    ]
   }
  },
  {
   "type": "Feature",
   "properties": {
    "cell": 703,
    "market_cell": 242,
    "cost_mi": 2397.7
   },
   "geometry": {
    "type": "Point",
    "coordinates": [
     124.8304,
     49.7043
    ]
   }
  },
  {
   "type": "Feature",
   "properties": {
    "cell": 704,
    "market_cell": 242,
    "cost_mi": 2571.5
   },
   "geometry": {
    "type": "Point",
    "coordinates": [
     126.7918,
     49.3052
    ]
   }
  },
  {
   "type": "Feature",
   "properties": {
    "cell": 715,
    "market_cell": 715,
    "cost_mi": 0.0
   },
   "geometry": {
    "type": "Point",
    "coordinates": [
     -96.3654,
     48.6703
    ]
   }
  },
  {
   "type": "Feature",
   "properties": {
    "cell": 716,
    "market_cell": 715,
    "cost_mi": 83.5
   },
   "geometry": {
    "type": "Point",
    "coordinates": [
     -96.7398,
     45.8078
    ]
   }
  },
  {
   "type": "Feature",
   "properties": {
    "cell": 717,
    "market_cell": 715,
    "cost_mi": 52.2
   },
   "geometry": {
    "type": "Point",
    "coordinates": [
     -94.5731,
     48.4688
    ]
   }
  },
  {
   "type": "Feature",
   "properties": {
    "cell": 718,
    "market_cell": 715,
    "cost_mi": 98.8
   },
   "geometry": {
    "type": "Point",
    "coordinates": [
     -94.8772,
     45.5987
    ]
   }
  },
  {
   "type": "Feature",
   "properties": {
    "cell": 719,
    "market_cell": 715,
    "cost_mi": 104.8
   },
   "geometry": {
    "type": "Point",
    "coordinates": [
     -92.7675,
     48.2617
    ]
   }
  },
  {
   "type": "Feature",
   "properties": {
    "cell": 720,
    "market_cell": 715,
    "cost_mi": 151.4
   },
   "geometry": {
    "type": "Point",
    "coordinates": [
     -93.0716,
     45.3897
    ]
   }
  },
  {
   "type": "Feature",
   "properties": {
    "cell": 722,
    "market_cell": 715,
    "cost_mi": 440.4
   },
   "geometry": {
    "type": "Point",
    "coordinates": [
     -86.4367,
     46.9235
    ]
   }
  },
  {
   "type": "Feature",
   "properties": {
    "cell": 723,
    "market_cell": 715,
    "cost_mi": 410.7
   },
   "geometry": {
    "type": "Point",
    "coordinates": [
     -86.4006,
     45.0475
    ]
   }
  },
  {
   "type": "Feature",
   "properties": {
    "cell": 724,
    "market_cell": 715,
    "cost_mi": 383.0
   },
   "geometry": {
    "type": "Point",
    "coordinates": [
     -87.3509,
     45.1616
    ]
   }
  },
  {
   "type": "Feature",
   "properties": {
    "cell": 729,
    "market_cell": 315,
    "cost_mi": 810.9
   },
   "geometry": {
    "type": "Point",
    "coordinates": [
     -76.1279,
     46.7221
    ]
   }
  },
  {
   "type": "Feature",
   "properties": {
    "cell": 730,
    "market_cell": 715,
    "cost_mi": 696.1
   },
   "geometry": {
    "type": "Point",
    "coordinates": [
     -77.5439,
     45.5987
    ]
   }
  },
  {
   "type": "Feature",
   "properties": {
    "cell": 731,
    "market_cell": 315,
    "cost_mi": 519.5
   },
   "geometry": {
    "type": "Point",
    "coordinates": [
     -72.1975,
     48.6798
    ]
   }
  },
  {
   "type": "Feature",
   "properties": {
    "cell": 732,
    "market_cell": 315,
    "cost_mi": 629.3
   },
   "geometry": {
    "type": "Point",
    "coordinates": [
     -68.727,
     48.0336
    ]
   }
  },
  {
   "type": "Feature",
   "properties": {
    "cell": 733,
    "market_cell": 315,
    "cost_mi": 765.7
   },
   "geometry": {
    "type": "Point",
    "coordinates": [
     -66.3304,
     47.9975
    ]
   }
  },
  {
   "type": "Feature",
   "properties": {
    "cell": 734,
    "market_cell": 315,
    "cost_mi": 589.3
   },
   "geometry": {
    "type": "Point",
    "coordinates": [
     -62.8219,
     46.3704
    ]
   }
  },
  {
   "type": "Feature",
   "properties": {
    "cell": 735,
    "market_cell": 315,
    "cost_mi": 591.9
   },
   "geometry": {
    "type": "Point",
    "coordinates": [
     -59.0645,
     48.7178
    ]
   }
  },
  {
   "type": "Feature",
   "properties": {
    "cell": 736,
    "market_cell": 461,
    "cost_mi": 732.1
   },
   "geometry": {
    "type": "Point",
    "coordinates": [
     -54.7806,
     46.0302
    ]
   }
  },
  {
   "type": "Feature",
   "properties": {
    "cell": 737,
    "market_cell": 461,
    "cost_mi": 802.0
   },
   "geometry": {
    "type": "Point",
    "coordinates": [
     -51.4583,
     46.3628
    ]
   }
  },
  {
   "type": "Feature",
   "properties": {
    "cell": 738,
    "market_cell": 461,
    "cost_mi": 488.9
   },
   "geometry": {
    "type": "Point",
    "coordinates": [
     -48.1076,
     47.2581
    ]
   }
  },
  {
   "type": "Feature",
   "properties": {
    "cell": 739,
    "market_cell": 461,
    "cost_mi": 421.8
   },
   "geometry": {
    "type": "Point",
    "coordinates": [
     -45.8117,
     46.9483
    ]
   }
  },
  {
   "type": "Feature",
   "properties": {
    "cell": 740,
    "market_cell": 461,
    "cost_mi": 279.7
   },
   "geometry": {
    "type": "Point",
    "coordinates": [
     -41.1591,
     48.5164
    ]
   }
  },
  {
   "type": "Feature",
   "properties": {
    "cell": 741,
    "market_cell": 461,
    "cost_mi": 238.2
   },
   "geometry": {
    "type": "Point",
    "coordinates": [
     -38.3291,
     48.1381
    ]
   }
  },
  {
   "type": "Feature",
   "properties": {
    "cell": 742,
    "market_cell": 461,
    "cost_mi": 312.0
   },
   "geometry": {
    "type": "Point",
    "coordinates": [
     -40.1023,
     46.302
    ]
   }
  },
  {
   "type": "Feature",
   "properties": {
    "cell": 750,
    "market_cell": 1715,
    "cost_mi": 2899.6
   },
   "geometry": {
    "type": "Point",
    "coordinates": [
     -3.1322,
     46.9502
    ]
   }
  },
  {
   "type": "Feature",
   "properties": {
    "cell": 751,
    "market_cell": 1715,
    "cost_mi": 2851.5
   },
   "geometry": {
    "type": "Point",
    "coordinates": [
     -1.5262,
     47.3683
    ]
   }
  },
  {
   "type": "Feature",
   "properties": {
    "cell": 752,
    "market_cell": 1715,
    "cost_mi": 2785.2
   },
   "geometry": {
    "type": "Point",
    "coordinates": [
     0.7412,
     47.7086
    ]
   }
  },
  {
   "type": "Feature",
   "properties": {
    "cell": 753,
    "market_cell": 1715,
    "cost_mi": 2718.7
   },
   "geometry": {
    "type": "Point",
    "coordinates": [
     3.0124,
     48.0621
    ]
   }
  },
  {
   "type": "Feature",
   "properties": {
    "cell": 754,
    "market_cell": 1715,
    "cost_mi": 2588.0
   },
   "geometry": {
    "type": "Point",
    "coordinates": [
     7.437,
     47.1592
    ]
   }
  },
  {
   "type": "Feature",
   "properties": {
    "cell": 755,
    "market_cell": 1715,
    "cost_mi": 2495.4
   },
   "geometry": {
    "type": "Point",
    "coordinates": [
     10.3107,
     45.7527
    ]
   }
  },
  {
   "type": "Feature",
   "properties": {
    "cell": 756,
    "market_cell": 1715,
    "cost_mi": 2544.5
   },
   "geometry": {
    "type": "Point",
    "coordinates": [
     13.3744,
     48.5924
    ]
   }
  },
  {
   "type": "Feature",
   "properties": {
    "cell": 757,
    "market_cell": 1715,
    "cost_mi": 2456.2
   },
   "geometry": {
    "type": "Point",
    "coordinates": [
     16.1208,
     46.724
    ]
   }
  },
  {
   "type": "Feature",
   "properties": {
    "cell": 758,
    "market_cell": 1715,
    "cost_mi": 2561.2
   },
   "geometry": {
    "type": "Point",
    "coordinates": [
     19.1921,
     48.6817
    ]
   }
  },
  {
   "type": "Feature",
   "properties": {
    "cell": 759,
    "market_cell": 1715,
    "cost_mi": 2499.1
   },
   "geometry": {
    "type": "Point",
    "coordinates": [
     20.5073,
     46.9863
    ]
   }
  },
  {
   "type": "Feature",
   "properties": {
    "cell": 764,
    "market_cell": 1820,
    "cost_mi": 2593.5
   },
   "geometry": {
    "type": "Point",
    "coordinates": [
     35.3927,
     48.5012
    ]
   }
  },
  {
   "type": "Feature",
   "properties": {
    "cell": 765,
    "market_cell": 1820,
    "cost_mi": 2499.1
   },
   "geometry": {
    "type": "Point",
    "coordinates": [
     36.6471,
     46.5358
    ]
   }
  },
  {
   "type": "Feature",
   "properties": {
    "cell": 766,
    "market_cell": 1820,
    "cost_mi": 2259.2
   },
   "geometry": {
    "type": "Point",
    "coordinates": [
     42.5484,
     47.0281
    ]
   }
  },
  {
   "type": "Feature",
   "properties": {
    "cell": 767,
    "market_cell": 1820,
    "cost_mi": 2236.1
   },
   "geometry": {
    "type": "Point",
    "coordinates": [
     43.0577,
     46.8437
    ]
   }
  },
  {
   "type": "Feature",
   "properties": {
    "cell": 768,
    "market_cell": 1820,
    "cost_mi": 2055.7
   },
   "geometry": {
    "type": "Point",
    "coordinates": [
     47.5089,
     46.9273
    ]
   }
  },
  {
   "type": "Feature",
   "properties": {
    "cell": 769,
    "market_cell": 1820,
    "cost_mi": 1946.6
   },
   "geometry": {
    "type": "Point",
    "coordinates": [
     52.2851,
     48.2997
    ]
   }
  },
  {
   "type": "Feature",
   "properties": {
    "cell": 770,
    "market_cell": 1820,
    "cost_mi": 1831.4
   },
   "geometry": {
    "type": "Point",
    "coordinates": [
     54.4518,
     46.207
    ]
   }
  },
  {
   "type": "Feature",
   "properties": {
    "cell": 771,
    "market_cell": 1820,
    "cost_mi": 1842.2
   },
   "geometry": {
    "type": "Point",
    "coordinates": [
     57.774,
     48.4822
    ]
   }
  },
  {
   "type": "Feature",
   "properties": {
    "cell": 772,
    "market_cell": 1820,
    "cost_mi": 1846.1
   },
   "geometry": {
    "type": "Point",
    "coordinates": [
     61.5086,
     48.6171
    ]
   }
  },
  {
   "type": "Feature",
   "properties": {
    "cell": 773,
    "market_cell": 1820,
    "cost_mi": 1697.8
   },
   "geometry": {
    "type": "Point",
    "coordinates": [
     66.1365,
     46.3932
    ]
   }
  },
  {
   "type": "Feature",
   "properties": {
    "cell": 774,
    "market_cell": 1820,
    "cost_mi": 1709.2
   },
   "geometry": {
    "type": "Point",
    "coordinates": [
     68.307,
     46.8817
    ]
   }
  },
  {
   "type": "Feature",
   "properties": {
    "cell": 775,
    "market_cell": 1820,
    "cost_mi": 1650.9
   },
   "geometry": {
    "type": "Point",
    "coordinates": [
     71.9067,
     46.6289
    ]
   }
  },
  {
   "type": "Feature",
   "properties": {
    "cell": 776,
    "market_cell": 1735,
    "cost_mi": 1708.7
   },
   "geometry": {
    "type": "Point",
    "coordinates": [
     74.4364,
     48.5411
    ]
   }
  },
  {
   "type": "Feature",
   "properties": {
    "cell": 777,
    "market_cell": 1735,
    "cost_mi": 1631.0
   },
   "geometry": {
    "type": "Point",
    "coordinates": [
     75.4722,
     46.9293
    ]
   }
  },
  {
   "type": "Feature",
   "properties": {
    "cell": 778,
    "market_cell": 1735,
    "cost_mi": 1628.5
   },
   "geometry": {
    "type": "Point",
    "coordinates": [
     78.4086,
     47.1973
    ]
   }
  },
  {
   "type": "Feature",
   "properties": {
    "cell": 779,
    "market_cell": 1735,
    "cost_mi": 1961.6
   },
   "geometry": {
    "type": "Point",
    "coordinates": [
     80.9763,
     48.2465
    ]
   }
  },
  {
   "type": "Feature",
   "properties": {
    "cell": 780,
    "market_cell": 1735,
    "cost_mi": 2161.6
   },
   "geometry": {
    "type": "Point",
    "coordinates": [
     85.6289,
     47.0547
    ]
   }
  },
  {
   "type": "Feature",
   "properties": {
    "cell": 781,
    "market_cell": 344,
    "cost_mi": 2342.4
   },
   "geometry": {
    "type": "Point",
    "coordinates": [
     90.3861,
     46.6936
    ]
   }
  },
  {
   "type": "Feature",
   "properties": {
    "cell": 782,
    "market_cell": 344,
    "cost_mi": 2337.8
   },
   "geometry": {
    "type": "Point",
    "coordinates": [
     92.0719,
     46.6232
    ]
   }
  },
  {
   "type": "Feature",
   "properties": {
    "cell": 783,
    "market_cell": 344,
    "cost_mi": 2490.8
   },
   "geometry": {
    "type": "Point",
    "coordinates": [
     95.2877,
     47.0205
    ]
   }
  },
  {
   "type": "Feature",
   "properties": {
    "cell": 784,
    "market_cell": 1735,
    "cost_mi": 2455.1
   },
   "geometry": {
    "type": "Point",
    "coordinates": [
     98.3325,
     46.7012
    ]
   }
  },
  {
   "type": "Feature",
   "properties": {
    "cell": 785,
    "market_cell": 242,
    "cost_mi": 2480.7
   },
   "geometry": {
    "type": "Point",
    "coordinates": [
     103.0592,
     47.5356
    ]
   }
  },
  {
   "type": "Feature",
   "properties": {
    "cell": 786,
    "market_cell": 242,
    "cost_mi": 2312.3
   },
   "geometry": {
    "type": "Point",
    "coordinates": [
     106.1192,
     47.0794
    ]
   }
  },
  {
   "type": "Feature",
   "properties": {
    "cell": 787,
    "market_cell": 242,
    "cost_mi": 2385.4
   },
   "geometry": {
    "type": "Point",
    "coordinates": [
     110.4316,
     46.3742
    ]
   }
  },
  {
   "type": "Feature",
   "properties": {
    "cell": 788,
    "market_cell": 242,
    "cost_mi": 2091.0
   },
   "geometry": {
    "type": "Point",
    "coordinates": [
     114.2518,
     48.3738
    ]
   }
  },
  {
   "type": "Feature",
   "properties": {
    "cell": 789,
    "market_cell": 242,
    "cost_mi": 2321.8
   },
   "geometry": {
    "type": "Point",
    "coordinates": [
     115.031,
     45.8325
    ]
   }
  },
  {
   "type": "Feature",
   "properties": {
    "cell": 791,
    "market_cell": 242,
    "cost_mi": 2516.8
   },
   "geometry": {
    "type": "Point",
    "coordinates": [
     124.4351,
     47.7941
    ]
   }
  },
  {
   "type": "Feature",
   "properties": {
    "cell": 792,
    "market_cell": 242,
    "cost_mi": 2644.8
   },
   "geometry": {
    "type": "Point",
    "coordinates": [
     123.652,
     46.0549
    ]
   }
  },
  {
   "type": "Feature",
   "properties": {
    "cell": 793,
    "market_cell": 242,
    "cost_mi": 2706.1
   },
   "geometry": {
    "type": "Point",
    "coordinates": [
     125.6477,
     46.1499
    ]
   }
  },
  {
   "type": "Feature",
   "properties": {
    "cell": 810,
    "market_cell": 715,
    "cost_mi": 167.0
   },
   "geometry": {
    "type": "Point",
    "coordinates": [
     -97.118,
     42.9472
    ]
   }
  },
  {
   "type": "Feature",
   "properties": {
    "cell": 811,
    "market_cell": 715,
    "cost_mi": 181.9
   },
   "geometry": {
    "type": "Point",
    "coordinates": [
     -95.2383,
     42.7476
    ]
   }
  },
  {
   "type": "Feature",
   "properties": {
    "cell": 812,
    "market_cell": 715,
    "cost_mi": 197.6
   },
   "geometry": {
    "type": "Point",
    "coordinates": [
     -93.3776,
     42.5309
    ]
   }
  },
  {
   "type": "Feature",
   "properties": {
    "cell": 813,
    "market_cell": 715,
    "cost_mi": 246.7
   },
   "geometry": {
    "type": "Point",
    "coordinates": [
     -90.8289,
     42.9757
    ]
   }
  },
  {
   "type": "Feature",
   "properties": {
    "cell": 814,
    "market_cell": 715,
    "cost_mi": 248.5
   },
   "geometry": {
    "type": "Point",
    "coordinates": [
     -92.4444,
     41.037
    ]
   }
  },
  {
   "type": "Feature",
   "properties": {
    "cell": 815,
    "market_cell": 715,
    "cost_mi": 325.7
   },
   "geometry": {
    "type": "Point",
    "coordinates": [
     -88.2651,
     43.4072
    ]
   }
  },
  {
   "type": "Feature",
   "properties": {
    "cell": 816,
    "market_cell": 715,
    "cost_mi": 407.8
   },
   "geometry": {
    "type": "Point",
    "coordinates": [
     -89.8977,
     41.4741
    ]
   }
  },
  {
   "type": "Feature",
   "properties": {
    "cell": 817,
    "market_cell": 715,
    "cost_mi": 385.0
   },
   "geometry": {
    "type": "Point",
    "coordinates": [
     -86.374,
     43.1677
    ]
   }
  },
  {
   "type": "Feature",
   "properties": {
    "cell": 819,
    "market_cell": 715,
    "cost_mi": 631.7
   },
   "geometry": {
    "type": "Point",
    "coordinates": [
     -78.975,
     44.4887
    ]
   }
  },
  {
   "type": "Feature",
   "properties": {
    "cell": 820,
    "market_cell": 715,
    "cost_mi": 556.7
   },
   "geometry": {
    "type": "Point",
    "coordinates": [
     -81.212,
     43.1848
    ]
   }
  },
  {
   "type": "Feature",
   "properties": {
    "cell": 821,
    "market_cell": 315,
    "cost_mi": 646.8
   },
   "geometry": {
    "type": "Point",
    "coordinates": [
     -74.1361,
     44.7301
    ]
   }
  },
  {
   "type": "Feature",
   "properties": {
    "cell": 822,
    "market_cell": 315,
    "cost_mi": 661.2
   },
   "geometry": {
    "type": "Point",
    "coordinates": [
     -72.781,
     44.1599
    ]
   }
  },
  {
   "type": "Feature",
   "properties": {
    "cell": 823,
    "market_cell": 315,
    "cost_mi": 685.1
   },
   "geometry": {
    "type": "Point",
    "coordinates": [
     -69.6678,
     43.9945
    ]
   }
  },
  {
   "type": "Feature",
   "properties": {
    "cell": 824,
    "market_cell": 315,
    "cost_mi": 727.1
   },
   "geometry": {
    "type": "Point",
    "coordinates": [
     -65.439,
     42.3903
    ]
   }
  },
  {
   "type": "Feature",
   "properties": {
    "cell": 825,
    "market_cell": 315,
    "cost_mi": 697.1
   },
   "geometry": {
    "type": "Point",
    "coordinates": [
     -61.9077,
     42.759
    ]
   }
  },
  {
   "type": "Feature",
   "properties": {
    "cell": 826,
    "market_cell": 315,
    "cost_mi": 704.0
   },
   "geometry": {
    "type": "Point",
    "coordinates": [
     -57.3863,
     45.2281
    ]
   }
  },
  {
   "type": "Feature",
   "properties": {
    "cell": 827,
    "market_cell": 461,
    "cost_mi": 736.8
   },
   "geometry": {
    "type": "Point",
    "coordinates": [
     -55.2538,
     44.1979
    ]
   }
  },
  {
   "type": "Feature",
   "properties": {
    "cell": 828,
    "market_cell": 461,
    "cost_mi": 599.1
   },
   "geometry": {
    "type": "Point",
    "coordinates": [
     -50.5175,
     43.7569
    ]
   }
  },
  {
   "type": "Feature",
   "properties": {
    "cell": 829,
    "market_cell": 461,
    "cost_mi": 512.4
   },
   "geometry": {
    "type": "Point",
    "coordinates": [
     -47.583,
     44.3671
    ]
   }
  },
  {
   "type": "Feature",
   "properties": {
    "cell": 830,
    "market_cell": 461,
    "cost_mi": 473.6
   },
   "geometry": {
    "type": "Point",
    "coordinates": [
     -44.8462,
     44.6199
    ]
   }
  },
  {
   "type": "Feature",
   "properties": {
    "cell": 831,
    "market_cell": 461,
    "cost_mi": 387.7
   },
   "geometry": {
    "type": "Point",
    "coordinates": [
     -41.8813,
     44.4716
    ]
   }
  },
  {
   "type": "Feature",
   "properties": {
    "cell": 832,
    "market_cell": 461,
    "cost_mi": 449.9
   },
   "geometry": {
    "type": "Point",
    "coordinates": [
     -40.7675,
     42.6336
    ]
   }
  },
  {
   "type": "Feature",
   "properties": {
    "cell": 833,
    "market_cell": 461,
    "cost_mi": 459.4
   },
   "geometry": {
    "type": "Point",
    "coordinates": [
     -43.4284,
     42.5385
    ]
   }
  },
  {
   "type": "Feature",
   "properties": {
    "cell": 838,
    "market_cell": 1715,
    "cost_mi": 2888.3
   },
   "geometry": {
    "type": "Point",
    "coordinates": [
     -3.5978,
     43.563
    ]
   }
  },
  {
   "type": "Feature",
   "properties": {
    "cell": 839,
    "market_cell": 1715,
    "cost_mi": 2798.2
   },
   "geometry": {
    "type": "Point",
    "coordinates": [
     -0.612,
     44.1314
    ]
   }
  },
  {
   "type": "Feature",
   "properties": {
    "cell": 840,
    "market_cell": 1715,
    "cost_mi": 2677.9
   },
   "geometry": {
    "type": "Point",
    "coordinates": [
     3.4325,
     45.0855
    ]
   }
  },
  {
   "type": "Feature",
   "properties": {
    "cell": 841,
    "market_cell": 1715,
    "cost_mi": 2600.7
   },
   "geometry": {
    "type": "Point",
    "coordinates": [
     5.7854,
     44.1238
    ]
   }
  },
  {
   "type": "Feature",
   "properties": {
    "cell": 842,
    "market_cell": 1715,
    "cost_mi": 2440.8
   },
   "geometry": {
    "type": "Point",
    "coordinates": [
     10.8923,
     43.9584
    ]
   }
  },
  {
   "type": "Feature",
   "properties": {
    "cell": 843,
    "market_cell": 1715,
    "cost_mi": 2393.9
   },
   "geometry": {
    "type": "Point",
    "coordinates": [
     13.7773,
     43.4034
    ]
   }
  },
  {
   "type": "Feature",
   "properties": {
    "cell": 844,
    "market_cell": 1715,
    "cost_mi": 2328.3
   },
   "geometry": {
    "type": "Point",
    "coordinates": [
     16.174,
     42.3029
    ]
   }
  },
  {
   "type": "Feature",
   "properties": {
    "cell": 845,
    "market_cell": 1715,
    "cost_mi": 2412.4
   },
   "geometry": {
    "type": "Point",
    "coordinates": [
     21.8225,
     45.2984
    ]
   }
  },
  {
   "type": "Feature",
   "properties": {
    "cell": 846,
    "market_cell": 1715,
    "cost_mi": 2366.3
   },
   "geometry": {
    "type": "Point",
    "coordinates": [
     22.4763,
     44.3652
    ]
   }
  },
  {
   "type": "Feature",
   "properties": {
    "cell": 847,
    "market_cell": 1715,
    "cost_mi": 2337.5
   },
   "geometry": {
    "type": "Point",
    "coordinates": [
     25.6959,
     43.641
    ]
   }
  },
  {
   "type": "Feature",
   "properties": {
    "cell": 848,
    "market_cell": 1715,
    "cost_mi": 2361.4
   },
   "geometry": {
    "type": "Point",
    "coordinates": [
     28.8965,
     42.9301
    ]
   }
  },
  {
   "type": "Feature",
   "properties": {
    "cell": 849,
    "market_cell": 1715,
    "cost_mi": 2274.8
   },
   "geometry": {
    "type": "Point",
    "coordinates": [
     27.9006,
     41.037
    ]
   }
  },
  {
   "type": "Feature",
   "properties": {
    "cell": 854,
    "market_cell": 1820,
    "cost_mi": 2418.8
   },
   "geometry": {
    "type": "Point",
    "coordinates": [
     37.9908,
     43.6638
    ]
   }
  },
  {
   "type": "Feature",
   "properties": {
    "cell": 855,
    "market_cell": 1820,
    "cost_mi": 2403.8
   },
   "geometry": {
    "type": "Point",
    "coordinates": [
     36.6623,
     42.1014
    ]
   }
  },
  {
   "type": "Feature",
   "properties": {
    "cell": 856,
    "market_cell": 1820,
    "cost_mi": 2349.8
   },
   "geometry": {
    "type": "Point",
    "coordinates": [
     39.6291,
     43.2019
    ]
   }
  },
  {
   "type": "Feature",
   "properties": {
    "cell": 857,
    "market_cell": 1820,
    "cost_mi": 2235.9
   },
   "geometry": {
    "type": "Point",
    "coordinates": [
     42.9931,
     44.8213
    ]
   }
  },
  {
   "type": "Feature",
   "properties": {
    "cell": 858,
    "market_cell": 1820,
    "cost_mi": 1867.7
   },
   "geometry": {
    "type": "Point",
    "coordinates": [
     49.419,
     43.1639
    ]
   }
  },
  {
   "type": "Feature",
   "properties": {
    "cell": 859,
    "market_cell": 1820,
    "cost_mi": 1756.1
   },
   "geometry": {
    "type": "Point",
    "coordinates": [
     52.1083,
     42.5747
    ]
   }
  },
  {
   "type": "Feature",
   "properties": {
    "cell": 860,
    "market_cell": 1820,
    "cost_mi": 1780.4
   },
   "geometry": {
    "type": "Point",
    "coordinates": [
     54.408,
     44.7871
    ]
   }
  },
  {
   "type": "Feature",
   "properties": {
    "cell": 861,
    "market_cell": 1820,
    "cost_mi": 1647.0
   },
   "geometry": {
    "type": "Point",
    "coordinates": [
     58.519,
     44.1656
    ]
   }
  },
  {
   "type": "Feature",
   "properties": {
    "cell": 862,
    "market_cell": 1820,
    "cost_mi": 1693.1
   },
   "geometry": {
    "type": "Point",
    "coordinates": [
     60.8567,
     45.325
    ]
   }
  },
  {
   "type": "Feature",
   "properties": {
    "cell": 863,
    "market_cell": 1820,
    "cost_mi": 1581.3
   },
   "geometry": {
    "type": "Point",
    "coordinates": [
     65.6709,
     43.6942
    ]
   }
  },
  {
   "type": "Feature",
   "properties": {
    "cell": 864,
    "market_cell": 1820,
    "cost_mi": 1621.1
   },
   "geometry": {
    "type": "Point",
    "coordinates": [
     69.5956,
     45.1293
    ]
   }
  },
  {
   "type": "Feature",
   "properties": {
    "cell": 865,
    "market_cell": 1820,
    "cost_mi": 1534.8
   },
   "geometry": {
    "type": "Point",
    "coordinates": [
     72.9939,
     43.9774
    ]
   }
  },
  {
   "type": "Feature",
   "properties": {
    "cell": 866,
    "market_cell": 1735,
    "cost_mi": 1553.9
   },
   "geometry": {
    "type": "Point",
    "coordinates": [
     76.508,
     45.3307
    ]
   }
  },
  {
   "type": "Feature",
   "properties": {
    "cell": 867,
    "market_cell": 1735,
    "cost_mi": 1425.0
   },
   "geometry": {
    "type": "Point",
    "coordinates": [
     77.3975,
     42.2762
    ]
   }
  },
  {
   "type": "Feature",
   "properties": {
    "cell": 868,
    "market_cell": 1735,
    "cost_mi": 1464.8
   },
   "geometry": {
    "type": "Point",
    "coordinates": [
     82.4854,
     42.4207
    ]
   }
  },
  {
   "type": "Feature",
   "properties": {
    "cell": 869,
    "market_cell": 1735,
    "cost_mi": 1914.5
   },
   "geometry": {
    "type": "Point",
    "coordinates": [
     86.4253,
     44.3423
    ]
   }
  },
  {
   "type": "Feature",
   "properties": {
    "cell": 870,
    "market_cell": 1735,
    "cost_mi": 2178.3
   },
   "geometry": {
    "type": "Point",
    "coordinates": [
     89.1678,
     44.5324
    ]
   }
  },
  {
   "type": "Feature",
   "properties": {
    "cell": 871,
    "market_cell": 1735,
    "cost_mi": 2091.1
   },
   "geometry": {
    "type": "Point",
    "coordinates": [
     92.0985,
     43.3616
    ]
   }
  },
  {
   "type": "Feature",
   "properties": {
    "cell": 872,
    "market_cell": 1735,
    "cost_mi": 2179.9
   },
   "geometry": {
    "type": "Point",
    "coordinates": [
     96.0651,
     42.8065
    ]
   }
  },
  {
   "type": "Feature",
   "properties": {
    "cell": 873,
    "market_cell": 1735,
    "cost_mi": 2040.0
   },
   "geometry": {
    "type": "Point",
    "coordinates": [
     98.7943,
     43.1449
    ]
   }
  },
  {
   "type": "Feature",
   "properties": {
    "cell": 874,
    "market_cell": 1735,
    "cost_mi": 2180.2
   },
   "geometry": {
    "type": "Point",
    "coordinates": [
     103.4906,
     43.985
    ]
   }
  },
  {
   "type": "Feature",
   "properties": {
    "cell": 875,
    "market_cell": 1735,
    "cost_mi": 2306.0
   },
   "geometry": {
    "type": "Point",
    "coordinates": [
     104.8268,
     44.5457
    ]
   }
  },
  {
   "type": "Feature",
   "properties": {
    "cell": 876,
    "market_cell": 1735,
    "cost_mi": 2538.8
   },
   "geometry": {
    "type": "Point",
    "coordinates": [
     108.951,
     44.5001
    ]
   }
  },
  {
   "type": "Feature",
   "properties": {
    "cell": 877,
    "market_cell": 242,
    "cost_mi": 2423.9
   },
   "geometry": {
    "type": "Point",
    "coordinates": [
     112.5716,
     45.0817
    ]
   }
  },
  {
   "type": "Feature",
   "properties": {
    "cell": 878,
    "market_cell": 242,
    "cost_mi": 2387.2
   },
   "geometry": {
    "type": "Point",
    "coordinates": [
     115.1374,
     45.2262
    ]
   }
  },
  {
   "type": "Feature",
   "properties": {
    "cell": 879,
    "market_cell": 242,
    "cost_mi": 2620.9
   },
   "geometry": {
    "type": "Point",
    "coordinates": [
     115.2895,
     42.5385
    ]
   }
  },
  {
   "type": "Feature",
   "properties": {
    "cell": 880,
    "market_cell": 242,
    "cost_mi": 2530.6
   },
   "geometry": {
    "type": "Point",
    "coordinates": [
     116.848,
     44.4773
    ]
   }
  },
  {
   "type": "Feature",
   "properties": {
    "cell": 881,
    "market_cell": 242,
    "cost_mi": 2691.5
   },
   "geometry": {
    "type": "Point",
    "coordinates": [
     118.549,
     43.7398
    ]
   }
  },
  {
   "type": "Feature",
   "properties": {
    "cell": 882,
    "market_cell": 242,
    "cost_mi": 2763.6
   },
   "geometry": {
    "type": "Point",
    "coordinates": [
     117.0,
     41.7973
    ]
   }
  },
  {
   "type": "Feature",
   "properties": {
    "cell": 883,
    "market_cell": 242,
    "cost_mi": 2882.2
   },
   "geometry": {
    "type": "Point",
    "coordinates": [
     120.7251,
     44.0401
    ]
   }
  },
  {
   "type": "Feature",
   "properties": {
    "cell": 884,
    "market_cell": 242,
    "cost_mi": 2844.7
   },
   "geometry": {
    "type": "Point",
    "coordinates": [
     119.9079,
     42.6146
    ]
   }
  },
  {
   "type": "Feature",
   "properties": {
    "cell": 885,
    "market_cell": 242,
    "cost_mi": 2808.6
   },
   "geometry": {
    "type": "Point",
    "coordinates": [
     122.8823,
     44.3309
    ]
   }
  },
  {
   "type": "Feature",
   "properties": {
    "cell": 886,
    "market_cell": 242,
    "cost_mi": 2912.6
   },
   "geometry": {
    "type": "Point",
    "coordinates": [
     125.6515,
     43.7056
    ]
   }
  },
  {
   "type": "Feature",
   "properties": {
    "cell": 887,
    "market_cell": 242,
    "cost_mi": 2979.5
   },
   "geometry": {
    "type": "Point",
    "coordinates": [
     123.462,
     42.5956
    ]
   }
  },
  {
   "type": "Feature",
   "properties": {
    "cell": 888,
    "market_cell": 242,
    "cost_mi": 3124.7
   },
   "geometry": {
    "type": "Point",
    "coordinates": [
     125.9327,
     41.4171
    ]
   }
  },
  {
   "type": "Feature",
   "properties": {
    "cell": 889,
    "market_cell": 242,
    "cost_mi": 3108.3
   },
   "geometry": {
    "type": "Point",
    "coordinates": [
     124.4123,
     41.4551
    ]
   }
  },
  {
   "type": "Feature",
   "properties": {
    "cell": 914,
    "market_cell": 715,
    "cost_mi": 407.8
   },
   "geometry": {
    "type": "Point",
    "coordinates": [
     -91.5284,
     39.5487
    ]
   }
  },
  {
   "type": "Feature",
   "properties": {
    "cell": 915,
    "market_cell": 715,
    "cost_mi": 448.7
   },
   "geometry": {
    "type": "Point",
    "coordinates": [
     -90.962,
     37.9197
    ]
   }
  },
  {
   "type": "Feature",
   "properties": {
    "cell": 916,
    "market_cell": 715,
    "cost_mi": 632.7
   },
   "geometry": {
    "type": "Point",
    "coordinates": [
     -87.8374,
     40.1455
    ]
   }
  },
  {
   "type": "Feature",
   "properties": {
    "cell": 917,
    "market_cell": 715,
    "cost_mi": 514.2
   },
   "geometry": {
    "type": "Point",
    "coordinates": [
     -85.1804,
     39.1913
    ]
   }
  },
  {
   "type": "Feature",
   "properties": {
    "cell": 918,
    "market_cell": 715,
    "cost_mi": 481.7
   },
   "geometry": {
    "type": "Point",
    "coordinates": [
     -83.4604,
     41.8904
    ]
   }
  },
  {
   "type": "Feature",
   "properties": {
    "cell": 919,
    "market_cell": 715,
    "cost_mi": 623.3
   },
   "geometry": {
    "type": "Point",
    "coordinates": [
     -78.9807,
     41.0864
    ]
   }
  },
  {
   "type": "Feature",
   "properties": {
    "cell": 920,
    "market_cell": 715,
    "cost_mi": 697.3
   },
   "geometry": {
    "type": "Point",
    "coordinates": [
     -76.4985,
     41.3487
    ]
   }
  },
  {
   "type": "Feature",
   "properties": {
    "cell": 921,
    "market_cell": 315,
    "cost_mi": 1041.6
   },
   "geometry": {
    "type": "Point",
    "coordinates": [
     -72.589,
     39.7825
    ]
   }
  },
  {
   "type": "Feature",
   "properties": {
    "cell": 922,
    "market_cell": 315,
    "cost_mi": 941.8
   },
   "geometry": {
    "type": "Point",
    "coordinates": [
     -69.8446,
     41.0427
    ]
   }
  },
  {
   "type": "Feature",
   "properties": {
    "cell": 923,
    "market_cell": 315,
    "cost_mi": 772.3
   },
   "geometry": {
    "type": "Point",
    "coordinates": [
     -64.4374,
     41.1947
    ]
   }
  },
  {
   "type": "Feature",
   "properties": {
    "cell": 924,
    "market_cell": 315,
    "cost_mi": 810.5
   },
   "geometry": {
    "type": "Point",
    "coordinates": [
     -61.7823,
     41.4589
    ]
   }
  },
  {
   "type": "Feature",
   "properties": {
    "cell": 925,
    "market_cell": 461,
    "cost_mi": 865.0
   },
   "geometry": {
    "type": "Point",
    "coordinates": [
     -57.8785,
     38.9861
    ]
   }
  },
  {
   "type": "Feature",
   "properties": {
    "cell": 926,
    "market_cell": 461,
    "cost_mi": 705.1
   },
   "geometry": {
    "type": "Point",
    "coordinates": [
     -53.6326,
     41.8353
    ]
   }
  },
  {
   "type": "Feature",
   "properties": {
    "cell": 927,
    "market_cell": 461,
    "cost_mi": 711.8
   },
   "geometry": {
    "type": "Point",
    "coordinates": [
     -52.2376,
     40.2634
    ]
   }
  },
  {
   "type": "Feature",
   "properties": {
    "cell": 928,
    "market_cell": 461,
    "cost_mi": 618.9
   },
   "geometry": {
    "type": "Point",
    "coordinates": [
     -47.9822,
     40.1379
    ]
   }
  },
  {
   "type": "Feature",
   "properties": {
    "cell": 929,
    "market_cell": 461,
    "cost_mi": 530.7
   },
   "geometry": {
    "type": "Point",
    "coordinates": [
     -44.9716,
     40.6169
    ]
   }
  },
  {
   "type": "Feature",
   "properties": {
    "cell": 930,
    "market_cell": 461,
    "cost_mi": 585.6
   },
   "geometry": {
    "type": "Point",
    "coordinates": [
     -45.424,
     38.7751
    ]
   }
  },
  {
   "type": "Feature",
   "properties": {
    "cell": 931,
    "market_cell": 461,
    "cost_mi": 521.1
   },
   "geometry": {
    "type": "Point",
    "coordinates": [
     -42.326,
     40.7138
    ]
   }
  },
  {
   "type": "Feature",
   "properties": {
    "cell": 932,
    "market_cell": 461,
    "cost_mi": 511.6
   },
   "geometry": {
    "type": "Point",
    "coordinates": [
     -39.6728,
     40.8032
    ]
   }
  },
  {
   "type": "Feature",
   "properties": {
    "cell": 940,
    "market_cell": 1715,
    "cost_mi": 2877.0
   },
   "geometry": {
    "type": "Point",
    "coordinates": [
     -4.7572,
     40.8127
    ]
   }
  },
  {
   "type": "Feature",
   "properties": {
    "cell": 941,
    "market_cell": 1715,
    "cost_mi": 2954.9
   },
   "geometry": {
    "type": "Point",
    "coordinates": [
     -6.1199,
     38.49
    ]
   }
  },
  {
   "type": "Feature",
   "properties": {
    "cell": 942,
    "market_cell": 1715,
    "cost_mi": 2727.6
   },
   "geometry": {
    "type": "Point",
    "coordinates": [
     0.2509,
     39.5601
    ]
   }
  },
  {
   "type": "Feature",
   "properties": {
    "cell": 943,
    "market_cell": 1715,
    "cost_mi": 2617.5
   },
   "geometry": {
    "type": "Point",
    "coordinates": [
     3.708,
     39.5411
    ]
   }
  },
  {
   "type": "Feature",
   "properties": {
    "cell": 944,
    "market_cell": 1715,
    "cost_mi": 2484.5
   },
   "geometry": {
    "type": "Point",
    "coordinates": [
     7.7867,
     39.6494
    ]
   }
  },
  {
   "type": "Feature",
   "properties": {
    "cell": 945,
    "market_cell": 1715,
    "cost_mi": 2439.9
   },
   "geometry": {
    "type": "Point",
    "coordinates": [
     9.3129,
     39.8604
    ]
   }
  },
  {
   "type": "Feature",
   "properties": {
    "cell": 946,
    "market_cell": 1715,
    "cost_mi": 2308.0
   },
   "geometry": {
    "type": "Point",
    "coordinates": [
     13.8363,
     40.4344
    ]
   }
  },
  {
   "type": "Feature",
   "properties": {
    "cell": 947,
    "market_cell": 1715,
    "cost_mi": 2254.9
   },
   "geometry": {
    "type": "Point",
    "coordinates": [
     18.048,
     40.5941
    ]
   }
  },
  {
   "type": "Feature",
   "properties": {
    "cell": 948,
    "market_cell": 1715,
    "cost_mi": 2280.6
   },
   "geometry": {
    "type": "Point",
    "coordinates": [
     19.0895,
     40.729
    ]
   }
  },
  {
   "type": "Feature",
   "properties": {
    "cell": 949,
    "market_cell": 1715,
    "cost_mi": 2209.5
   },
   "geometry": {
    "type": "Point",
    "coordinates": [
     24.1583,
     40.8811
    ]
   }
  },
  {
   "type": "Feature",
   "properties": {
    "cell": 950,
    "market_cell": 1715,
    "cost_mi": 2188.1
   },
   "geometry": {
    "type": "Point",
    "coordinates": [
     26.8895,
     39.1514
    ]
   }
  },
  {
   "type": "Feature",
   "properties": {
    "cell": 951,
    "market_cell": 1715,
    "cost_mi": 2226.5
   },
   "geometry": {
    "type": "Point",
    "coordinates": [
     29.383,
     38.3759
    ]
   }
  },
  {
   "type": "Feature",
   "properties": {
    "cell": 953,
    "market_cell": 1820,
    "cost_mi": 2377.8
   },
   "geometry": {
    "type": "Point",
    "coordinates": [
     35.349,
     40.539
    ]
   }
  },
  {
   "type": "Feature",
   "properties": {
    "cell": 954,
    "market_cell": 1715,
    "cost_mi": 2379.7
   },
   "geometry": {
    "type": "Point",
    "coordinates": [
     33.6213,
     39.0602
    ]
   }
  },
  {
   "type": "Feature",
   "properties": {
    "cell": 955,
    "market_cell": 1820,
    "cost_mi": 2307.5
   },
   "geometry": {
    "type": "Point",
    "coordinates": [
     36.8865,
     39.7331
    ]
   }
  },
  {
   "type": "Feature",
   "properties": {
    "cell": 956,
    "market_cell": 1820,
    "cost_mi": 2244.5
   },
   "geometry": {
    "type": "Point",
    "coordinates": [
     40.7713,
     40.8659
    ]
   }
  },
  {
   "type": "Feature",
   "properties": {
    "cell": 957,
    "market_cell": 1820,
    "cost_mi": 2016.8
   },
   "geometry": {
    "type": "Point",
    "coordinates": [
     45.8174,
     41.3088
    ]
   }
  },
  {
   "type": "Feature",
   "properties": {
    "cell": 958,
    "market_cell": 1820,
    "cost_mi": 1895.7
   },
   "geometry": {
    "type": "Point",
    "coordinates": [
     48.7671,
     41.7307
    ]
   }
  },
  {
   "type": "Feature",
   "properties": {
    "cell": 959,
    "market_cell": 1820,
    "cost_mi": 1771.2
   },
   "geometry": {
    "type": "Point",
    "coordinates": [
     50.873,
     39.3947
    ]
   }
  },
  {
   "type": "Feature",
   "properties": {
    "cell": 960,
    "market_cell": 1820,
    "cost_mi": 1579.1
   },
   "geometry": {
    "type": "Point",
    "coordinates": [
     55.6149,
     39.9687
    ]
   }
  },
  {
   "type": "Feature",
   "properties": {
    "cell": 961,
    "market_cell": 1820,
    "cost_mi": 1445.9
   },
   "geometry": {
    "type": "Point",
    "coordinates": [
     59.0683,
     39.5297
    ]
   }
  },
  {
   "type": "Feature",
   "properties": {
    "cell": 962,
    "market_cell": 1820,
    "cost_mi": 1495.0
   },
   "geometry": {
    "type": "Point",
    "coordinates": [
     61.9534,
     41.0161
    ]
   }
  },
  {
   "type": "Feature",
   "properties": {
    "cell": 963,
    "market_cell": 1820,
    "cost_mi": 1424.9
   },
   "geometry": {
    "type": "Point",
    "coordinates": [
     64.9278,
     39.5354
    ]
   }
  },
  {
   "type": "Feature",
   "properties": {
    "cell": 964,
    "market_cell": 1820,
    "cost_mi": 1417.6
   },
   "geometry": {
    "type": "Point",
    "coordinates": [
     68.2633,
     40.5941
    ]
   }
  },
  {
   "type": "Feature",
   "properties": {
    "cell": 965,
    "market_cell": 1820,
    "cost_mi": 1327.1
   },
   "geometry": {
    "type": "Point",
    "coordinates": [
     72.1709,
     39.218
    ]
   }
  },
  {
   "type": "Feature",
   "properties": {
    "cell": 966,
    "market_cell": 1820,
    "cost_mi": 1407.0
   },
   "geometry": {
    "type": "Point",
    "coordinates": [
     75.7554,
     40.1949
    ]
   }
  },
  {
   "type": "Feature",
   "properties": {
    "cell": 967,
    "market_cell": 1735,
    "cost_mi": 1328.9
   },
   "geometry": {
    "type": "Point",
    "coordinates": [
     78.5379,
     40.1968
    ]
   }
  },
  {
   "type": "Feature",
   "properties": {
    "cell": 968,
    "market_cell": 1735,
    "cost_mi": 1379.1
   },
   "geometry": {
    "type": "Point",
    "coordinates": [
     81.1493,
     41.1852
    ]
   }
  },
  {
   "type": "Feature",
   "properties": {
    "cell": 969,
    "market_cell": 1735,
    "cost_mi": 1367.7
   },
   "geometry": {
    "type": "Point",
    "coordinates": [
     84.405,
     40.1873
    ]
   }
  },
  {
   "type": "Feature",
   "properties": {
    "cell": 970,
    "market_cell": 1735,
    "cost_mi": 1664.5
   },
   "geometry": {
    "type": "Point",
    "coordinates": [
     87.6265,
     40.8032
    ]
   }
  },
  {
   "type": "Feature",
   "properties": {
    "cell": 971,
    "market_cell": 1735,
    "cost_mi": 1810.0
   },
   "geometry": {
    "type": "Point",
    "coordinates": [
     92.6554,
     40.252
    ]
   }
  },
  {
   "type": "Feature",
   "properties": {
    "cell": 972,
    "market_cell": 1735,
    "cost_mi": 1851.8
   },
   "geometry": {
    "type": "Point",
    "coordinates": [
     95.7629,
     40.0885
    ]
   }
  },
  {
   "type": "Feature",
   "properties": {
    "cell": 973,
    "market_cell": 1735,
    "cost_mi": 1717.0
   },
   "geometry": {
    "type": "Point",
    "coordinates": [
     100.2901,
     39.8889
    ]
   }
  },
  {
   "type": "Feature",
   "properties": {
    "cell": 974,
    "market_cell": 1735,
    "cost_mi": 1875.4
   },
   "geometry": {
    "type": "Point",
    "coordinates": [
     103.1846,
     39.811
    ]
   }
  },
  {
   "type": "Feature",
   "properties": {
    "cell": 975,
    "market_cell": 1735,
    "cost_mi": 2058.7
   },
   "geometry": {
    "type": "Point",
    "coordinates": [
     105.186,
     40.6397
    ]
   }
  },
  {
   "type": "Feature",
   "properties": {
    "cell": 976,
    "market_cell": 1735,
    "cost_mi": 2220.7
   },
   "geometry": {
    "type": "Point",
    "coordinates": [
     108.2117,
     39.9174
    ]
   }
  },
  {
   "type": "Feature",
   "properties": {
    "cell": 977,
    "market_cell": 1735,
    "cost_mi": 2166.9
   },
   "geometry": {
    "type": "Point",
    "coordinates": [
     106.4137,
     38.9652
    ]
   }
  },
  {
   "type": "Feature",
   "properties": {
    "cell": 978,
    "market_cell": 1735,
    "cost_mi": 2359.8
   },
   "geometry": {
    "type": "Point",
    "coordinates": [
     110.8611,
     39.5924
    ]
   }
  },
  {
   "type": "Feature",
   "properties": {
    "cell": 979,
    "market_cell": 1735,
    "cost_mi": 2550.4
   },
   "geometry": {
    "type": "Point",
    "coordinates": [
     113.501,
     39.2541
    ]
   }
  },
  {
   "type": "Feature",
   "properties": {
    "cell": 980,
    "market_cell": 1735,
    "cost_mi": 2668.3
   },
   "geometry": {
    "type": "Point",
    "coordinates": [
     115.4453,
     39.8509
    ]
   }
  },
  {
   "type": "Feature",
   "properties": {
    "cell": 981,
    "market_cell": 1735,
    "cost_mi": 2747.8
   },
   "geometry": {
    "type": "Point",
    "coordinates": [
     116.6199,
     38.1859
    ]
   }
  },
  {
   "type": "Feature",
   "properties": {
    "cell": 982,
    "market_cell": 242,
    "cost_mi": 3009.4
   },
   "geometry": {
    "type": "Point",
    "coordinates": [
     121.2687,
     41.4988
    ]
   }
  },
  {
   "type": "Feature",
   "properties": {
    "cell": 983,
    "market_cell": 242,
    "cost_mi": 3268.6
   },
   "geometry": {
    "type": "Point",
    "coordinates": [
     123.1598,
     39.1894
    ]
   }
  },
  {
   "type": "Feature",
   "properties": {
    "cell": 984,
    "market_cell": 242,
    "cost_mi": 3324.2
   },
   "geometry": {
    "type": "Point",
    "coordinates": [
     126.2007,
     39.1343
    ]
   }
  },
  {
   "type": "Feature",
   "properties": {
    "cell": 1013,
    "market_cell": 715,
    "cost_mi": 369.6
   },
   "geometry": {
    "type": "Point",
    "coordinates": [
     -92.8531,
     38.1497
    ]
   }
  },
  {
   "type": "Feature",
   "properties": {
    "cell": 1014,
    "market_cell": 715,
    "cost_mi": 515.8
   },
   "geometry": {
    "type": "Point",
    "coordinates": [
     -90.407,
     36.2946
    ]
   }
  },
  {
   "type": "Feature",
   "properties": {
    "cell": 1015,
    "market_cell": 715,
    "cost_mi": 637.3
   },
   "geometry": {
    "type": "Point",
    "coordinates": [
     -87.3129,
     36.1711
    ]
   }
  },
  {
   "type": "Feature",
   "properties": {
    "cell": 1016,
    "market_cell": 715,
    "cost_mi": 651.3
   },
   "geometry": {
    "type": "Point",
    "coordinates": [
     -84.2263,
     36.0304
    ]
   }
  },
  {
   "type": "Feature",
   "properties": {
    "cell": 1017,
    "market_cell": 715,
    "cost_mi": 673.2
   },
   "geometry": {
    "type": "Point",
    "coordinates": [
     -83.1848,
     35.8099
    ]
   }
  },
  {
   "type": "Feature",
   "properties": {
    "cell": 1018,
    "market_cell": 715,
    "cost_mi": 769.4
   },
   "geometry": {
    "type": "Point",
    "coordinates": [
     -78.7697,
     36.6025
    ]
   }
  },
  {
   "type": "Feature",
   "properties": {
    "cell": 1019,
    "market_cell": 715,
    "cost_mi": 754.8
   },
   "geometry": {
    "type": "Point",
    "coordinates": [
     -76.3864,
     37.8703
    ]
   }
  },
  {
   "type": "Feature",
   "properties": {
    "cell": 1020,
    "market_cell": 715,
    "cost_mi": 906.6
   },
   "geometry": {
    "type": "Point",
    "coordinates": [
     -72.2469,
     35.5001
    ]
   }
  },
  {
   "type": "Feature",
   "properties": {
    "cell": 1021,
    "market_cell": 315,
    "cost_mi": 861.0
   },
   "geometry": {
    "type": "Point",
    "coordinates": [
     -67.142,
     38.0889
    ]
   }
  },
  {
   "type": "Feature",
   "properties": {
    "cell": 1022,
    "market_cell": 315,
    "cost_mi": 888.5
   },
   "geometry": {
    "type": "Point",
    "coordinates": [
     -66.3817,
     37.5206
    ]
   }
  },
  {
   "type": "Feature",
   "properties": {
    "cell": 1023,
    "market_cell": 315,
    "cost_mi": 907.3
   },
   "geometry": {
    "type": "Point",
    "coordinates": [
     -60.8453,
     38.2163
    ]
   }
  },
  {
   "type": "Feature",
   "properties": {
    "cell": 1024,
    "market_cell": 461,
    "cost_mi": 897.7
   },
   "geometry": {
    "type": "Point",
    "coordinates": [
     -58.5988,
     38.1174
    ]
   }
  },
  {
   "type": "Feature",
   "properties": {
    "cell": 1025,
    "market_cell": 461,
    "cost_mi": 786.4
   },
   "geometry": {
    "type": "Point",
    "coordinates": [
     -53.4844,
     38.0091
    ]
   }
  },
  {
   "type": "Feature",
   "properties": {
    "cell": 1026,
    "market_cell": 461,
    "cost_mi": 823.6
   },
   "geometry": {
    "type": "Point",
    "coordinates": [
     -52.8115,
     36.8952
    ]
   }
  },
  {
   "type": "Feature",
   "properties": {
    "cell": 1027,
    "market_cell": 461,
    "cost_mi": 748.3
   },
   "geometry": {
    "type": "Point",
    "coordinates": [
     -50.9547,
     36.7983
    ]
   }
  },
  {
   "type": "Feature",
   "properties": {
    "cell": 1028,
    "market_cell": 461,
    "cost_mi": 723.1
   },
   "geometry": {
    "type": "Point",
    "coordinates": [
     -49.0902,
     36.7128
    ]
   }
  },
  {
   "type": "Feature",
   "properties": {
    "cell": 1029,
    "market_cell": 461,
    "cost_mi": 640.8
   },
   "geometry": {
    "type": "Point",
    "coordinates": [
     -45.8611,
     36.9181
    ]
   }
  },
  {
   "type": "Feature",
   "properties": {
    "cell": 1035,
    "market_cell": 1715,
    "cost_mi": 3313.7
   },
   "geometry": {
    "type": "Point",
    "coordinates": [
     -7.4978,
     36.173
    ]
   }
  },
  {
   "type": "Feature",
   "properties": {
    "cell": 1036,
    "market_cell": 1715,
    "cost_mi": 3541.8
   },
   "geometry": {
    "type": "Point",
    "coordinates": [
     -9.0468,
     34.9546
    ]
   }
  },
  {
   "type": "Feature",
   "properties": {
    "cell": 1037,
    "market_cell": 1715,
    "cost_mi": 2825.6
   },
   "geometry": {
    "type": "Point",
    "coordinates": [
     -2.4632,
     35.7415
    ]
   }
  },
  {
   "type": "Feature",
   "properties": {
    "cell": 1038,
    "market_cell": 1715,
    "cost_mi": 2721.9
   },
   "geometry": {
    "type": "Point",
    "coordinates": [
     0.5208,
     37.7221
    ]
   }
  },
  {
   "type": "Feature",
   "properties": {
    "cell": 1039,
    "market_cell": 1715,
    "cost_mi": 2651.5
   },
   "geometry": {
    "type": "Point",
    "coordinates": [
     2.275,
     36.3763
    ]
   }
  },
  {
   "type": "Feature",
   "properties": {
    "cell": 1040,
    "market_cell": 1715,
    "cost_mi": 2536.5
   },
   "geometry": {
    "type": "Point",
    "coordinates": [
     6.1731,
     37.1633
    ]
   }
  },
  {
   "type": "Feature",
   "properties": {
    "cell": 1041,
    "market_cell": 1715,
    "cost_mi": 2422.5
   },
   "geometry": {
    "type": "Point",
    "coordinates": [
     9.6056,
     36.3687
    ]
   }
  },
  {
   "type": "Feature",
   "properties": {
    "cell": 1042,
    "market_cell": 1715,
    "cost_mi": 2332.9
   },
   "geometry": {
    "type": "Point",
    "coordinates": [
     12.5477,
     36.5569
    ]
   }
  },
  {
   "type": "Feature",
   "properties": {
    "cell": 1043,
    "market_cell": 1715,
    "cost_mi": 2181.7
   },
   "geometry": {
    "type": "Point",
    "coordinates": [
     17.5329,
     38.1193
    ]
   }
  },
  {
   "type": "Feature",
   "properties": {
    "cell": 1044,
    "market_cell": 1715,
    "cost_mi": 2150.4
   },
   "geometry": {
    "type": "Point",
    "coordinates": [
     21.2827,
     38.3778
    ]
   }
  },
  {
   "type": "Feature",
   "properties": {
    "cell": 1045,
    "market_cell": 1715,
    "cost_mi": 2105.6
   },
   "geometry": {
    "type": "Point",
    "coordinates": [
     23.9018,
     37.2982
    ]
   }
  },
  {
   "type": "Feature",
   "properties": {
    "cell": 1046,
    "market_cell": 1715,
    "cost_mi": 2110.9
   },
   "geometry": {
    "type": "Point",
    "coordinates": [
     25.9183,
     36.8021
    ]
   }
  },
  {
   "type": "Feature",
   "properties": {
    "cell": 1047,
    "market_cell": 1715,
    "cost_mi": 2298.5
   },
   "geometry": {
    "type": "Point",
    "coordinates": [
     31.8804,
     37.5947
    ]
   }
  },
  {
   "type": "Feature",
   "properties": {
    "cell": 1048,
    "market_cell": 1715,
    "cost_mi": 2289.3
   },
   "geometry": {
    "type": "Point",
    "coordinates": [
     34.0528,
     35.7073
    ]
   }
  },
  {
   "type": "Feature",
   "properties": {
    "cell": 1049,
    "market_cell": 1820,
    "cost_mi": 2171.3
   },
   "geometry": {
    "type": "Point",
    "coordinates": [
     38.7415,
     36.9295
    ]
   }
  },
  {
   "type": "Feature",
   "properties": {
    "cell": 1050,
    "market_cell": 1820,
    "cost_mi": 2118.1
   },
   "geometry": {
    "type": "Point",
    "coordinates": [
     39.6101,
     35.4526
    ]
   }
  },
  {
   "type": "Feature",
   "properties": {
    "cell": 1051,
    "market_cell": 1820,
    "cost_mi": 1980.6
   },
   "geometry": {
    "type": "Point",
    "coordinates": [
     44.8177,
     37.7468
    ]
   }
  },
  {
   "type": "Feature",
   "properties": {
    "cell": 1052,
    "market_cell": 1820,
    "cost_mi": 1849.1
   },
   "geometry": {
    "type": "Point",
    "coordinates": [
     48.5352,
     38.4558
    ]
   }
  },
  {
   "type": "Feature",
   "properties": {
    "cell": 1053,
    "market_cell": 1820,
    "cost_mi": 1744.4
   },
   "geometry": {
    "type": "Point",
    "coordinates": [
     50.1127,
     36.4068
    ]
   }
  },
  {
   "type": "Feature",
   "properties": {
    "cell": 1054,
    "market_cell": 1820,
    "cost_mi": 1582.6
   },
   "geometry": {
    "type": "Point",
    "coordinates": [
     54.6627,
     37.2393
    ]
   }
  },
  {
   "type": "Feature",
   "properties": {
    "cell": 1055,
    "market_cell": 1820,
    "cost_mi": 1421.8
   },
   "geometry": {
    "type": "Point",
    "coordinates": [
     58.5057,
     37.8456
    ]
   }
  },
  {
   "type": "Feature",
   "properties": {
    "cell": 1056,
    "market_cell": 1820,
    "cost_mi": 1346.1
   },
   "geometry": {
    "type": "Point",
    "coordinates": [
     60.3227,
     37.4103
    ]
   }
  },
  {
   "type": "Feature",
   "properties": {
    "cell": 1057,
    "market_cell": 1820,
    "cost_mi": 1301.3
   },
   "geometry": {
    "type": "Point",
    "coordinates": [
     63.9186,
     36.6577
    ]
   }
  },
  {
   "type": "Feature",
   "properties": {
    "cell": 1058,
    "market_cell": 1820,
    "cost_mi": 1284.6
   },
   "geometry": {
    "type": "Point",
    "coordinates": [
     68.269,
     37.3096
    ]
   }
  },
  {
   "type": "Feature",
   "properties": {
    "cell": 1059,
    "market_cell": 1820,
    "cost_mi": 1261.4
   },
   "geometry": {
    "type": "Point",
    "coordinates": [
     71.998,
     37.7183
    ]
   }
  },
  {
   "type": "Feature",
   "properties": {
    "cell": 1060,
    "market_cell": 1820,
    "cost_mi": 1218.2
   },
   "geometry": {
    "type": "Point",
    "coordinates": [
     76.6905,
     35.6313
    ]
   }
  },
  {
   "type": "Feature",
   "properties": {
    "cell": 1061,
    "market_cell": 1735,
    "cost_mi": 1184.0
   },
   "geometry": {
    "type": "Point",
    "coordinates": [
     79.3589,
     36.7147
    ]
   }
  },
  {
   "type": "Feature",
   "properties": {
    "cell": 1062,
    "market_cell": 1735,
    "cost_mi": 1278.0
   },
   "geometry": {
    "type": "Point",
    "coordinates": [
     83.6029,
     38.1212
    ]
   }
  },
  {
   "type": "Feature",
   "properties": {
    "cell": 1063,
    "market_cell": 1735,
    "cost_mi": 1337.1
   },
   "geometry": {
    "type": "Point",
    "coordinates": [
     84.1351,
     38.0129
    ]
   }
  },
  {
   "type": "Feature",
   "properties": {
    "cell": 1064,
    "market_cell": 1735,
    "cost_mi": 1575.3
   },
   "geometry": {
    "type": "Point",
    "coordinates": [
     87.4839,
     36.0779
    ]
   }
  },
  {
   "type": "Feature",
   "properties": {
    "cell": 1065,
    "market_cell": 1735,
    "cost_mi": 1576.3
   },
   "geometry": {
    "type": "Point",
    "coordinates": [
     93.657,
     37.9026
    ]
   }
  },
  {
   "type": "Feature",
   "properties": {
    "cell": 1066,
    "market_cell": 1735,
    "cost_mi": 1483.4
   },
   "geometry": {
    "type": "Point",
    "coordinates": [
     95.32,
     35.9943
    ]
   }
  },
  {
   "type": "Feature",
   "properties": {
    "cell": 1067,
    "market_cell": 1735,
    "cost_mi": 1631.6
   },
   "geometry": {
    "type": "Point",
    "coordinates": [
     99.4918,
     38.4577
    ]
   }
  },
  {
   "type": "Feature",
   "properties": {
    "cell": 1068,
    "market_cell": 1735,
    "cost_mi": 1513.8
   },
   "geometry": {
    "type": "Point",
    "coordinates": [
     98.3363,
     36.5132
    ]
   }
  },
  {
   "type": "Feature",
   "properties": {
    "cell": 1071,
    "market_cell": 1735,
    "cost_mi": 2069.4
   },
   "geometry": {
    "type": "Point",
    "coordinates": [
     104.6215,
     38.0243
    ]
   }
  },
  {
   "type": "Feature",
   "properties": {
    "cell": 1072,
    "market_cell": 1735,
    "cost_mi": 2203.1
   },
   "geometry": {
    "type": "Point",
    "coordinates": [
     105.5205,
     35.6199
    ]
   }
  },
  {
   "type": "Feature",
   "properties": {
    "cell": 1075,
    "market_cell": 1735,
    "cost_mi": 2550.3
   },
   "geometry": {
    "type": "Point",
    "coordinates": [
     113.5675,
     37.1309
    ]
   }
  },
  {
   "type": "Feature",
   "properties": {
    "cell": 1076,
    "market_cell": 1735,
    "cost_mi": 2661.0
   },
   "geometry": {
    "type": "Point",
    "coordinates": [
     115.6696,
     36.8173
    ]
   }
  },
  {
   "type": "Feature",
   "properties": {
    "cell": 1077,
    "market_cell": 1735,
    "cost_mi": 2819.8
   },
   "geometry": {
    "type": "Point",
    "coordinates": [
     117.7868,
     36.5094
    ]
   }
  },
  {
   "type": "Feature",
   "properties": {
    "cell": 1084,
    "market_cell": 242,
    "cost_mi": 3408.9
   },
   "geometry": {
    "type": "Point",
    "coordinates": [
     126.062,
     38.1687
    ]
   }
  },
  {
   "type": "Feature",
   "properties": {
    "cell": 1100,
    "market_cell": 1200,
    "cost_mi": 157.1
   },
   "geometry": {
    "type": "Point",
    "coordinates": [
     -131.8816,
     33.3846
    ]
   }
  },
  {
   "type": "Feature",
   "properties": {
    "cell": 1101,
    "market_cell": 1200,
    "cost_mi": 105.4
   },
   "geometry": {
    "type": "Point",
    "coordinates": [
     -133.345,
     32.0275
    ]
   }
  },
  {
   "type": "Feature",
   "properties": {
    "cell": 1112,
    "market_cell": 715,
    "cost_mi": 2001.7
   },
   "geometry": {
    "type": "Point",
    "coordinates": [
     -101.9949,
     35.0553
    ]
   }
  },
  {
   "type": "Feature",
   "properties": {
    "cell": 1113,
    "market_cell": 715,
    "cost_mi": 1888.5
   },
   "geometry": {
    "type": "Point",
    "coordinates": [
     -102.6886,
     32.7117
    ]
   }
  },
  {
   "type": "Feature",
   "properties": {
    "cell": 1122,
    "market_cell": 715,
    "cost_mi": 745.1
   },
   "geometry": {
    "type": "Point",
    "coordinates": [
     -83.0137,
     34.3407
    ]
   }
  },
  {
   "type": "Feature",
   "properties": {
    "cell": 1123,
    "market_cell": 715,
    "cost_mi": 850.9
   },
   "geometry": {
    "type": "Point",
    "coordinates": [
     -82.7515,
     31.7423
    ]
   }
  },
  {
   "type": "Feature",
   "properties": {
    "cell": 1124,
    "market_cell": 715,
    "cost_mi": 881.6
   },
   "geometry": {
    "type": "Point",
    "coordinates": [
     -77.1808,
     33.5252
    ]
   }
  },
  {
   "type": "Feature",
   "properties": {
    "cell": 1125,
    "market_cell": 715,
    "cost_mi": 905.1
   },
   "geometry": {
    "type": "Point",
    "coordinates": [
     -75.6642,
     33.204
    ]
   }
  },
  {
   "type": "Feature",
   "properties": {
    "cell": 1126,
    "market_cell": 715,
    "cost_mi": 905.2
   },
   "geometry": {
    "type": "Point",
    "coordinates": [
     -73.3797,
     34.2228
    ]
   }
  },
  {
   "type": "Feature",
   "properties": {
    "cell": 1127,
    "market_cell": 715,
    "cost_mi": 1022.7
   },
   "geometry": {
    "type": "Point",
    "coordinates": [
     -69.4949,
     32.5806
    ]
   }
  },
  {
   "type": "Feature",
   "properties": {
    "cell": 1128,
    "market_cell": 315,
    "cost_mi": 1026.3
   },
   "geometry": {
    "type": "Point",
    "coordinates": [
     -65.7621,
     32.7973
    ]
   }
  },
  {
   "type": "Feature",
   "properties": {
    "cell": 1129,
    "market_cell": 461,
    "cost_mi": 1081.1
   },
   "geometry": {
    "type": "Point",
    "coordinates": [
     -60.6401,
     32.5559
    ]
   }
  },
  {
   "type": "Feature",
   "properties": {
    "cell": 1130,
    "market_cell": 461,
    "cost_mi": 994.6
   },
   "geometry": {
    "type": "Point",
    "coordinates": [
     -56.8446,
     32.227
    ]
   }
  },
  {
   "type": "Feature",
   "properties": {
    "cell": 1131,
    "market_cell": 461,
    "cost_mi": 910.8
   },
   "geometry": {
    "type": "Point",
    "coordinates": [
     -54.9326,
     34.4034
    ]
   }
  },
  {
   "type": "Feature",
   "properties": {
    "cell": 1143,
    "market_cell": 1715,
    "cost_mi": 4015.4
   },
   "geometry": {
    "type": "Point",
    "coordinates": [
     -10.6091,
     33.7514
    ]
   }
  },
  {
   "type": "Feature",
   "properties": {
    "cell": 1144,
    "market_cell": 1715,
    "cost_mi": 3945.2
   },
   "geometry": {
    "type": "Point",
    "coordinates": [
     -7.6346,
     32.4304
    ]
   }
  },
  {
   "type": "Feature",
   "properties": {
    "cell": 1145,
    "market_cell": 1715,
    "cost_mi": 3124.5
   },
   "geometry": {
    "type": "Point",
    "coordinates": [
     -3.6529,
     33.4492
    ]
   }
  },
  {
   "type": "Feature",
   "properties": {
    "cell": 1146,
    "market_cell": 1715,
    "cost_mi": 3040.3
   },
   "geometry": {
    "type": "Point",
    "coordinates": [
     0.173,
     33.7571
    ]
   }
  },
  {
   "type": "Feature",
   "properties": {
    "cell": 1147,
    "market_cell": 1715,
    "cost_mi": 2702.2
   },
   "geometry": {
    "type": "Point",
    "coordinates": [
     3.7651,
     33.5652
    ]
   }
  },
  {
   "type": "Feature",
   "properties": {
    "cell": 1148,
    "market_cell": 1715,
    "cost_mi": 2533.5
   },
   "geometry": {
    "type": "Point",
    "coordinates": [
     7.5529,
     32.7878
    ]
   }
  },
  {
   "type": "Feature",
   "properties": {
    "cell": 1149,
    "market_cell": 1715,
    "cost_mi": 2367.3
   },
   "geometry": {
    "type": "Point",
    "coordinates": [
     11.5632,
     33.6545
    ]
   }
  },
  {
   "type": "Feature",
   "properties": {
    "cell": 1150,
    "market_cell": 1715,
    "cost_mi": 2255.8
   },
   "geometry": {
    "type": "Point",
    "coordinates": [
     14.2905,
     33.052
    ]
   }
  },
  {
   "type": "Feature",
   "properties": {
    "cell": 1151,
    "market_cell": 1715,
    "cost_mi": 2206.2
   },
   "geometry": {
    "type": "Point",
    "coordinates": [
     15.6418,
     32.5882
    ]
   }
  },
  {
   "type": "Feature",
   "properties": {
    "cell": 1152,
    "market_cell": 1715,
    "cost_mi": 2006.4
   },
   "geometry": {
    "type": "Point",
    "coordinates": [
     21.3379,
     33.4017
    ]
   }
  },
  {
   "type": "Feature",
   "properties": {
    "cell": 1153,
    "market_cell": 1715,
    "cost_mi": 2027.6
   },
   "geometry": {
    "type": "Point",
    "coordinates": [
     24.031,
     34.6714
    ]
   }
  },
  {
   "type": "Feature",
   "properties": {
    "cell": 1154,
    "market_cell": 1715,
    "cost_mi": 2009.3
   },
   "geometry": {
    "type": "Point",
    "coordinates": [
     26.4961,
     33.3409
    ]
   }
  },
  {
   "type": "Feature",
   "properties": {
    "cell": 1155,
    "market_cell": 1715,
    "cost_mi": 2185.9
   },
   "geometry": {
    "type": "Point",
    "coordinates": [
     31.0346,
     33.797
    ]
   }
  },
  {
   "type": "Feature",
   "properties": {
    "cell": 1156,
    "market_cell": 1715,
    "cost_mi": 2253.3
   },
   "geometry": {
    "type": "Point",
    "coordinates": [
     32.6863,
     32.7782
    ]
   }
  },
  {
   "type": "Feature",
   "properties": {
    "cell": 1157,
    "market_cell": 1820,
    "cost_mi": 2197.9
   },
   "geometry": {
    "type": "Point",
    "coordinates": [
     36.2765,
     33.3542
    ]
   }
  },
  {
   "type": "Feature",
   "properties": {
    "cell": 1158,
    "market_cell": 1820,
    "cost_mi": 2080.8
   },
   "geometry": {
    "type": "Point",
    "coordinates": [
     40.2088,
     34.3102
    ]
   }
  },
  {
   "type": "Feature",
   "properties": {
    "cell": 1159,
    "market_cell": 1820,
    "cost_mi": 1965.7
   },
   "geometry": {
    "type": "Point",
    "coordinates": [
     43.6659,
     32.3411
    ]
   }
  },
  {
   "type": "Feature",
   "properties": {
    "cell": 1160,
    "market_cell": 1820,
    "cost_mi": 1828.4
   },
   "geometry": {
    "type": "Point",
    "coordinates": [
     47.3987,
     32.8296
    ]
   }
  },
  {
   "type": "Feature",
   "properties": {
    "cell": 1161,
    "market_cell": 1820,
    "cost_mi": 1630.3
   },
   "geometry": {
    "type": "Point",
    "coordinates": [
     52.2262,
     33.8902
    ]
   }
  },
  {
   "type": "Feature",
   "properties": {
    "cell": 1162,
    "market_cell": 1820,
    "cost_mi": 1481.3
   },
   "geometry": {
    "type": "Point",
    "coordinates": [
     56.2003,
     32.9455
    ]
   }
  },
  {
   "type": "Feature",
   "properties": {
    "cell": 1163,
    "market_cell": 1820,
    "cost_mi": 1422.3
   },
   "geometry": {
    "type": "Point",
    "coordinates": [
     57.1297,
     34.2703
    ]
   }
  },
  {
   "type": "Feature",
   "properties": {
    "cell": 1164,
    "market_cell": 1820,
    "cost_mi": 1234.4
   },
   "geometry": {
    "type": "Point",
    "coordinates": [
     61.5694,
     32.0959
    ]
   }
  },
  {
   "type": "Feature",
   "properties": {
    "cell": 1165,
    "market_cell": 1820,
    "cost_mi": 1141.5
   },
   "geometry": {
    "type": "Point",
    "coordinates": [
     63.6753,
     33.6336
    ]
   }
  },
  {
   "type": "Feature",
   "properties": {
    "cell": 1166,
    "market_cell": 1820,
    "cost_mi": 1100.0
   },
   "geometry": {
    "type": "Point",
    "coordinates": [
     68.212,
     33.8046
    ]
   }
  },
  {
   "type": "Feature",
   "properties": {
    "cell": 1167,
    "market_cell": 1820,
    "cost_mi": 1125.9
   },
   "geometry": {
    "type": "Point",
    "coordinates": [
     71.5551,
     34.4034
    ]
   }
  },
  {
   "type": "Feature",
   "properties": {
    "cell": 1168,
    "market_cell": 1820,
    "cost_mi": 1071.9
   },
   "geometry": {
    "type": "Point",
    "coordinates": [
     75.8352,
     32.1206
    ]
   }
  },
  {
   "type": "Feature",
   "properties": {
    "cell": 1169,
    "market_cell": 1735,
    "cost_mi": 1113.3
   },
   "geometry": {
    "type": "Point",
    "coordinates": [
     79.4711,
     34.9736
    ]
   }
  },
  {
   "type": "Feature",
   "properties": {
    "cell": 1170,
    "market_cell": 1735,
    "cost_mi": 1077.5
   },
   "geometry": {
    "type": "Point",
    "coordinates": [
     80.6722,
     34.1335
    ]
   }
  },
  {
   "type": "Feature",
   "properties": {
    "cell": 1171,
    "market_cell": 1735,
    "cost_mi": 1292.2
   },
   "geometry": {
    "type": "Point",
    "coordinates": [
     84.023,
     33.0957
    ]
   }
  },
  {
   "type": "Feature",
   "properties": {
    "cell": 1172,
    "market_cell": 1735,
    "cost_mi": 1143.9
   },
   "geometry": {
    "type": "Point",
    "coordinates": [
     89.6449,
     32.3354
    ]
   }
  },
  {
   "type": "Feature",
   "properties": {
    "cell": 1173,
    "market_cell": 1735,
    "cost_mi": 1288.9
   },
   "geometry": {
    "type": "Point",
    "coordinates": [
     92.3095,
     32.5521
    ]
   }
  },
  {
   "type": "Feature",
   "properties": {
    "cell": 1174,
    "market_cell": 1735,
    "cost_mi": 1395.3
   },
   "geometry": {
    "type": "Point",
    "coordinates": [
     97.1636,
     34.563
    ]
   }
  },
  {
   "type": "Feature",
   "properties": {
    "cell": 1175,
    "market_cell": 1735,
    "cost_mi": 1255.4
   },
   "geometry": {
    "type": "Point",
    "coordinates": [
     96.8538,
     31.8944
    ]
   }
  },
  {
   "type": "Feature",
   "properties": {
    "cell": 1178,
    "market_cell": 1735,
    "cost_mi": 2245.8
   },
   "geometry": {
    "type": "Point",
    "coordinates": [
     103.0744,
     35.0116
    ]
   }
  },
  {
   "type": "Feature",
   "properties": {
    "cell": 1179,
    "market_cell": 1735,
    "cost_mi": 2290.8
   },
   "geometry": {
    "type": "Point",
    "coordinates": [
     104.7602,
     34.1183
    ]
   }
  },
  {
   "type": "Feature",
   "properties": {
    "cell": 1180,
    "market_cell": 1735,
    "cost_mi": 2336.8
   },
   "geometry": {
    "type": "Point",
    "coordinates": [
     106.4308,
     33.2192
    ]
   }
  },
  {
   "type": "Feature",
   "properties": {
    "cell": 1181,
    "market_cell": 1735,
    "cost_mi": 2397.0
   },
   "geometry": {
    "type": "Point",
    "coordinates": [
     108.6754,
     33.6431
    ]
   }
  },
  {
   "type": "Feature",
   "properties": {
    "cell": 1182,
    "market_cell": 1735,
    "cost_mi": 2531.9
   },
   "geometry": {
    "type": "Point",
    "coordinates": [
     110.9371,
     34.0688
    ]
   }
  },
  {
   "type": "Feature",
   "properties": {
    "cell": 1199,
    "market_cell": 1200,
    "cost_mi": 140.8
   },
   "geometry": {
    "type": "Point",
    "coordinates": [
     -134.7952,
     30.6665
    ]
   }
  },
  {
   "type": "Feature",
   "properties": {
    "cell": 1200,
    "market_cell": 1200,
    "cost_mi": 0.0
   },
   "geometry": {
    "type": "Point",
    "coordinates": [
     -132.1096,
     30.982
    ]
   }
  },
  {
   "type": "Feature",
   "properties": {
    "cell": 1201,
    "market_cell": 1200,
    "cost_mi": 141.8
   },
   "geometry": {
    "type": "Point",
    "coordinates": [
     -129.407,
     31.3147
    ]
   }
  },
  {
   "type": "Feature",
   "properties": {
    "cell": 1211,
    "market_cell": 715,
    "cost_mi": 1825.3
   },
   "geometry": {
    "type": "Point",
    "coordinates": [
     -103.3956,
     30.3624
    ]
   }
  },
  {
   "type": "Feature",
   "properties": {
    "cell": 1212,
    "market_cell": 715,
    "cost_mi": 1753.3
   },
   "geometry": {
    "type": "Point",
    "coordinates": [
     -101.8523,
     29.4805
    ]
   }
  },
  {
   "type": "Feature",
   "properties": {
    "cell": 1213,
    "market_cell": 2141,
    "cost_mi": 1733.3
   },
   "geometry": {
    "type": "Point",
    "coordinates": [
     -104.1711,
     28.188
    ]
   }
  },
  {
   "type": "Feature",
   "properties": {
    "cell": 1214,
    "market_cell": 2141,
    "cost_mi": 1691.8
   },
   "geometry": {
    "type": "Point",
    "coordinates": [
     -100.3015,
     28.5928
    ]
   }
  },
  {
   "type": "Feature",
   "properties": {
    "cell": 1215,
    "market_cell": 715,
    "cost_mi": 1611.4
   },
   "geometry": {
    "type": "Point",
    "coordinates": [
     -98.3743,
     29.8986
    ]
   }
  },
  {
   "type": "Feature",
   "properties": {
    "cell": 1216,
    "market_cell": 715,
    "cost_mi": 1517.6
   },
   "geometry": {
    "type": "Point",
    "coordinates": [
     -96.4585,
     31.1968
    ]
   }
  },
  {
   "type": "Feature",
   "properties": {
    "cell": 1217,
    "market_cell": 715,
    "cost_mi": 1401.7
   },
   "geometry": {
    "type": "Point",
    "coordinates": [
     -94.269,
     30.6969
    ]
   }
  },
  {
   "type": "Feature",
   "properties": {
    "cell": 1218,
    "market_cell": 715,
    "cost_mi": 1311.2
   },
   "geometry": {
    "type": "Point",
    "coordinates": [
     -92.0928,
     30.1951
    ]
   }
  },
  {
   "type": "Feature",
   "properties": {
    "cell": 1219,
    "market_cell": 715,
    "cost_mi": 1229.7
   },
   "geometry": {
    "type": "Point",
    "coordinates": [
     -90.0877,
     30.3358
    ]
   }
  },
  {
   "type": "Feature",
   "properties": {
    "cell": 1220,
    "market_cell": 715,
    "cost_mi": 1148.6
   },
   "geometry": {
    "type": "Point",
    "coordinates": [
     -88.0883,
     30.4631
    ]
   }
  },
  {
   "type": "Feature",
   "properties": {
    "cell": 1221,
    "market_cell": 715,
    "cost_mi": 1051.7
   },
   "geometry": {
    "type": "Point",
    "coordinates": [
     -86.3873,
     29.3474
    ]
   }
  },
  {
   "type": "Feature",
   "properties": {
    "cell": 1222,
    "market_cell": 715,
    "cost_mi": 972.9
   },
   "geometry": {
    "type": "Point",
    "coordinates": [
     -84.443,
     29.2524
    ]
   }
  },
  {
   "type": "Feature",
   "properties": {
    "cell": 1223,
    "market_cell": 715,
    "cost_mi": 956.8
   },
   "geometry": {
    "type": "Point",
    "coordinates": [
     -82.5063,
     29.1402
    ]
   }
  },
  {
   "type": "Feature",
   "properties": {
    "cell": 1224,
    "market_cell": 715,
    "cost_mi": 1041.2
   },
   "geometry": {
    "type": "Point",
    "coordinates": [
     -78.2471,
     29.4424
    ]
   }
  },
  {
   "type": "Feature",
   "properties": {
    "cell": 1225,
    "market_cell": 715,
    "cost_mi": 981.7
   },
   "geometry": {
    "type": "Point",
    "coordinates": [
     -74.8469,
     30.6836
    ]
   }
  },
  {
   "type": "Feature",
   "properties": {
    "cell": 1226,
    "market_cell": 715,
    "cost_mi": 1028.4
   },
   "geometry": {
    "type": "Point",
    "coordinates": [
     -70.3102,
     31.2729
    ]
   }
  },
  {
   "type": "Feature",
   "properties": {
    "cell": 1227,
    "market_cell": 715,
    "cost_mi": 1060.7
   },
   "geometry": {
    "type": "Point",
    "coordinates": [
     -69.244,
     30.9497
    ]
   }
  },
  {
   "type": "Feature",
   "properties": {
    "cell": 1228,
    "market_cell": 315,
    "cost_mi": 1127.1
   },
   "geometry": {
    "type": "Point",
    "coordinates": [
     -63.5404,
     30.1153
    ]
   }
  },
  {
   "type": "Feature",
   "properties": {
    "cell": 1229,
    "market_cell": 315,
    "cost_mi": 1165.9
   },
   "geometry": {
    "type": "Point",
    "coordinates": [
     -62.9246,
     28.9235
    ]
   }
  },
  {
   "type": "Feature",
   "properties": {
    "cell": 1230,
    "market_cell": 461,
    "cost_mi": 1062.6
   },
   "geometry": {
    "type": "Point",
    "coordinates": [
     -57.2057,
     30.1514
    ]
   }
  },
  {
   "type": "Feature",
   "properties": {
    "cell": 1231,
    "market_cell": 461,
    "cost_mi": 1000.6
   },
   "geometry": {
    "type": "Point",
    "coordinates": [
     -56.2706,
     31.6017
    ]
   }
  },
  {
   "type": "Feature",
   "properties": {
    "cell": 1239,
    "market_cell": 1715,
    "cost_mi": 4327.7
   },
   "geometry": {
    "type": "Point",
    "coordinates": [
     -9.7994,
     31.0049
    ]
   }
  },
  {
   "type": "Feature",
   "properties": {
    "cell": 1240,
    "market_cell": 1715,
    "cost_mi": 4241.9
   },
   "geometry": {
    "type": "Point",
    "coordinates": [
     -7.9825,
     30.4498
    ]
   }
  },
  {
   "type": "Feature",
   "properties": {
    "cell": 1241,
    "market_cell": 1715,
    "cost_mi": 4057.4
   },
   "geometry": {
    "type": "Point",
    "coordinates": [
     -6.1617,
     29.8872
    ]
   }
  },
  {
   "type": "Feature",
   "properties": {
    "cell": 1242,
    "market_cell": 1715,
    "cost_mi": 3718.5
   },
   "geometry": {
    "type": "Point",
    "coordinates": [
     -2.9953,
     30.754
    ]
   }
  },
  {
   "type": "Feature",
   "properties": {
    "cell": 1243,
    "market_cell": 1715,
    "cost_mi": 4009.4
   },
   "geometry": {
    "type": "Point",
    "coordinates": [
     -2.2427,
     28.34
    ]
   }
  },
  {
   "type": "Feature",
   "properties": {
    "cell": 1244,
    "market_cell": 1715,
    "cost_mi": 4024.4
   },
   "geometry": {
    "type": "Point",
    "coordinates": [
     -3.0409,
     28.1119
    ]
   }
  },
  {
   "type": "Feature",
   "properties": {
    "cell": 1245,
    "market_cell": 1715,
    "cost_mi": 3326.9
   },
   "geometry": {
    "type": "Point",
    "coordinates": [
     -1.0263,
     31.5903
    ]
   }
  },
  {
   "type": "Feature",
   "properties": {
    "cell": 1246,
    "market_cell": 1715,
    "cost_mi": 3184.7
   },
   "geometry": {
    "type": "Point",
    "coordinates": [
     2.6494,
     29.5489
    ]
   }
  },
  {
   "type": "Feature",
   "properties": {
    "cell": 1247,
    "market_cell": 1715,
    "cost_mi": 2751.0
   },
   "geometry": {
    "type": "Point",
    "coordinates": [
     7.3306,
     28.7202
    ]
   }
  },
  {
   "type": "Feature",
   "properties": {
    "cell": 1248,
    "market_cell": 1715,
    "cost_mi": 2460.8
   },
   "geometry": {
    "type": "Point",
    "coordinates": [
     9.731,
     28.6061
    ]
   }
  },
  {
   "type": "Feature",
   "properties": {
    "cell": 1249,
    "market_cell": 1715,
    "cost_mi": 2374.3
   },
   "geometry": {
    "type": "Point",
    "coordinates": [
     15.1096,
     30.5088
    ]
   }
  },
  {
   "type": "Feature",
   "properties": {
    "cell": 1250,
    "market_cell": 1715,
    "cost_mi": 2150.9
   },
   "geometry": {
    "type": "Point",
    "coordinates": [
     16.919,
     29.8359
    ]
   }
  },
  {
   "type": "Feature",
   "properties": {
    "cell": 1251,
    "market_cell": 1715,
    "cost_mi": 1869.3
   },
   "geometry": {
    "type": "Point",
    "coordinates": [
     20.6613,
     28.8684
    ]
   }
  },
  {
   "type": "Feature",
   "properties": {
    "cell": 1252,
    "market_cell": 1715,
    "cost_mi": 1902.8
   },
   "geometry": {
    "type": "Point",
    "coordinates": [
     23.1244,
     31.193
    ]
   }
  },
  {
   "type": "Feature",
   "properties": {
    "cell": 1253,
    "market_cell": 1715,
    "cost_mi": 1882.3
   },
   "geometry": {
    "type": "Point",
    "coordinates": [
     27.3304,
     29.7789
    ]
   }
  },
  {
   "type": "Feature",
   "properties": {
    "cell": 1254,
    "market_cell": 1715,
    "cost_mi": 2058.8
   },
   "geometry": {
    "type": "Point",
    "coordinates": [
     32.3251,
     28.8399
    ]
   }
  },
  {
   "type": "Feature",
   "properties": {
    "cell": 1255,
    "market_cell": 1715,
    "cost_mi": 2210.6
   },
   "geometry": {
    "type": "Point",
    "coordinates": [
     35.4649,
     29.3474
    ]
   }
  },
  {
   "type": "Feature",
   "properties": {
    "cell": 1256,
    "market_cell": 1820,
    "cost_mi": 2184.6
   },
   "geometry": {
    "type": "Point",
    "coordinates": [
     38.3557,
     28.7981
    ]
   }
  },
  {
   "type": "Feature",
   "properties": {
    "cell": 1257,
    "market_cell": 1820,
    "cost_mi": 2078.9
   },
   "geometry": {
    "type": "Point",
    "coordinates": [
     41.2294,
     29.8036
    ]
   }
  },
  {
   "type": "Feature",
   "properties": {
    "cell": 1258,
    "market_cell": 1820,
    "cost_mi": 1966.6
   },
   "geometry": {
    "type": "Point",
    "coordinates": [
     44.1563,
     31.1797
    ]
   }
  },
  {
   "type": "Feature",
   "properties": {
    "cell": 1259,
    "market_cell": 1820,
    "cost_mi": 1833.1
   },
   "geometry": {
    "type": "Point",
    "coordinates": [
     47.2961,
     30.0298
    ]
   }
  },
  {
   "type": "Feature",
   "properties": {
    "cell": 1260,
    "market_cell": 1820,
    "cost_mi": 1684.6
   },
   "geometry": {
    "type": "Point",
    "coordinates": [
     51.0155,
     30.811
    ]
   }
  },
  {
   "type": "Feature",
   "properties": {
    "cell": 1261,
    "market_cell": 1820,
    "cost_mi": 1563.6
   },
   "geometry": {
    "type": "Point",
    "coordinates": [
     54.256,
     30.7939
    ]
   }
  },
  {
   "type": "Feature",
   "properties": {
    "cell": 1262,
    "market_cell": 1820,
    "cost_mi": 1411.8
   },
   "geometry": {
    "type": "Point",
    "coordinates": [
     58.1959,
     31.6188
    ]
   }
  },
  {
   "type": "Feature",
   "properties": {
    "cell": 1263,
    "market_cell": 1820,
    "cost_mi": 1487.8
   },
   "geometry": {
    "type": "Point",
    "coordinates": [
     62.8314,
     28.9654
    ]
   }
  },
  {
   "type": "Feature",
   "properties": {
    "cell": 1264,
    "market_cell": 1820,
    "cost_mi": 1000.7
   },
   "geometry": {
    "type": "Point",
    "coordinates": [
     66.2449,
     30.4955
    ]
   }
  },
  {
   "type": "Feature",
   "properties": {
    "cell": 1265,
    "market_cell": 1820,
    "cost_mi": 874.1
   },
   "geometry": {
    "type": "Point",
    "coordinates": [
     69.2288,
     28.7183
    ]
   }
  },
  {
   "type": "Feature",
   "properties": {
    "cell": 1266,
    "market_cell": 1820,
    "cost_mi": 886.5
   },
   "geometry": {
    "type": "Point",
    "coordinates": [
     71.7566,
     30.1096
    ]
   }
  },
  {
   "type": "Feature",
   "properties": {
    "cell": 1267,
    "market_cell": 1820,
    "cost_mi": 908.8
   },
   "geometry": {
    "type": "Point",
    "coordinates": [
     75.6927,
     28.9045
    ]
   }
  },
  {
   "type": "Feature",
   "properties": {
    "cell": 1268,
    "market_cell": 1735,
    "cost_mi": 856.5
   },
   "geometry": {
    "type": "Point",
    "coordinates": [
     79.5604,
     30.0032
    ]
   }
  },
  {
   "type": "Feature",
   "properties": {
    "cell": 1269,
    "market_cell": 1735,
    "cost_mi": 1079.6
   },
   "geometry": {
    "type": "Point",
    "coordinates": [
     83.5858,
     31.2995
    ]
   }
  },
  {
   "type": "Feature",
   "properties": {
    "cell": 1270,
    "market_cell": 1735,
    "cost_mi": 859.0
   },
   "geometry": {
    "type": "Point",
    "coordinates": [
     85.2203,
     29.3531
    ]
   }
  },
  {
   "type": "Feature",
   "properties": {
    "cell": 1271,
    "market_cell": 1735,
    "cost_mi": 1034.5
   },
   "geometry": {
    "type": "Point",
    "coordinates": [
     89.6753,
     31.2139
    ]
   }
  },
  {
   "type": "Feature",
   "properties": {
    "cell": 1272,
    "market_cell": 1735,
    "cost_mi": 1160.6
   },
   "geometry": {
    "type": "Point",
    "coordinates": [
     91.9123,
     30.0355
    ]
   }
  },
  {
   "type": "Feature",
   "properties": {
    "cell": 1273,
    "market_cell": 1735,
    "cost_mi": 1114.9
   },
   "geometry": {
    "type": "Point",
    "coordinates": [
     96.5326,
     29.2163
    ]
   }
  },
  {
   "type": "Feature",
   "properties": {
    "cell": 1274,
    "market_cell": 1735,
    "cost_mi": 1151.4
   },
   "geometry": {
    "type": "Point",
    "coordinates": [
     98.7639,
     28.762
    ]
   }
  },
  {
   "type": "Feature",
   "properties": {
    "cell": 1303,
    "market_cell": 2141,
    "cost_mi": 1639.0
   },
   "geometry": {
    "type": "Point",
    "coordinates": [
     -104.9617,
     25.9983
    ]
   }
  },
  {
   "type": "Feature",
   "properties": {
    "cell": 1304,
    "market_cell": 2141,
    "cost_mi": 1681.2
   },
   "geometry": {
    "type": "Point",
    "coordinates": [
     -106.9649,
     24.8427
    ]
   }
  },
  {
   "type": "Feature",
   "properties": {
    "cell": 1305,
    "market_cell": 2141,
    "cost_mi": 1677.1
   },
   "geometry": {
    "type": "Point",
    "coordinates": [
     -102.2933,
     27.038
    ]
   }
  },
  {
   "type": "Feature",
   "properties": {
    "cell": 1306,
    "market_cell": 2141,
    "cost_mi": 1557.6
   },
   "geometry": {
    "type": "Point",
    "coordinates": [
     -99.9442,
     25.2988
    ]
   }
  },
  {
   "type": "Feature",
   "properties": {
    "cell": 1307,
    "market_cell": 715,
    "cost_mi": 1500.7
   },
   "geometry": {
    "type": "Point",
    "coordinates": [
     -95.7572,
     25.6733
    ]
   }
  },
  {
   "type": "Feature",
   "properties": {
    "cell": 1308,
    "market_cell": 715,
    "cost_mi": 1338.0
   },
   "geometry": {
    "type": "Point",
    "coordinates": [
     -92.7314,
     26.8688
    ]
   }
  },
  {
   "type": "Feature",
   "properties": {
    "cell": 1309,
    "market_cell": 715,
    "cost_mi": 1158.6
   },
   "geometry": {
    "type": "Point",
    "coordinates": [
     -88.4171,
     27.8667
    ]
   }
  },
  {
   "type": "Feature",
   "properties": {
    "cell": 1310,
    "market_cell": 715,
    "cost_mi": 1147.8
   },
   "geometry": {
    "type": "Point",
    "coordinates": [
     -86.7028,
     26.2549
    ]
   }
  },
  {
   "type": "Feature",
   "properties": {
    "cell": 1311,
    "market_cell": 715,
    "cost_mi": 1057.4
   },
   "geometry": {
    "type": "Point",
    "coordinates": [
     -82.6108,
     27.46
    ]
   }
  },
  {
   "type": "Feature",
   "properties": {
    "cell": 1312,
    "market_cell": 715,
    "cost_mi": 1139.9
   },
   "geometry": {
    "type": "Point",
    "coordinates": [
     -78.1615,
     27.0076
    ]
   }
  },
  {
   "type": "Feature",
   "properties": {
    "cell": 1313,
    "market_cell": 715,
    "cost_mi": 1197.5
   },
   "geometry": {
    "type": "Point",
    "coordinates": [
     -74.4744,
     25.1715
    ]
   }
  },
  {
   "type": "Feature",
   "properties": {
    "cell": 1314,
    "market_cell": 715,
    "cost_mi": 1076.6
   },
   "geometry": {
    "type": "Point",
    "coordinates": [
     -73.1801,
     27.8591
    ]
   }
  },
  {
   "type": "Feature",
   "properties": {
    "cell": 1315,
    "market_cell": 715,
    "cost_mi": 1164.7
   },
   "geometry": {
    "type": "Point",
    "coordinates": [
     -67.4727,
     27.8211
    ]
   }
  },
  {
   "type": "Feature",
   "properties": {
    "cell": 1316,
    "market_cell": 715,
    "cost_mi": 1232.4
   },
   "geometry": {
    "type": "Point",
    "coordinates": [
     -66.3152,
     25.7892
    ]
   }
  },
  {
   "type": "Feature",
   "properties": {
    "cell": 1317,
    "market_cell": 315,
    "cost_mi": 1226.0
   },
   "geometry": {
    "type": "Point",
    "coordinates": [
     -61.9971,
     27.0665
    ]
   }
  },
  {
   "type": "Feature",
   "properties": {
    "cell": 1318,
    "market_cell": 461,
    "cost_mi": 1172.6
   },
   "geometry": {
    "type": "Point",
    "coordinates": [
     -57.1354,
     27.4353
    ]
   }
  },
  {
   "type": "Feature",
   "properties": {
    "cell": 1319,
    "market_cell": 461,
    "cost_mi": 1249.9
   },
   "geometry": {
    "type": "Point",
    "coordinates": [
     -59.1272,
     25.9451
    ]
   }
  },
  {
   "type": "Feature",
   "properties": {
    "cell": 1335,
    "market_cell": 1715,
    "cost_mi": 4101.4
   },
   "geometry": {
    "type": "Point",
    "coordinates": [
     -3.1018,
     25.4585
    ]
   }
  },
  {
   "type": "Feature",
   "properties": {
    "cell": 1336,
    "market_cell": 1715,
    "cost_mi": 3837.0
   },
   "geometry": {
    "type": "Point",
    "coordinates": [
     -1.4787,
     25.9375
    ]
   }
  },
  {
   "type": "Feature",
   "properties": {
    "cell": 1337,
    "market_cell": 1715,
    "cost_mi": 3612.5
   },
   "geometry": {
    "type": "Point",
    "coordinates": [
     0.3991,
     26.4203
    ]
   }
  },
  {
   "type": "Feature",
   "properties": {
    "cell": 1338,
    "market_cell": 1715,
    "cost_mi": 3404.8
   },
   "geometry": {
    "type": "Point",
    "coordinates": [
     2.2636,
     26.8879
    ]
   }
  },
  {
   "type": "Feature",
   "properties": {
    "cell": 1339,
    "market_cell": 1715,
    "cost_mi": 3206.5
   },
   "geometry": {
    "type": "Point",
    "coordinates": [
     3.269,
     24.7096
    ]
   }
  },
  {
   "type": "Feature",
   "properties": {
    "cell": 1340,
    "market_cell": 1715,
    "cost_mi": 2969.7
   },
   "geometry": {
    "type": "Point",
    "coordinates": [
     5.6029,
     25.8501
    ]
   }
  },
  {
   "type": "Feature",
   "properties": {
    "cell": 1341,
    "market_cell": 1715,
    "cost_mi": 2233.5
   },
   "geometry": {
    "type": "Point",
    "coordinates": [
     11.0329,
     26.6008
    ]
   }
  },
  {
   "type": "Feature",
   "properties": {
    "cell": 1342,
    "market_cell": 1715,
    "cost_mi": 1973.7
   },
   "geometry": {
    "type": "Point",
    "coordinates": [
     13.114,
     27.6824
    ]
   }
  },
  {
   "type": "Feature",
   "properties": {
    "cell": 1343,
    "market_cell": 1715,
    "cost_mi": 1620.8
   },
   "geometry": {
    "type": "Point",
    "coordinates": [
     15.638,
     25.9717
    ]
   }
  },
  {
   "type": "Feature",
   "properties": {
    "cell": 1344,
    "market_cell": 1715,
    "cost_mi": 1627.3
   },
   "geometry": {
    "type": "Point",
    "coordinates": [
     20.0265,
     26.9297
    ]
   }
  },
  {
   "type": "Feature",
   "properties": {
    "cell": 1345,
    "market_cell": 1715,
    "cost_mi": 1785.8
   },
   "geometry": {
    "type": "Point",
    "coordinates": [
     22.7519,
     27.8458
    ]
   }
  },
  {
   "type": "Feature",
   "properties": {
    "cell": 1346,
    "market_cell": 1715,
    "cost_mi": 1760.4
   },
   "geometry": {
    "type": "Point",
    "coordinates": [
     26.6462,
     26.6902
    ]
   }
  },
  {
   "type": "Feature",
   "properties": {
    "cell": 1347,
    "market_cell": 1715,
    "cost_mi": 2112.6
   },
   "geometry": {
    "type": "Point",
    "coordinates": [
     30.7686,
     27.4714
    ]
   }
  },
  {
   "type": "Feature",
   "properties": {
    "cell": 1348,
    "market_cell": 1715,
    "cost_mi": 2385.1
   },
   "geometry": {
    "type": "Point",
    "coordinates": [
     34.4481,
     25.238
    ]
   }
  },
  {
   "type": "Feature",
   "properties": {
    "cell": 1349,
    "market_cell": 1820,
    "cost_mi": 2541.0
   },
   "geometry": {
    "type": "Point",
    "coordinates": [
     38.675,
     25.736
    ]
   }
  },
  {
   "type": "Feature",
   "properties": {
    "cell": 1350,
    "market_cell": 1820,
    "cost_mi": 2277.2
   },
   "geometry": {
    "type": "Point",
    "coordinates": [
     41.1039,
     26.943
    ]
   }
  },
  {
   "type": "Feature",
   "properties": {
    "cell": 1351,
    "market_cell": 1820,
    "cost_mi": 2299.7
   },
   "geometry": {
    "type": "Point",
    "coordinates": [
     43.1433,
     25.5269
    ]
   }
  },
  {
   "type": "Feature",
   "properties": {
    "cell": 1352,
    "market_cell": 1820,
    "cost_mi": 1986.0
   },
   "geometry": {
    "type": "Point",
    "coordinates": [
     43.3238,
     28.1271
    ]
   }
  },
  {
   "type": "Feature",
   "properties": {
    "cell": 1353,
    "market_cell": 1820,
    "cost_mi": 2333.7
   },
   "geometry": {
    "type": "Point",
    "coordinates": [
     46.648,
     25.7531
    ]
   }
  },
  {
   "type": "Feature",
   "properties": {
    "cell": 1354,
    "market_cell": 1820,
    "cost_mi": 1989.1
   },
   "geometry": {
    "type": "Point",
    "coordinates": [
     52.3687,
     28.0359
    ]
   }
  },
  {
   "type": "Feature",
   "properties": {
    "cell": 1355,
    "market_cell": 1820,
    "cost_mi": 2095.2
   },
   "geometry": {
    "type": "Point",
    "coordinates": [
     54.1039,
     26.2036
    ]
   }
  },
  {
   "type": "Feature",
   "properties": {
    "cell": 1356,
    "market_cell": 1820,
    "cost_mi": 1979.9
   },
   "geometry": {
    "type": "Point",
    "coordinates": [
     57.5706,
     26.751
    ]
   }
  },
  {
   "type": "Feature",
   "properties": {
    "cell": 1357,
    "market_cell": 1820,
    "cost_mi": 1891.4
   },
   "geometry": {
    "type": "Point",
    "coordinates": [
     61.6626,
     26.8156
    ]
   }
  },
  {
   "type": "Feature",
   "properties": {
    "cell": 1358,
    "market_cell": 1820,
    "cost_mi": 1420.1
   },
   "geometry": {
    "type": "Point",
    "coordinates": [
     64.5077,
     25.1886
    ]
   }
  },
  {
   "type": "Feature",
   "properties": {
    "cell": 1359,
    "market_cell": 1820,
    "cost_mi": 727.9
   },
   "geometry": {
    "type": "Point",
    "coordinates": [
     69.8161,
     25.4585
    ]
   }
  },
  {
   "type": "Feature",
   "properties": {
    "cell": 1360,
    "market_cell": 1820,
    "cost_mi": 794.0
   },
   "geometry": {
    "type": "Point",
    "coordinates": [
     71.5893,
     28.129
    ]
   }
  },
  {
   "type": "Feature",
   "properties": {
    "cell": 1361,
    "market_cell": 1820,
    "cost_mi": 801.7
   },
   "geometry": {
    "type": "Point",
    "coordinates": [
     75.9759,
     26.5742
    ]
   }
  },
  {
   "type": "Feature",
   "properties": {
    "cell": 1362,
    "market_cell": 1735,
    "cost_mi": 790.7
   },
   "geometry": {
    "type": "Point",
    "coordinates": [
     78.9731,
     26.8727
    ]
   }
  },
  {
   "type": "Feature",
   "properties": {
    "cell": 1363,
    "market_cell": 1735,
    "cost_mi": 642.5
   },
   "geometry": {
    "type": "Point",
    "coordinates": [
     82.2668,
     25.4642
    ]
   }
  },
  {
   "type": "Feature",
   "properties": {
    "cell": 1364,
    "market_cell": 1735,
    "cost_mi": 719.1
   },
   "geometry": {
    "type": "Point",
    "coordinates": [
     84.6254,
     26.3918
    ]
   }
  },
  {
   "type": "Feature",
   "properties": {
    "cell": 1365,
    "market_cell": 1735,
    "cost_mi": 754.7
   },
   "geometry": {
    "type": "Point",
    "coordinates": [
     90.1827,
     25.1924
    ]
   }
  },
  {
   "type": "Feature",
   "properties": {
    "cell": 1366,
    "market_cell": 1735,
    "cost_mi": 940.1
   },
   "geometry": {
    "type": "Point",
    "coordinates": [
     93.7311,
     26.7415
    ]
   }
  },
  {
   "type": "Feature",
   "properties": {
    "cell": 1367,
    "market_cell": 1735,
    "cost_mi": 819.9
   },
   "geometry": {
    "type": "Point",
    "coordinates": [
     96.1297,
     25.525
    ]
   }
  },
  {
   "type": "Feature",
   "properties": {
    "cell": 1368,
    "market_cell": 1735,
    "cost_mi": 1170.3
   },
   "geometry": {
    "type": "Point",
    "coordinates": [
     100.2216,
     27.6881
    ]
   }
  },
  {
   "type": "Feature",
   "properties": {
    "cell": 1369,
    "market_cell": 1735,
    "cost_mi": 1060.2
   },
   "geometry": {
    "type": "Point",
    "coordinates": [
     100.75,
     25.641
    ]
   }
  },
  {
   "type": "Feature",
   "properties": {
    "cell": 1370,
    "market_cell": 1735,
    "cost_mi": 1182.7
   },
   "geometry": {
    "type": "Point",
    "coordinates": [
     103.4792,
     27.8762
    ]
   }
  },
  {
   "type": "Feature",
   "properties": {
    "cell": 1371,
    "market_cell": 1735,
    "cost_mi": 1057.5
   },
   "geometry": {
    "type": "Point",
    "coordinates": [
     102.3845,
     25.736
    ]
   }
  },
  {
   "type": "Feature",
   "properties": {
    "cell": 1373,
    "market_cell": 1735,
    "cost_mi": 1278.0
   },
   "geometry": {
    "type": "Point",
    "coordinates": [
     108.3542,
     27.4619
    ]
   }
  },
  {
   "type": "Feature",
   "properties": {
    "cell": 1374,
    "market_cell": 1735,
    "cost_mi": 1183.3
   },
   "geometry": {
    "type": "Point",
    "coordinates": [
     107.269,
     26.0021
    ]
   }
  },
  {
   "type": "Feature",
   "properties": {
    "cell": 1387,
    "market_cell": 2141,
    "cost_mi": 1649.6
   },
   "geometry": {
    "type": "Point",
    "coordinates": [
     -108.9795,
     23.6699
    ]
   }
  },
  {
   "type": "Feature",
   "properties": {
    "cell": 1388,
    "market_cell": 2141,
    "cost_mi": 1658.7
   },
   "geometry": {
    "type": "Point",
    "coordinates": [
     -110.443,
     22.4857
    ]
   }
  },
  {
   "type": "Feature",
   "properties": {
    "cell": 1389,
    "market_cell": 2141,
    "cost_mi": 1574.2
   },
   "geometry": {
    "type": "Point",
    "coordinates": [
     -104.6633,
     24.6298
    ]
   }
  },
  {
   "type": "Feature",
   "properties": {
    "cell": 1390,
    "market_cell": 2141,
    "cost_mi": 1444.0
   },
   "geometry": {
    "type": "Point",
    "coordinates": [
     -102.0861,
     22.2672
    ]
   }
  },
  {
   "type": "Feature",
   "properties": {
    "cell": 1391,
    "market_cell": 2141,
    "cost_mi": 1488.2
   },
   "geometry": {
    "type": "Point",
    "coordinates": [
     -99.0604,
     24.0881
    ]
   }
  },
  {
   "type": "Feature",
   "properties": {
    "cell": 1392,
    "market_cell": 2141,
    "cost_mi": 1417.1
   },
   "geometry": {
    "type": "Point",
    "coordinates": [
     -95.702,
     22.3128
    ]
   }
  },
  {
   "type": "Feature",
   "properties": {
    "cell": 1393,
    "market_cell": 2141,
    "cost_mi": 1471.5
   },
   "geometry": {
    "type": "Point",
    "coordinates": [
     -92.4654,
     22.3337
    ]
   }
  },
  {
   "type": "Feature",
   "properties": {
    "cell": 1394,
    "market_cell": 715,
    "cost_mi": 1235.9
   },
   "geometry": {
    "type": "Point",
    "coordinates": [
     -87.902,
     24.626
    ]
   }
  },
  {
   "type": "Feature",
   "properties": {
    "cell": 1395,
    "market_cell": 715,
    "cost_mi": 1223.7
   },
   "geometry": {
    "type": "Point",
    "coordinates": [
     -84.4734,
     23.803
    ]
   }
  },
  {
   "type": "Feature",
   "properties": {
    "cell": 1396,
    "market_cell": 715,
    "cost_mi": 1248.2
   },
   "geometry": {
    "type": "Point",
    "coordinates": [
     -82.7762,
     22.7537
    ]
   }
  },
  {
   "type": "Feature",
   "properties": {
    "cell": 1397,
    "market_cell": 715,
    "cost_mi": 1328.4
   },
   "geometry": {
    "type": "Point",
    "coordinates": [
     -78.7868,
     22.3964
    ]
   }
  },
  {
   "type": "Feature",
   "properties": {
    "cell": 1398,
    "market_cell": 715,
    "cost_mi": 1348.3
   },
   "geometry": {
    "type": "Point",
    "coordinates": [
     -76.2458,
     21.8984
    ]
   }
  },
  {
   "type": "Feature",
   "properties": {
    "cell": 1399,
    "market_cell": 715,
    "cost_mi": 1368.8
   },
   "geometry": {
    "type": "Point",
    "coordinates": [
     -70.4072,
     22.6549
    ]
   }
  },
  {
   "type": "Feature",
   "properties": {
    "cell": 1400,
    "market_cell": 715,
    "cost_mi": 1315.4
   },
   "geometry": {
    "type": "Point",
    "coordinates": [
     -69.5177,
     23.6262
    ]
   }
  },
  {
   "type": "Feature",
   "properties": {
    "cell": 1401,
    "market_cell": 1968,
    "cost_mi": 1283.6
   },
   "geometry": {
    "type": "Point",
    "coordinates": [
     -65.038,
     24.1774
    ]
   }
  },
  {
   "type": "Feature",
   "properties": {
    "cell": 1402,
    "market_cell": 1968,
    "cost_mi": 1269.1
   },
   "geometry": {
    "type": "Point",
    "coordinates": [
     -61.1152,
     24.4549
    ]
   }
  },
  {
   "type": "Feature",
   "properties": {
    "cell": 1403,
    "market_cell": 1968,
    "cost_mi": 1149.4
   },
   "geometry": {
    "type": "Point",
    "coordinates": [
     -62.1111,
     22.3527
    ]
   }
  },
  {
   "type": "Feature",
   "properties": {
    "cell": 1421,
    "market_cell": 1968,
    "cost_mi": 4288.7
   },
   "geometry": {
    "type": "Point",
    "coordinates": [
     -12.3975,
     23.1092
    ]
   }
  },
  {
   "type": "Feature",
   "properties": {
    "cell": 1422,
    "market_cell": 1968,
    "cost_mi": 4035.9
   },
   "geometry": {
    "type": "Point",
    "coordinates": [
     -11.4605,
     21.1362
    ]
   }
  },
  {
   "type": "Feature",
   "properties": {
    "cell": 1434,
    "market_cell": 1715,
    "cost_mi": 3070.1
   },
   "geometry": {
    "type": "Point",
    "coordinates": [
     4.2915,
     22.5257
    ]
   }
  },
  {
   "type": "Feature",
   "properties": {
    "cell": 1435,
    "market_cell": 1715,
    "cost_mi": 2849.3
   },
   "geometry": {
    "type": "Point",
    "coordinates": [
     6.0249,
     23.3221
    ]
   }
  },
  {
   "type": "Feature",
   "properties": {
    "cell": 1436,
    "market_cell": 1715,
    "cost_mi": 2435.9
   },
   "geometry": {
    "type": "Point",
    "coordinates": [
     7.7506,
     24.128
    ]
   }
  },
  {
   "type": "Feature",
   "properties": {
    "cell": 1437,
    "market_cell": 1715,
    "cost_mi": 2093.9
   },
   "geometry": {
    "type": "Point",
    "coordinates": [
     10.6015,
     24.185
    ]
   }
  },
  {
   "type": "Feature",
   "properties": {
    "cell": 1438,
    "market_cell": 1715,
    "cost_mi": 1840.8
   },
   "geometry": {
    "type": "Point",
    "coordinates": [
     12.7529,
     23.7973
    ]
   }
  },
  {
   "type": "Feature",
   "properties": {
    "cell": 1439,
    "market_cell": 1715,
    "cost_mi": 1561.9
   },
   "geometry": {
    "type": "Point",
    "coordinates": [
     14.912,
     23.4247
    ]
   }
  },
  {
   "type": "Feature",
   "properties": {
    "cell": 1440,
    "market_cell": 1715,
    "cost_mi": 1353.4
   },
   "geometry": {
    "type": "Point",
    "coordinates": [
     16.7061,
     23.265
    ]
   }
  },
  {
   "type": "Feature",
   "properties": {
    "cell": 1441,
    "market_cell": 1715,
    "cost_mi": 1138.2
   },
   "geometry": {
    "type": "Point",
    "coordinates": [
     18.5117,
     23.0959
    ]
   }
  },
  {
   "type": "Feature",
   "properties": {
    "cell": 1442,
    "market_cell": 1715,
    "cost_mi": 1348.1
   },
   "geometry": {
    "type": "Point",
    "coordinates": [
     21.374,
     24.4283
    ]
   }
  },
  {
   "type": "Feature",
   "properties": {
    "cell": 1443,
    "market_cell": 1715,
    "cost_mi": 1215.5
   },
   "geometry": {
    "type": "Point",
    "coordinates": [
     23.6034,
     23.0978
    ]
   }
  },
  {
   "type": "Feature",
   "properties": {
    "cell": 1444,
    "market_cell": 1715,
    "cost_mi": 1608.6
   },
   "geometry": {
    "type": "Point",
    "coordinates": [
     28.3472,
     23.8524
    ]
   }
  },
  {
   "type": "Feature",
   "properties": {
    "cell": 1445,
    "market_cell": 1715,
    "cost_mi": 1853.2
   },
   "geometry": {
    "type": "Point",
    "coordinates": [
     30.3904,
     23.3126
    ]
   }
  },
  {
   "type": "Feature",
   "properties": {
    "cell": 1446,
    "market_cell": 1715,
    "cost_mi": 2080.6
   },
   "geometry": {
    "type": "Point",
    "coordinates": [
     34.6819,
     22.1303
    ]
   }
  },
  {
   "type": "Feature",
   "properties": {
    "cell": 1447,
    "market_cell": 1715,
    "cost_mi": 2343.9
   },
   "geometry": {
    "type": "Point",
    "coordinates": [
     36.1301,
     20.3759
    ]
   }
  },
  {
   "type": "Feature",
   "properties": {
    "cell": 1448,
    "market_cell": 1715,
    "cost_mi": 2437.3
   },
   "geometry": {
    "type": "Point",
    "coordinates": [
     36.2727,
     24.5975
    ]
   }
  },
  {
   "type": "Feature",
   "properties": {
    "cell": 1450,
    "market_cell": 1820,
    "cost_mi": 2585.7
   },
   "geometry": {
    "type": "Point",
    "coordinates": [
     45.1978,
     24.1299
    ]
   }
  },
  {
   "type": "Feature",
   "properties": {
    "cell": 1451,
    "market_cell": 1820,
    "cost_mi": 2669.4
   },
   "geometry": {
    "type": "Point",
    "coordinates": [
     43.8655,
     21.8395
    ]
   }
  },
  {
   "type": "Feature",
   "properties": {
    "cell": 1452,
    "market_cell": 1820,
    "cost_mi": 2170.0
   },
   "geometry": {
    "type": "Point",
    "coordinates": [
     48.1798,
     21.8319
    ]
   }
  },
  {
   "type": "Feature",
   "properties": {
    "cell": 1453,
    "market_cell": 1820,
    "cost_mi": 2102.2
   },
   "geometry": {
    "type": "Point",
    "coordinates": [
     51.4735,
     23.5673
    ]
   }
  },
  {
   "type": "Feature",
   "properties": {
    "cell": 1454,
    "market_cell": 1820,
    "cost_mi": 1984.4
   },
   "geometry": {
    "type": "Point",
    "coordinates": [
     54.1439,
     23.1586
    ]
   }
  },
  {
   "type": "Feature",
   "properties": {
    "cell": 1455,
    "market_cell": 1820,
    "cost_mi": 1599.3
   },
   "geometry": {
    "type": "Point",
    "coordinates": [
     58.0553,
     21.963
    ]
   }
  },
  {
   "type": "Feature",
   "properties": {
    "cell": 1456,
    "market_cell": 1820,
    "cost_mi": 1767.2
   },
   "geometry": {
    "type": "Point",
    "coordinates": [
     62.5711,
     24.185
    ]
   }
  },
  {
   "type": "Feature",
   "properties": {
    "cell": 1457,
    "market_cell": 1820,
    "cost_mi": 1412.6
   },
   "geometry": {
    "type": "Point",
    "coordinates": [
     64.9677,
     22.3185
    ]
   }
  },
  {
   "type": "Feature",
   "properties": {
    "cell": 1458,
    "market_cell": 1820,
    "cost_mi": 1120.8
   },
   "geometry": {
    "type": "Point",
    "coordinates": [
     67.8148,
     22.6739
    ]
   }
  },
  {
   "type": "Feature",
   "properties": {
    "cell": 1459,
    "market_cell": 1820,
    "cost_mi": 590.0
   },
   "geometry": {
    "type": "Point",
    "coordinates": [
     72.0569,
     23.1168
    ]
   }
  },
  {
   "type": "Feature",
   "properties": {
    "cell": 1460,
    "market_cell": 1820,
    "cost_mi": 612.9
   },
   "geometry": {
    "type": "Point",
    "coordinates": [
     76.5765,
     21.9193
    ]
   }
  },
  {
   "type": "Feature",
   "properties": {
    "cell": 1461,
    "market_cell": 1735,
    "cost_mi": 589.2
   },
   "geometry": {
    "type": "Point",
    "coordinates": [
     78.7336,
     22.0258
    ]
   }
  },
  {
   "type": "Feature",
   "properties": {
    "cell": 1462,
    "market_cell": 1735,
    "cost_mi": 495.3
   },
   "geometry": {
    "type": "Point",
    "coordinates": [
     83.295,
     24.3466
    ]
   }
  },
  {
   "type": "Feature",
   "properties": {
    "cell": 1463,
    "market_cell": 1735,
    "cost_mi": 401.1
   },
   "geometry": {
    "type": "Point",
    "coordinates": [
     84.7338,
     22.5181
    ]
   }
  },
  {
   "type": "Feature",
   "properties": {
    "cell": 1464,
    "market_cell": 1735,
    "cost_mi": 608.9
   },
   "geometry": {
    "type": "Point",
    "coordinates": [
     89.0158,
     22.8184
    ]
   }
  },
  {
   "type": "Feature",
   "properties": {
    "cell": 1465,
    "market_cell": 1735,
    "cost_mi": 567.5
   },
   "geometry": {
    "type": "Point",
    "coordinates": [
     92.7808,
     23.6319
    ]
   }
  },
  {
   "type": "Feature",
   "properties": {
    "cell": 1466,
    "market_cell": 1735,
    "cost_mi": 596.4
   },
   "geometry": {
    "type": "Point",
    "coordinates": [
     95.493,
     23.3886
    ]
   }
  },
  {
   "type": "Feature",
   "properties": {
    "cell": 1467,
    "market_cell": 1735,
    "cost_mi": 822.7
   },
   "geometry": {
    "type": "Point",
    "coordinates": [
     97.7794,
     23.3677
    ]
   }
  },
  {
   "type": "Feature",
   "properties": {
    "cell": 1468,
    "market_cell": 1735,
    "cost_mi": 939.2
   },
   "geometry": {
    "type": "Point",
    "coordinates": [
     101.2936,
     23.6015
    ]
   }
  },
  {
   "type": "Feature",
   "properties": {
    "cell": 1469,
    "market_cell": 1735,
    "cost_mi": 933.6
   },
   "geometry": {
    "type": "Point",
    "coordinates": [
     103.7529,
     24.0634
    ]
   }
  },
  {
   "type": "Feature",
   "properties": {
    "cell": 1470,
    "market_cell": 1735,
    "cost_mi": 828.2
   },
   "geometry": {
    "type": "Point",
    "coordinates": [
     102.9167,
     22.2196
    ]
   }
  },
  {
   "type": "Feature",
   "properties": {
    "cell": 1471,
    "market_cell": 1735,
    "cost_mi": 1041.3
   },
   "geometry": {
    "type": "Point",
    "coordinates": [
     106.199,
     24.5328
    ]
   }
  },
  {
   "type": "Feature",
   "properties": {
    "cell": 1472,
    "market_cell": 1735,
    "cost_mi": 936.2
   },
   "geometry": {
    "type": "Point",
    "coordinates": [
     105.3684,
     22.6948
    ]
   }
  },
  {
   "type": "Feature",
   "properties": {
    "cell": 1480,
    "market_cell": 2141,
    "cost_mi": 1593.6
   },
   "geometry": {
    "type": "Point",
    "coordinates": [
     -111.9102,
     21.2978
    ]
   }
  },
  {
   "type": "Feature",
   "properties": {
    "cell": 1481,
    "market_cell": 2141,
    "cost_mi": 1484.7
   },
   "geometry": {
    "type": "Point",
    "coordinates": [
     -112.0395,
     18.9504
    ]
   }
  },
  {
   "type": "Feature",
   "properties": {
    "cell": 1482,
    "market_cell": 2141,
    "cost_mi": 1662.3
   },
   "geometry": {
    "type": "Point",
    "coordinates": [
     -110.9618,
     20.969
    ]
   }
  },
  {
   "type": "Feature",
   "properties": {
    "cell": 1483,
    "market_cell": 2141,
    "cost_mi": 1496.7
   },
   "geometry": {
    "type": "Point",
    "coordinates": [
     -107.3925,
     20.7751
    ]
   }
  },
  {
   "type": "Feature",
   "properties": {
    "cell": 1484,
    "market_cell": 2141,
    "cost_mi": 1381.2
   },
   "geometry": {
    "type": "Point",
    "coordinates": [
     -103.6598,
     20.8511
    ]
   }
  },
  {
   "type": "Feature",
   "properties": {
    "cell": 1485,
    "market_cell": 2141,
    "cost_mi": 1290.1
   },
   "geometry": {
    "type": "Point",
    "coordinates": [
     -99.7826,
     19.8703
    ]
   }
  },
  {
   "type": "Feature",
   "properties": {
    "cell": 1486,
    "market_cell": 2141,
    "cost_mi": 1277.5
   },
   "geometry": {
    "type": "Point",
    "coordinates": [
     -95.206,
     19.3381
    ]
   }
  },
  {
   "type": "Feature",
   "properties": {
    "cell": 1487,
    "market_cell": 2141,
    "cost_mi": 1397.3
   },
   "geometry": {
    "type": "Point",
    "coordinates": [
     -93.1211,
     20.872
    ]
   }
  },
  {
   "type": "Feature",
   "properties": {
    "cell": 1488,
    "market_cell": 2141,
    "cost_mi": 1325.0
   },
   "geometry": {
    "type": "Point",
    "coordinates": [
     -91.057,
     18.9124
    ]
   }
  },
  {
   "type": "Feature",
   "properties": {
    "cell": 1489,
    "market_cell": 715,
    "cost_mi": 1399.2
   },
   "geometry": {
    "type": "Point",
    "coordinates": [
     -88.0636,
     21.102
    ]
   }
  },
  {
   "type": "Feature",
   "properties": {
    "cell": 1490,
    "market_cell": 2141,
    "cost_mi": 1411.2
   },
   "geometry": {
    "type": "Point",
    "coordinates": [
     -86.1421,
     19.5434
    ]
   }
  },
  {
   "type": "Feature",
   "properties": {
    "cell": 1491,
    "market_cell": 2141,
    "cost_mi": 1395.1
   },
   "geometry": {
    "type": "Point",
    "coordinates": [
     -82.417,
     18.4334
    ]
   }
  },
  {
   "type": "Feature",
   "properties": {
    "cell": 1492,
    "market_cell": 715,
    "cost_mi": 1406.8
   },
   "geometry": {
    "type": "Point",
    "coordinates": [
     -77.77,
     20.7485
    ]
   }
  },
  {
   "type": "Feature",
   "properties": {
    "cell": 1493,
    "market_cell": 1968,
    "cost_mi": 1475.1
   },
   "geometry": {
    "type": "Point",
    "coordinates": [
     -74.3148,
     19.1728
    ]
   }
  },
  {
   "type": "Feature",
   "properties": {
    "cell": 1494,
    "market_cell": 1968,
    "cost_mi": 1317.6
   },
   "geometry": {
    "type": "Point",
    "coordinates": [
     -70.4319,
     19.397
    ]
   }
  },
  {
   "type": "Feature",
   "properties": {
    "cell": 1495,
    "market_cell": 1968,
    "cost_mi": 1289.6
   },
   "geometry": {
    "type": "Point",
    "coordinates": [
     -68.7841,
     19.0473
    ]
   }
  },
  {
   "type": "Feature",
   "properties": {
    "cell": 1496,
    "market_cell": 1968,
    "cost_mi": 1165.2
   },
   "geometry": {
    "type": "Point",
    "coordinates": [
     -65.7488,
     18.5854
    ]
   }
  },
  {
   "type": "Feature",
   "properties": {
    "cell": 1497,
    "market_cell": 1968,
    "cost_mi": 1129.8
   },
   "geometry": {
    "type": "Point",
    "coordinates": [
     -63.0937,
     20.2638
    ]
   }
  },
  {
   "type": "Feature",
   "properties": {
    "cell": 1498,
    "market_cell": 1968,
    "cost_mi": 1010.1
   },
   "geometry": {
    "type": "Point",
    "coordinates": [
     -60.2485,
     19.4636
    ]
   }
  },
  {
   "type": "Feature",
   "properties": {
    "cell": 1499,
    "market_cell": 1968,
    "cost_mi": 924.7
   },
   "geometry": {
    "type": "Point",
    "coordinates": [
     -57.4053,
     18.6767
    ]
   }
  },
  {
   "type": "Feature",
   "properties": {
    "cell": 1501,
    "market_cell": 1968,
    "cost_mi": 812.9
   },
   "geometry": {
    "type": "Point",
    "coordinates": [
     -51.5971,
     21.3757
    ]
   }
  },
  {
   "type": "Feature",
   "properties": {
    "cell": 1502,
    "market_cell": 1968,
    "cost_mi": 747.7
   },
   "geometry": {
    "type": "Point",
    "coordinates": [
     -49.5102,
     20.528
    ]
   }
  },
  {
   "type": "Feature",
   "properties": {
    "cell": 1503,
    "market_cell": 1968,
    "cost_mi": 828.6
   },
   "geometry": {
    "type": "Point",
    "coordinates": [
     -53.2544,
     19.6346
    ]
   }
  },
  {
   "type": "Feature",
   "properties": {
    "cell": 1504,
    "market_cell": 1968,
    "cost_mi": 695.9
   },
   "geometry": {
    "type": "Point",
    "coordinates": [
     -47.4386,
     19.665
    ]
   }
  },
  {
   "type": "Feature",
   "properties": {
    "cell": 1505,
    "market_cell": 1968,
    "cost_mi": 701.4
   },
   "geometry": {
    "type": "Point",
    "coordinates": [
     -45.1845,
     20.5375
    ]
   }
  },
  {
   "type": "Feature",
   "properties": {
    "cell": 1506,
    "market_cell": 1968,
    "cost_mi": 631.5
   },
   "geometry": {
    "type": "Point",
    "coordinates": [
     -44.4167,
     18.2471
    ]
   }
  },
  {
   "type": "Feature",
   "properties": {
    "cell": 1516,
    "market_cell": 1968,
    "cost_mi": 4164.5
   },
   "geometry": {
    "type": "Point",
    "coordinates": [
     -14.3076,
     21.2446
    ]
   }
  },
  {
   "type": "Feature",
   "properties": {
    "cell": 1517,
    "market_cell": 1968,
    "cost_mi": 3916.1
   },
   "geometry": {
    "type": "Point",
    "coordinates": [
     -12.4298,
     20.2049
    ]
   }
  },
  {
   "type": "Feature",
   "properties": {
    "cell": 1518,
    "market_cell": 1968,
    "cost_mi": 3714.2
   },
   "geometry": {
    "type": "Point",
    "coordinates": [
     -10.5368,
     19.1614
    ]
   }
  },
  {
   "type": "Feature",
   "properties": {
    "cell": 1519,
    "market_cell": 1715,
    "cost_mi": 3833.2
   },
   "geometry": {
    "type": "Point",
    "coordinates": [
     -7.9444,
     17.3537
    ]
   }
  },
  {
   "type": "Feature",
   "properties": {
    "cell": 1520,
    "market_cell": 1968,
    "cost_mi": 3489.2
   },
   "geometry": {
    "type": "Point",
    "coordinates": [
     -11.5556,
     17.5058
    ]
   }
  },
  {
   "type": "Feature",
   "properties": {
    "cell": 1539,
    "market_cell": 1715,
    "cost_mi": 800.3
   },
   "geometry": {
    "type": "Point",
    "coordinates": [
     19.1541,
     20.2486
    ]
   }
  },
  {
   "type": "Feature",
   "properties": {
    "cell": 1540,
    "market_cell": 1715,
    "cost_mi": 542.5
   },
   "geometry": {
    "type": "Point",
    "coordinates": [
     20.5263,
     18.4942
    ]
   }
  },
  {
   "type": "Feature",
   "properties": {
    "cell": 1541,
    "market_cell": 1715,
    "cost_mi": 1305.5
   },
   "geometry": {
    "type": "Point",
    "coordinates": [
     25.1904,
     21.159
    ]
   }
  },
  {
   "type": "Feature",
   "properties": {
    "cell": 1542,
    "market_cell": 1715,
    "cost_mi": 996.6
   },
   "geometry": {
    "type": "Point",
    "coordinates": [
     25.9753,
     19.1271
    ]
   }
  },
  {
   "type": "Feature",
   "properties": {
    "cell": 1543,
    "market_cell": 1715,
    "cost_mi": 1655.2
   },
   "geometry": {
    "type": "Point",
    "coordinates": [
     31.0822,
     21.389
    ]
   }
  },
  {
   "type": "Feature",
   "properties": {
    "cell": 1544,
    "market_cell": 1715,
    "cost_mi": 2008.8
   },
   "geometry": {
    "type": "Point",
    "coordinates": [
     32.7053,
     19.4275
    ]
   }
  },
  {
   "type": "Feature",
   "properties": {
    "cell": 1545,
    "market_cell": 1715,
    "cost_mi": 2382.0
   },
   "geometry": {
    "type": "Point",
    "coordinates": [
     37.5708,
     18.6367
    ]
   }
  },
  {
   "type": "Feature",
   "properties": {
    "cell": 1546,
    "market_cell": 1820,
    "cost_mi": 2546.0
   },
   "geometry": {
    "type": "Point",
    "coordinates": [
     40.0453,
     19.1024
    ]
   }
  },
  {
   "type": "Feature",
   "properties": {
    "cell": 1547,
    "market_cell": 1820,
    "cost_mi": 2540.0
   },
   "geometry": {
    "type": "Point",
    "coordinates": [
     42.5294,
     19.5529
    ]
   }
  },
  {
   "type": "Feature",
   "properties": {
    "cell": 1548,
    "market_cell": 1820,
    "cost_mi": 2452.6
   },
   "geometry": {
    "type": "Point",
    "coordinates": [
     44.1107,
     19.7715
    ]
   }
  },
  {
   "type": "Feature",
   "properties": {
    "cell": 1549,
    "market_cell": 1820,
    "cost_mi": 1916.2
   },
   "geometry": {
    "type": "Point",
    "coordinates": [
     49.3677,
     18.4638
    ]
   }
  },
  {
   "type": "Feature",
   "properties": {
    "cell": 1550,
    "market_cell": 1820,
    "cost_mi": 1547.4
   },
   "geometry": {
    "type": "Point",
    "coordinates": [
     52.4333,
     18.977
    ]
   }
  },
  {
   "type": "Feature",
   "properties": {
    "cell": 1551,
    "market_cell": 1820,
    "cost_mi": 1537.4
   },
   "geometry": {
    "type": "Point",
    "coordinates": [
     53.6782,
     19.3248
    ]
   }
  },
  {
   "type": "Feature",
   "properties": {
    "cell": 1552,
    "market_cell": 1820,
    "cost_mi": 1233.0
   },
   "geometry": {
    "type": "Point",
    "coordinates": [
     58.1161,
     18.7983
    ]
   }
  },
  {
   "type": "Feature",
   "properties": {
    "cell": 1553,
    "market_cell": 1820,
    "cost_mi": 1240.1
   },
   "geometry": {
    "type": "Point",
    "coordinates": [
     61.1779,
     18.7413
    ]
   }
  },
  {
   "type": "Feature",
   "properties": {
    "cell": 1554,
    "market_cell": 1820,
    "cost_mi": 1047.2
   },
   "geometry": {
    "type": "Point",
    "coordinates": [
     63.9547,
     19.3286
    ]
   }
  },
  {
   "type": "Feature",
   "properties": {
    "cell": 1555,
    "market_cell": 1820,
    "cost_mi": 774.5
   },
   "geometry": {
    "type": "Point",
    "coordinates": [
     69.8864,
     19.5472
    ]
   }
  },
  {
   "type": "Feature",
   "properties": {
    "cell": 1556,
    "market_cell": 1820,
    "cost_mi": 428.8
   },
   "geometry": {
    "type": "Point",
    "coordinates": [
     73.1668,
     19.838
    ]
   }
  },
  {
   "type": "Feature",
   "properties": {
    "cell": 1557,
    "market_cell": 1820,
    "cost_mi": 510.3
   },
   "geometry": {
    "type": "Point",
    "coordinates": [
     74.3889,
     21.1989
    ]
   }
  },
  {
   "type": "Feature",
   "properties": {
    "cell": 1558,
    "market_cell": 1735,
    "cost_mi": 502.5
   },
   "geometry": {
    "type": "Point",
    "coordinates": [
     77.8365,
     19.3438
    ]
   }
  },
  {
   "type": "Feature",
   "properties": {
    "cell": 1559,
    "market_cell": 1735,
    "cost_mi": 380.9
   },
   "geometry": {
    "type": "Point",
    "coordinates": [
     83.4262,
     20.8226
    ]
   }
  },
  {
   "type": "Feature",
   "properties": {
    "cell": 1560,
    "market_cell": 1735,
    "cost_mi": 258.9
   },
   "geometry": {
    "type": "Point",
    "coordinates": [
     85.9882,
     19.2412
    ]
   }
  },
  {
   "type": "Feature",
   "properties": {
    "cell": 1561,
    "market_cell": 1735,
    "cost_mi": 279.4
   },
   "geometry": {
    "type": "Point",
    "coordinates": [
     88.7421,
     19.1709
    ]
   }
  },
  {
   "type": "Feature",
   "properties": {
    "cell": 1562,
    "market_cell": 1735,
    "cost_mi": 465.6
   },
   "geometry": {
    "type": "Point",
    "coordinates": [
     92.4368,
     21.3719
    ]
   }
  },
  {
   "type": "Feature",
   "properties": {
    "cell": 1563,
    "market_cell": 1735,
    "cost_mi": 434.5
   },
   "geometry": {
    "type": "Point",
    "coordinates": [
     96.008,
     20.528
    ]
   }
  },
  {
   "type": "Feature",
   "properties": {
    "cell": 1564,
    "market_cell": 1735,
    "cost_mi": 535.6
   },
   "geometry": {
    "type": "Point",
    "coordinates": [
     100.5466,
     19.9388
    ]
   }
  },
  {
   "type": "Feature",
   "properties": {
    "cell": 1565,
    "market_cell": 1735,
    "cost_mi": 600.9
   },
   "geometry": {
    "type": "Point",
    "coordinates": [
     101.8789,
     20.1364
    ]
   }
  },
  {
   "type": "Feature",
   "properties": {
    "cell": 1566,
    "market_cell": 1735,
    "cost_mi": 744.2
   },
   "geometry": {
    "type": "Point",
    "coordinates": [
     104.5341,
     20.8549
    ]
   }
  },
  {
   "type": "Feature",
   "properties": {
    "cell": 1567,
    "market_cell": 1735,
    "cost_mi": 663.5
   },
   "geometry": {
    "type": "Point",
    "coordinates": [
     103.4488,
     18.6463
    ]
   }
  },
  {
   "type": "Feature",
   "properties": {
    "cell": 1575,
    "market_cell": 2141,
    "cost_mi": 1412.5
   },
   "geometry": {
    "type": "Point",
    "coordinates": [
     -112.1877,
     16.622
    ]
   }
  },
  {
   "type": "Feature",
   "properties": {
    "cell": 1576,
    "market_cell": 2141,
    "cost_mi": 1386.3
   },
   "geometry": {
    "type": "Point",
    "coordinates": [
     -113.0088,
     14.2175
    ]
   }
  },
  {
   "type": "Feature",
   "properties": {
    "cell": 1577,
    "market_cell": 2141,
    "cost_mi": 1271.0
   },
   "geometry": {
    "type": "Point",
    "coordinates": [
     -109.7075,
     14.9664
    ]
   }
  },
  {
   "type": "Feature",
   "properties": {
    "cell": 1578,
    "market_cell": 2141,
    "cost_mi": 1226.9
   },
   "geometry": {
    "type": "Point",
    "coordinates": [
     -104.7393,
     17.6997
    ]
   }
  },
  {
   "type": "Feature",
   "properties": {
    "cell": 1579,
    "market_cell": 2141,
    "cost_mi": 1247.2
   },
   "geometry": {
    "type": "Point",
    "coordinates": [
     -101.6737,
     17.3328
    ]
   }
  },
  {
   "type": "Feature",
   "properties": {
    "cell": 1580,
    "market_cell": 2141,
    "cost_mi": 1112.4
   },
   "geometry": {
    "type": "Point",
    "coordinates": [
     -99.3075,
     16.4148
    ]
   }
  },
  {
   "type": "Feature",
   "properties": {
    "cell": 1581,
    "market_cell": 2141,
    "cost_mi": 1105.7
   },
   "geometry": {
    "type": "Point",
    "coordinates": [
     -95.3808,
     16.2057
    ]
   }
  },
  {
   "type": "Feature",
   "properties": {
    "cell": 1582,
    "market_cell": 2141,
    "cost_mi": 1053.1
   },
   "geometry": {
    "type": "Point",
    "coordinates": [
     -93.2807,
     14.8828
    ]
   }
  },
  {
   "type": "Feature",
   "properties": {
    "cell": 1584,
    "market_cell": 2141,
    "cost_mi": 1242.7
   },
   "geometry": {
    "type": "Point",
    "coordinates": [
     -88.9987,
     16.9698
    ]
   }
  },
  {
   "type": "Feature",
   "properties": {
    "cell": 1585,
    "market_cell": 2141,
    "cost_mi": 1151.1
   },
   "geometry": {
    "type": "Point",
    "coordinates": [
     -90.0877,
     15.2819
    ]
   }
  },
  {
   "type": "Feature",
   "properties": {
    "cell": 1586,
    "market_cell": 2141,
    "cost_mi": 1219.3
   },
   "geometry": {
    "type": "Point",
    "coordinates": [
     -84.9999,
     14.9455
    ]
   }
  },
  {
   "type": "Feature",
   "properties": {
    "cell": 1587,
    "market_cell": 2141,
    "cost_mi": 1352.7
   },
   "geometry": {
    "type": "Point",
    "coordinates": [
     -81.7784,
     15.6279
    ]
   }
  },
  {
   "type": "Feature",
   "properties": {
    "cell": 1588,
    "market_cell": 2141,
    "cost_mi": 1454.4
   },
   "geometry": {
    "type": "Point",
    "coordinates": [
     -80.1914,
     17.1732
    ]
   }
  },
  {
   "type": "Feature",
   "properties": {
    "cell": 1589,
    "market_cell": 1968,
    "cost_mi": 1394.0
   },
   "geometry": {
    "type": "Point",
    "coordinates": [
     -74.4991,
     17.4013
    ]
   }
  },
  {
   "type": "Feature",
   "properties": {
    "cell": 1590,
    "market_cell": 1968,
    "cost_mi": 1246.8
   },
   "geometry": {
    "type": "Point",
    "coordinates": [
     -71.327,
     15.6317
    ]
   }
  },
  {
   "type": "Feature",
   "properties": {
    "cell": 1591,
    "market_cell": 1968,
    "cost_mi": 1245.1
   },
   "geometry": {
    "type": "Point",
    "coordinates": [
     -69.377,
     17.597
    ]
   }
  },
  {
   "type": "Feature",
   "properties": {
    "cell": 1592,
    "market_cell": 1968,
    "cost_mi": 1064.0
   },
   "geometry": {
    "type": "Point",
    "coordinates": [
     -63.8692,
     16.9413
    ]
   }
  },
  {
   "type": "Feature",
   "properties": {
    "cell": 1593,
    "market_cell": 1968,
    "cost_mi": 977.1
   },
   "geometry": {
    "type": "Point",
    "coordinates": [
     -61.7709,
     16.7284
    ]
   }
  },
  {
   "type": "Feature",
   "properties": {
    "cell": 1594,
    "market_cell": 1968,
    "cost_mi": 870.8
   },
   "geometry": {
    "type": "Point",
    "coordinates": [
     -56.7039,
     17.177
    ]
   }
  },
  {
   "type": "Feature",
   "properties": {
    "cell": 1595,
    "market_cell": 1968,
    "cost_mi": 802.9
   },
   "geometry": {
    "type": "Point",
    "coordinates": [
     -54.906,
     17.8841
    ]
   }
  },
  {
   "type": "Feature",
   "properties": {
    "cell": 1596,
    "market_cell": 1968,
    "cost_mi": 713.3
   },
   "geometry": {
    "type": "Point",
    "coordinates": [
     -52.7241,
     15.6849
    ]
   }
  },
  {
   "type": "Feature",
   "properties": {
    "cell": 1597,
    "market_cell": 1968,
    "cost_mi": 608.9
   },
   "geometry": {
    "type": "Point",
    "coordinates": [
     -46.4731,
     16.8177
    ]
   }
  },
  {
   "type": "Feature",
   "properties": {
    "cell": 1598,
    "market_cell": 1968,
    "cost_mi": 561.3
   },
   "geometry": {
    "type": "Point",
    "coordinates": [
     -43.6393,
     15.9491
    ]
   }
  },
  {
   "type": "Feature",
   "properties": {
    "cell": 1604,
    "market_cell": 1968,
    "cost_mi": 2373.8
   },
   "geometry": {
    "type": "Point",
    "coordinates": [
     -24.012,
     15.0748
    ]
   }
  },
  {
   "type": "Feature",
   "properties": {
    "cell": 1605,
    "market_cell": 1968,
    "cost_mi": 2175.2
   },
   "geometry": {
    "type": "Point",
    "coordinates": [
     -24.7266,
     13.5143
    ]
   }
  },
  {
   "type": "Feature",
   "properties": {
    "cell": 1606,
    "market_cell": 1968,
    "cost_mi": 2584.4
   },
   "geometry": {
    "type": "Point",
    "coordinates": [
     -21.8757,
     15.6051
    ]
   }
  },
  {
   "type": "Feature",
   "properties": {
    "cell": 1607,
    "market_cell": 1968,
    "cost_mi": 2919.2
   },
   "geometry": {
    "type": "Point",
    "coordinates": [
     -19.7452,
     16.1373
    ]
   }
  },
  {
   "type": "Feature",
   "properties": {
    "cell": 1608,
    "market_cell": 1968,
    "cost_mi": 2716.9
   },
   "geometry": {
    "type": "Point",
    "coordinates": [
     -18.4376,
     15.0424
    ]
   }
  },
  {
   "type": "Feature",
   "properties": {
    "cell": 1609,
    "market_cell": 1968,
    "cost_mi": 2974.0
   },
   "geometry": {
    "type": "Point",
    "coordinates": [
     -16.231,
     14.7878
    ]
   }
  },
  {
   "type": "Feature",
   "properties": {
    "cell": 1610,
    "market_cell": 1968,
    "cost_mi": 3252.6
   },
   "geometry": {
    "type": "Point",
    "coordinates": [
     -12.5857,
     15.8541
    ]
   }
  },
  {
   "type": "Feature",
   "properties": {
    "cell": 1611,
    "market_cell": 1968,
    "cost_mi": 3388.3
   },
   "geometry": {
    "type": "Point",
    "coordinates": [
     -10.7098,
     15.1584
    ]
   }
  },
  {
   "type": "Feature",
   "properties": {
    "cell": 1612,
    "market_cell": 1715,
    "cost_mi": 3351.5
   },
   "geometry": {
    "type": "Point",
    "coordinates": [
     -5.3635,
     15.5633
    ]
   }
  },
  {
   "type": "Feature",
   "properties": {
    "cell": 1613,
    "market_cell": 1715,
    "cost_mi": 2976.9
   },
   "geometry": {
    "type": "Point",
    "coordinates": [
     -2.2066,
     15.5499
    ]
   }
  },
  {
   "type": "Feature",
   "properties": {
    "cell": 1614,
    "market_cell": 1715,
    "cost_mi": 2908.7
   },
   "geometry": {
    "type": "Point",
    "coordinates": [
     -0.4885,
     17.139
    ]
   }
  },
  {
   "type": "Feature",
   "properties": {
    "cell": 1615,
    "market_cell": 1715,
    "cost_mi": 2575.9
   },
   "geometry": {
    "type": "Point",
    "coordinates": [
     2.1591,
     16.0175
    ]
   }
  },
  {
   "type": "Feature",
   "properties": {
    "cell": 1616,
    "market_cell": 1715,
    "cost_mi": 2272.0
   },
   "geometry": {
    "type": "Point",
    "coordinates": [
     4.7515,
     15.6051
    ]
   }
  },
  {
   "type": "Feature",
   "properties": {
    "cell": 1617,
    "market_cell": 1715,
    "cost_mi": 1929.0
   },
   "geometry": {
    "type": "Point",
    "coordinates": [
     7.3553,
     15.2059
    ]
   }
  },
  {
   "type": "Feature",
   "properties": {
    "cell": 1622,
    "market_cell": 1715,
    "cost_mi": 339.4
   },
   "geometry": {
    "type": "Point",
    "coordinates": [
     21.8795,
     16.7493
    ]
   }
  },
  {
   "type": "Feature",
   "properties": {
    "cell": 1623,
    "market_cell": 1715,
    "cost_mi": 511.1
   },
   "geometry": {
    "type": "Point",
    "coordinates": [
     24.1678,
     16.6695
    ]
   }
  },
  {
   "type": "Feature",
   "properties": {
    "cell": 1624,
    "market_cell": 1715,
    "cost_mi": 1049.0
   },
   "geometry": {
    "type": "Point",
    "coordinates": [
     27.6877,
     15.1394
    ]
   }
  },
  {
   "type": "Feature",
   "properties": {
    "cell": 1625,
    "market_cell": 1715,
    "cost_mi": 1308.5
   },
   "geometry": {
    "type": "Point",
    "coordinates": [
     29.9228,
     15.32
    ]
   }
  },
  {
   "type": "Feature",
   "properties": {
    "cell": 1626,
    "market_cell": 1715,
    "cost_mi": 1818.8
   },
   "geometry": {
    "type": "Point",
    "coordinates": [
     33.6613,
     16.1677
    ]
   }
  },
  {
   "type": "Feature",
   "properties": {
    "cell": 1627,
    "market_cell": 1715,
    "cost_mi": 2218.8
   },
   "geometry": {
    "type": "Point",
    "coordinates": [
     36.3734,
     17.8936
    ]
   }
  },
  {
   "type": "Feature",
   "properties": {
    "cell": 1628,
    "market_cell": 1820,
    "cost_mi": 2142.9
   },
   "geometry": {
    "type": "Point",
    "coordinates": [
     42.174,
     16.4547
    ]
   }
  },
  {
   "type": "Feature",
   "properties": {
    "cell": 1629,
    "market_cell": 1820,
    "cost_mi": 1918.2
   },
   "geometry": {
    "type": "Point",
    "coordinates": [
     43.6887,
     15.3941
    ]
   }
  },
  {
   "type": "Feature",
   "properties": {
    "cell": 1630,
    "market_cell": 1820,
    "cost_mi": 1919.2
   },
   "geometry": {
    "type": "Point",
    "coordinates": [
     47.3417,
     16.4813
    ]
   }
  },
  {
   "type": "Feature",
   "properties": {
    "cell": 1631,
    "market_cell": 1820,
    "cost_mi": 1489.5
   },
   "geometry": {
    "type": "Point",
    "coordinates": [
     50.6012,
     14.9018
    ]
   }
  },
  {
   "type": "Feature",
   "properties": {
    "cell": 1632,
    "market_cell": 1820,
    "cost_mi": 1134.8
   },
   "geometry": {
    "type": "Point",
    "coordinates": [
     53.4692,
     15.7438
    ]
   }
  },
  {
   "type": "Feature",
   "properties": {
    "cell": 1633,
    "market_cell": 1820,
    "cost_mi": 953.8
   },
   "geometry": {
    "type": "Point",
    "coordinates": [
     57.677,
     16.4262
    ]
   }
  },
  {
   "type": "Feature",
   "properties": {
    "cell": 1634,
    "market_cell": 1820,
    "cost_mi": 807.3
   },
   "geometry": {
    "type": "Point",
    "coordinates": [
     60.3626,
     15.0919
    ]
   }
  },
  {
   "type": "Feature",
   "properties": {
    "cell": 1635,
    "market_cell": 1820,
    "cost_mi": 717.5
   },
   "geometry": {
    "type": "Point",
    "coordinates": [
     65.6557,
     17.0439
    ]
   }
  },
  {
   "type": "Feature",
   "properties": {
    "cell": 1636,
    "market_cell": 1820,
    "cost_mi": 579.8
   },
   "geometry": {
    "type": "Point",
    "coordinates": [
     67.8623,
     17.3614
    ]
   }
  },
  {
   "type": "Feature",
   "properties": {
    "cell": 1637,
    "market_cell": 1820,
    "cost_mi": 232.2
   },
   "geometry": {
    "type": "Point",
    "coordinates": [
     72.5852,
     15.5385
    ]
   }
  },
  {
   "type": "Feature",
   "properties": {
    "cell": 1638,
    "market_cell": 1820,
    "cost_mi": 120.0
   },
   "geometry": {
    "type": "Point",
    "coordinates": [
     70.0175,
     14.5026
    ]
   }
  },
  {
   "type": "Feature",
   "properties": {
    "cell": 1639,
    "market_cell": 1820,
    "cost_mi": 379.1
   },
   "geometry": {
    "type": "Point",
    "coordinates": [
     75.573,
     16.0213
    ]
   }
  },
  {
   "type": "Feature",
   "properties": {
    "cell": 1640,
    "market_cell": 1820,
    "cost_mi": 399.3
   },
   "geometry": {
    "type": "Point",
    "coordinates": [
     75.6433,
     13.8754
    ]
   }
  },
  {
   "type": "Feature",
   "properties": {
    "cell": 1641,
    "market_cell": 1735,
    "cost_mi": 352.5
   },
   "geometry": {
    "type": "Point",
    "coordinates": [
     78.5379,
     16.0099
    ]
   }
  },
  {
   "type": "Feature",
   "properties": {
    "cell": 1642,
    "market_cell": 1735,
    "cost_mi": 174.7
   },
   "geometry": {
    "type": "Point",
    "coordinates": [
     82.8161,
     15.0329
    ]
   }
  },
  {
   "type": "Feature",
   "properties": {
    "cell": 1643,
    "market_cell": 1735,
    "cost_mi": 174.6
   },
   "geometry": {
    "type": "Point",
    "coordinates": [
     86.3417,
     17.1903
    ]
   }
  },
  {
   "type": "Feature",
   "properties": {
    "cell": 1644,
    "market_cell": 1735,
    "cost_mi": 118.8
   },
   "geometry": {
    "type": "Point",
    "coordinates": [
     88.3164,
     15.2306
    ]
   }
  },
  {
   "type": "Feature",
   "properties": {
    "cell": 1645,
    "market_cell": 1735,
    "cost_mi": 284.3
   },
   "geometry": {
    "type": "Point",
    "coordinates": [
     93.427,
     16.6429
    ]
   }
  },
  {
   "type": "Feature",
   "properties": {
    "cell": 1646,
    "market_cell": 1735,
    "cost_mi": 349.6
   },
   "geometry": {
    "type": "Point",
    "coordinates": [
     95.4474,
     17.6465
    ]
   }
  },
  {
   "type": "Feature",
   "properties": {
    "cell": 1647,
    "market_cell": 1735,
    "cost_mi": 436.3
   },
   "geometry": {
    "type": "Point",
    "coordinates": [
     98.3857,
     15.1755
    ]
   }
  },
  {
   "type": "Feature",
   "properties": {
    "cell": 1648,
    "market_cell": 1735,
    "cost_mi": 496.6
   },
   "geometry": {
    "type": "Point",
    "coordinates": [
     100.3699,
     15.8141
    ]
   }
  },
  {
   "type": "Feature",
   "properties": {
    "cell": 1649,
    "market_cell": 1735,
    "cost_mi": 431.9
   },
   "geometry": {
    "type": "Point",
    "coordinates": [
     99.3436,
     13.7233
    ]
   }
  },
  {
   "type": "Feature",
   "properties": {
    "cell": 1650,
    "market_cell": 1735,
    "cost_mi": 378.1
   },
   "geometry": {
    "type": "Point",
    "coordinates": [
     97.519,
     13.3622
    ]
   }
  },
  {
   "type": "Feature",
   "properties": {
    "cell": 1651,
    "market_cell": 1735,
    "cost_mi": 556.7
   },
   "geometry": {
    "type": "Point",
    "coordinates": [
     102.3522,
     16.4376
    ]
   }
  },
  {
   "type": "Feature",
   "properties": {
    "cell": 1670,
    "market_cell": 2141,
    "cost_mi": 1315.1
   },
   "geometry": {
    "type": "Point",
    "coordinates": [
     -113.8431,
     11.8036
    ]
   }
  },
  {
   "type": "Feature",
   "properties": {
    "cell": 1671,
    "market_cell": 2141,
    "cost_mi": 1233.7
   },
   "geometry": {
    "type": "Point",
    "coordinates": [
     -115.2705,
     10.0929
    ]
   }
  },
  {
   "type": "Feature",
   "properties": {
    "cell": 1672,
    "market_cell": 2141,
    "cost_mi": 1186.8
   },
   "geometry": {
    "type": "Point",
    "coordinates": [
     -108.2345,
     14.4551
    ]
   }
  },
  {
   "type": "Feature",
   "properties": {
    "cell": 1673,
    "market_cell": 2141,
    "cost_mi": 1002.1
   },
   "geometry": {
    "type": "Point",
    "coordinates": [
     -105.6402,
     12.9288
    ]
   }
  },
  {
   "type": "Feature",
   "properties": {
    "cell": 1674,
    "market_cell": 2141,
    "cost_mi": 1103.1
   },
   "geometry": {
    "type": "Point",
    "coordinates": [
     -102.6012,
     14.4399
    ]
   }
  },
  {
   "type": "Feature",
   "properties": {
    "cell": 1675,
    "market_cell": 2141,
    "cost_mi": 916.0
   },
   "geometry": {
    "type": "Point",
    "coordinates": [
     -98.7696,
     13.3755
    ]
   }
  },
  {
   "type": "Feature",
   "properties": {
    "cell": 1676,
    "market_cell": 2141,
    "cost_mi": 903.4
   },
   "geometry": {
    "type": "Point",
    "coordinates": [
     -96.5364,
     11.9918
    ]
   }
  },
  {
   "type": "Feature",
   "properties": {
    "cell": 1677,
    "market_cell": 2141,
    "cost_mi": 1045.6
   },
   "geometry": {
    "type": "Point",
    "coordinates": [
     -91.173,
     13.5789
    ]
   }
  },
  {
   "type": "Feature",
   "properties": {
    "cell": 1678,
    "market_cell": 2141,
    "cost_mi": 1043.3
   },
   "geometry": {
    "type": "Point",
    "coordinates": [
     -87.9154,
     12.8015
    ]
   }
  },
  {
   "type": "Feature",
   "properties": {
    "cell": 1679,
    "market_cell": 2141,
    "cost_mi": 1198.1
   },
   "geometry": {
    "type": "Point",
    "coordinates": [
     -84.4411,
     11.8644
    ]
   }
  },
  {
   "type": "Feature",
   "properties": {
    "cell": 1680,
    "market_cell": 2141,
    "cost_mi": 1249.7
   },
   "geometry": {
    "type": "Point",
    "coordinates": [
     -83.3673,
     12.1552
    ]
   }
  },
  {
   "type": "Feature",
   "properties": {
    "cell": 1681,
    "market_cell": 2141,
    "cost_mi": 1412.6
   },
   "geometry": {
    "type": "Point",
    "coordinates": [
     -78.6101,
     12.1818
    ]
   }
  },
  {
   "type": "Feature",
   "properties": {
    "cell": 1682,
    "market_cell": 1968,
    "cost_mi": 1344.8
   },
   "geometry": {
    "type": "Point",
    "coordinates": [
     -74.4915,
     13.7328
    ]
   }
  },
  {
   "type": "Feature",
   "properties": {
    "cell": 1683,
    "market_cell": 1968,
    "cost_mi": 1184.9
   },
   "geometry": {
    "type": "Point",
    "coordinates": [
     -71.4297,
     13.2691
    ]
   }
  },
  {
   "type": "Feature",
   "properties": {
    "cell": 1684,
    "market_cell": 1968,
    "cost_mi": 1135.6
   },
   "geometry": {
    "type": "Point",
    "coordinates": [
     -69.7762,
     13.4249
    ]
   }
  },
  {
   "type": "Feature",
   "properties": {
    "cell": 1685,
    "market_cell": 1968,
    "cost_mi": 997.3
   },
   "geometry": {
    "type": "Point",
    "coordinates": [
     -64.9981,
     13.4819
    ]
   }
  },
  {
   "type": "Feature",
   "properties": {
    "cell": 1686,
    "market_cell": 1968,
    "cost_mi": 910.6
   },
   "geometry": {
    "type": "Point",
    "coordinates": [
     -62.3107,
     12.1571
    ]
   }
  },
  {
   "type": "Feature",
   "properties": {
    "cell": 1687,
    "market_cell": 1968,
    "cost_mi": 798.5
   },
   "geometry": {
    "type": "Point",
    "coordinates": [
     -56.6564,
     14.0921
    ]
   }
  },
  {
   "type": "Feature",
   "properties": {
    "cell": 1688,
    "market_cell": 1968,
    "cost_mi": 769.2
   },
   "geometry": {
    "type": "Point",
    "coordinates": [
     -55.9133,
     13.4021
    ]
   }
  },
  {
   "type": "Feature",
   "properties": {
    "cell": 1689,
    "market_cell": 1968,
    "cost_mi": 669.7
   },
   "geometry": {
    "type": "Point",
    "coordinates": [
     -52.1787,
     13.8127
    ]
   }
  },
  {
   "type": "Feature",
   "properties": {
    "cell": 1690,
    "market_cell": 1968,
    "cost_mi": 554.9
   },
   "geometry": {
    "type": "Point",
    "coordinates": [
     -48.1057,
     13.6226
    ]
   }
  },
  {
   "type": "Feature",
   "properties": {
    "cell": 1691,
    "market_cell": 1968,
    "cost_mi": 470.9
   },
   "geometry": {
    "type": "Point",
    "coordinates": [
     -43.8541,
     12.8319
    ]
   }
  },
  {
   "type": "Feature",
   "properties": {
    "cell": 1692,
    "market_cell": 1968,
    "cost_mi": 410.7
   },
   "geometry": {
    "type": "Point",
    "coordinates": [
     -42.8582,
     11.0053
    ]
   }
  },
  {
   "type": "Feature",
   "properties": {
    "cell": 1700,
    "market_cell": 1968,
    "cost_mi": 1917.1
   },
   "geometry": {
    "type": "Point",
    "coordinates": [
     -25.4507,
     11.9595
    ]
   }
  },
  {
   "type": "Feature",
   "properties": {
    "cell": 1701,
    "market_cell": 1968,
    "cost_mi": 2534.5
   },
   "geometry": {
    "type": "Point",
    "coordinates": [
     -19.0344,
     14.2194
    ]
   }
  },
  {
   "type": "Feature",
   "properties": {
    "cell": 1702,
    "market_cell": 1968,
    "cost_mi": 2467.0
   },
   "geometry": {
    "type": "Point",
    "coordinates": [
     -17.7971,
     12.8167
    ]
   }
  },
  {
   "type": "Feature",
   "properties": {
    "cell": 1703,
    "market_cell": 1968,
    "cost_mi": 2958.9
   },
   "geometry": {
    "type": "Point",
    "coordinates": [
     -14.0244,
     14.535
    ]
   }
  },
  {
   "type": "Feature",
   "properties": {
    "cell": 1704,
    "market_cell": 1968,
    "cost_mi": 3414.5
   },
   "geometry": {
    "type": "Point",
    "coordinates": [
     -9.9382,
     14.1662
    ]
   }
  },
  {
   "type": "Feature",
   "properties": {
    "cell": 1705,
    "market_cell": 1968,
    "cost_mi": 3593.9
   },
   "geometry": {
    "type": "Point",
    "coordinates": [
     -8.3189,
     13.2253
    ]
   }
  },
  {
   "type": "Feature",
   "properties": {
    "cell": 1706,
    "market_cell": 1715,
    "cost_mi": 2932.9
   },
   "geometry": {
    "type": "Point",
    "coordinates": [
     -2.2617,
     12.1153
    ]
   }
  },
  {
   "type": "Feature",
   "properties": {
    "cell": 1707,
    "market_cell": 1715,
    "cost_mi": 2502.3
   },
   "geometry": {
    "type": "Point",
    "coordinates": [
     1.0624,
     13.0752
    ]
   }
  },
  {
   "type": "Feature",
   "properties": {
    "cell": 1708,
    "market_cell": 1715,
    "cost_mi": 2191.3
   },
   "geometry": {
    "type": "Point",
    "coordinates": [
     3.6909,
     13.634
    ]
   }
  },
  {
   "type": "Feature",
   "properties": {
    "cell": 1709,
    "market_cell": 1715,
    "cost_mi": 1737.9
   },
   "geometry": {
    "type": "Point",
    "coordinates": [
     7.4997,
     12.7216
    ]
   }
  },
  {
   "type": "Feature",
   "properties": {
    "cell": 1710,
    "market_cell": 1715,
    "cost_mi": 1508.2
   },
   "geometry": {
    "type": "Point",
    "coordinates": [
     9.4839,
     12.6779
    ]
   }
  },
  {
   "type": "Feature",
   "properties": {
    "cell": 1711,
    "market_cell": 1715,
    "cost_mi": 1280.4
   },
   "geometry": {
    "type": "Point",
    "coordinates": [
     11.451,
     12.6437
    ]
   }
  },
  {
   "type": "Feature",
   "properties": {
    "cell": 1712,
    "market_cell": 1715,
    "cost_mi": 912.3
   },
   "geometry": {
    "type": "Point",
    "coordinates": [
     14.5148,
     13.4971
    ]
   }
  },
  {
   "type": "Feature",
   "properties": {
    "cell": 1713,
    "market_cell": 1715,
    "cost_mi": 647.9
   },
   "geometry": {
    "type": "Point",
    "coordinates": [
     16.0105,
     11.7124
    ]
   }
  },
  {
   "type": "Feature",
   "properties": {
    "cell": 1714,
    "market_cell": 1715,
    "cost_mi": 349.7
   },
   "geometry": {
    "type": "Point",
    "coordinates": [
     18.2836,
     12.925
    ]
   }
  },
  {
   "type": "Feature",
   "properties": {
    "cell": 1715,
    "market_cell": 1715,
    "cost_mi": 0.0
   },
   "geometry": {
    "type": "Point",
    "coordinates": [
     20.5529,
     14.1339
    ]
   }
  },
  {
   "type": "Feature",
   "properties": {
    "cell": 1716,
    "market_cell": 1715,
    "cost_mi": 564.9
   },
   "geometry": {
    "type": "Point",
    "coordinates": [
     24.9832,
     12.0868
    ]
   }
  },
  {
   "type": "Feature",
   "properties": {
    "cell": 1717,
    "market_cell": 1715,
    "cost_mi": 968.1
   },
   "geometry": {
    "type": "Point",
    "coordinates": [
     28.37,
     12.3643
    ]
   }
  },
  {
   "type": "Feature",
   "properties": {
    "cell": 1718,
    "market_cell": 1715,
    "cost_mi": 1216.6
   },
   "geometry": {
    "type": "Point",
    "coordinates": [
     30.5006,
     12.0982
    ]
   }
  },
  {
   "type": "Feature",
   "properties": {
    "cell": 1719,
    "market_cell": 1715,
    "cost_mi": 1657.5
   },
   "geometry": {
    "type": "Point",
    "coordinates": [
     33.4389,
     14.5216
    ]
   }
  },
  {
   "type": "Feature",
   "properties": {
    "cell": 1720,
    "market_cell": 1715,
    "cost_mi": 2030.5
   },
   "geometry": {
    "type": "Point",
    "coordinates": [
     36.6604,
     14.4646
    ]
   }
  },
  {
   "type": "Feature",
   "properties": {
    "cell": 1721,
    "market_cell": 1820,
    "cost_mi": 1843.4
   },
   "geometry": {
    "type": "Point",
    "coordinates": [
     39.9446,
     11.5774
    ]
   }
  },
  {
   "type": "Feature",
   "properties": {
    "cell": 1722,
    "market_cell": 1820,
    "cost_mi": 1462.1
   },
   "geometry": {
    "type": "Point",
    "coordinates": [
     45.7262,
     12.2427
    ]
   }
  },
  {
   "type": "Feature",
   "properties": {
    "cell": 1723,
    "market_cell": 1820,
    "cost_mi": 1559.2
   },
   "geometry": {
    "type": "Point",
    "coordinates": [
     49.0408,
     14.0141
    ]
   }
  },
  {
   "type": "Feature",
   "properties": {
    "cell": 1724,
    "market_cell": 1820,
    "cost_mi": 1205.5
   },
   "geometry": {
    "type": "Point",
    "coordinates": [
     52.3953,
     13.5371
    ]
   }
  },
  {
   "type": "Feature",
   "properties": {
    "cell": 1725,
    "market_cell": 1820,
    "cost_mi": 1051.9
   },
   "geometry": {
    "type": "Point",
    "coordinates": [
     53.5642,
     13.2405
    ]
   }
  },
  {
   "type": "Feature",
   "properties": {
    "cell": 1726,
    "market_cell": 1820,
    "cost_mi": 596.8
   },
   "geometry": {
    "type": "Point",
    "coordinates": [
     57.3711,
     13.6397
    ]
   }
  },
  {
   "type": "Feature",
   "properties": {
    "cell": 1727,
    "market_cell": 1820,
    "cost_mi": 503.7
   },
   "geometry": {
    "type": "Point",
    "coordinates": [
     60.469,
     12.4707
    ]
   }
  },
  {
   "type": "Feature",
   "properties": {
    "cell": 1728,
    "market_cell": 1820,
    "cost_mi": 177.4
   },
   "geometry": {
    "type": "Point",
    "coordinates": [
     65.9047,
     12.1115
    ]
   }
  },
  {
   "type": "Feature",
   "properties": {
    "cell": 1729,
    "market_cell": 1820,
    "cost_mi": 116.4
   },
   "geometry": {
    "type": "Point",
    "coordinates": [
     67.4575,
     13.4819
    ]
   }
  },
  {
   "type": "Feature",
   "properties": {
    "cell": 1731,
    "market_cell": 1735,
    "cost_mi": 477.6
   },
   "geometry": {
    "type": "Point",
    "coordinates": [
     75.7231,
     11.7295
    ]
   }
  },
  {
   "type": "Feature",
   "properties": {
    "cell": 1732,
    "market_cell": 1820,
    "cost_mi": 521.2
   },
   "geometry": {
    "type": "Point",
    "coordinates": [
     74.2939,
     10.0359
    ]
   }
  },
  {
   "type": "Feature",
   "properties": {
    "cell": 1733,
    "market_cell": 1735,
    "cost_mi": 345.5
   },
   "geometry": {
    "type": "Point",
    "coordinates": [
     78.3687,
     13.212
    ]
   }
  },
  {
   "type": "Feature",
   "properties": {
    "cell": 1734,
    "market_cell": 1735,
    "cost_mi": 223.2
   },
   "geometry": {
    "type": "Point",
    "coordinates": [
     81.3184,
     12.5658
    ]
   }
  },
  {
   "type": "Feature",
   "properties": {
    "cell": 1735,
    "market_cell": 1735,
    "cost_mi": 0.0
   },
   "geometry": {
    "type": "Point",
    "coordinates": [
     86.5545,
     12.8851
    ]
   }
  },
  {
   "type": "Feature",
   "properties": {
    "cell": 1736,
    "market_cell": 1735,
    "cost_mi": 100.1
   },
   "geometry": {
    "type": "Point",
    "coordinates": [
     88.6718,
     11.6116
    ]
   }
  },
  {
   "type": "Feature",
   "properties": {
    "cell": 1737,
    "market_cell": 1735,
    "cost_mi": 204.9
   },
   "geometry": {
    "type": "Point",
    "coordinates": [
     92.0681,
     12.2218
    ]
   }
  },
  {
   "type": "Feature",
   "properties": {
    "cell": 1738,
    "market_cell": 1735,
    "cost_mi": 351.2
   },
   "geometry": {
    "type": "Point",
    "coordinates": [
     96.6599,
     11.5527
    ]
   }
  },
  {
   "type": "Feature",
   "properties": {
    "cell": 1739,
    "market_cell": 1735,
    "cost_mi": 405.1
   },
   "geometry": {
    "type": "Point",
    "coordinates": [
     98.4883,
     11.8986
    ]
   }
  },
  {
   "type": "Feature",
   "properties": {
    "cell": 1740,
    "market_cell": 1735,
    "cost_mi": 458.5
   },
   "geometry": {
    "type": "Point",
    "coordinates": [
     100.2977,
     12.2636
    ]
   }
  },
  {
   "type": "Feature",
   "properties": {
    "cell": 1751,
    "market_cell": 1840,
    "cost_mi": 2400.1
   },
   "geometry": {
    "type": "Point",
    "coordinates": [
     124.3648,
     13.5485
    ]
   }
  },
  {
   "type": "Feature",
   "properties": {
    "cell": 1752,
    "market_cell": 1840,
    "cost_mi": 1353.3
   },
   "geometry": {
    "type": "Point",
    "coordinates": [
     123.7661,
     11.8416
    ]
   }
  },
  {
   "type": "Feature",
   "properties": {
    "cell": 1753,
    "market_cell": 1840,
    "cost_mi": 3474.2
   },
   "geometry": {
    "type": "Point",
    "coordinates": [
     126.8792,
     13.7747
    ]
   }
  },
  {
   "type": "Feature",
   "properties": {
    "cell": 1754,
    "market_cell": 1840,
    "cost_mi": 4558.9
   },
   "geometry": {
    "type": "Point",
    "coordinates": [
     128.6886,
     13.2862
    ]
   }
  },
  {
   "type": "Feature",
   "properties": {
    "cell": 1755,
    "market_cell": 1840,
    "cost_mi": 5635.7
   },
   "geometry": {
    "type": "Point",
    "coordinates": [
     130.4885,
     12.8148
    ]
   }
  },
  {
   "type": "Feature",
   "properties": {
    "cell": 1756,
    "market_cell": 1840,
    "cost_mi": 7197.1
   },
   "geometry": {
    "type": "Point",
    "coordinates": [
     133.5256,
     11.8625
    ]
   }
  },
  {
   "type": "Feature",
   "properties": {
    "cell": 1761,
    "market_cell": 2141,
    "cost_mi": 1223.2
   },
   "geometry": {
    "type": "Point",
    "coordinates": [
     -116.7016,
     8.3747
    ]
   }
  },
  {
   "type": "Feature",
   "properties": {
    "cell": 1762,
    "market_cell": 2141,
    "cost_mi": 1145.5
   },
   "geometry": {
    "type": "Point",
    "coordinates": [
     -112.4899,
     9.3916
    ]
   }
  },
  {
   "type": "Feature",
   "properties": {
    "cell": 1763,
    "market_cell": 2141,
    "cost_mi": 1158.1
   },
   "geometry": {
    "type": "Point",
    "coordinates": [
     -110.8991,
     9.7622
    ]
   }
  },
  {
   "type": "Feature",
   "properties": {
    "cell": 1764,
    "market_cell": 2141,
    "cost_mi": 875.7
   },
   "geometry": {
    "type": "Point",
    "coordinates": [
     -106.4651,
     9.6691
    ]
   }
  },
  {
   "type": "Feature",
   "properties": {
    "cell": 1765,
    "market_cell": 2141,
    "cost_mi": 924.7
   },
   "geometry": {
    "type": "Point",
    "coordinates": [
     -107.6491,
     7.9071
    ]
   }
  },
  {
   "type": "Feature",
   "properties": {
    "cell": 1766,
    "market_cell": 2141,
    "cost_mi": 741.3
   },
   "geometry": {
    "type": "Point",
    "coordinates": [
     -103.7548,
     8.6294
    ]
   }
  },
  {
   "type": "Feature",
   "properties": {
    "cell": 1767,
    "market_cell": 2141,
    "cost_mi": 750.8
   },
   "geometry": {
    "type": "Point",
    "coordinates": [
     -99.0129,
     9.8154
    ]
   }
  },
  {
   "type": "Feature",
   "properties": {
    "cell": 1768,
    "market_cell": 2141,
    "cost_mi": 837.9
   },
   "geometry": {
    "type": "Point",
    "coordinates": [
     -95.4588,
     10.7772
    ]
   }
  },
  {
   "type": "Feature",
   "properties": {
    "cell": 1769,
    "market_cell": 2141,
    "cost_mi": 819.9
   },
   "geometry": {
    "type": "Point",
    "coordinates": [
     -92.7029,
     8.578
    ]
   }
  },
  {
   "type": "Feature",
   "properties": {
    "cell": 1770,
    "market_cell": 2141,
    "cost_mi": 800.7
   },
   "geometry": {
    "type": "Point",
    "coordinates": [
     -90.2075,
     8.3785
    ]
   }
  },
  {
   "type": "Feature",
   "properties": {
    "cell": 1771,
    "market_cell": 2141,
    "cost_mi": 1054.7
   },
   "geometry": {
    "type": "Point",
    "coordinates": [
     -84.633,
     8.7719
    ]
   }
  },
  {
   "type": "Feature",
   "properties": {
    "cell": 1772,
    "market_cell": 2141,
    "cost_mi": 1228.0
   },
   "geometry": {
    "type": "Point",
    "coordinates": [
     -81.9988,
     11.049
    ]
   }
  },
  {
   "type": "Feature",
   "properties": {
    "cell": 1773,
    "market_cell": 2141,
    "cost_mi": 1490.6
   },
   "geometry": {
    "type": "Point",
    "coordinates": [
     -77.3044,
     8.5761
    ]
   }
  },
  {
   "type": "Feature",
   "properties": {
    "cell": 1774,
    "market_cell": 2141,
    "cost_mi": 1538.6
   },
   "geometry": {
    "type": "Point",
    "coordinates": [
     -76.1279,
     8.7016
    ]
   }
  },
  {
   "type": "Feature",
   "properties": {
    "cell": 1775,
    "market_cell": 1968,
    "cost_mi": 1199.9
   },
   "geometry": {
    "type": "Point",
    "coordinates": [
     -71.348,
     10.8152
    ]
   }
  },
  {
   "type": "Feature",
   "properties": {
    "cell": 1776,
    "market_cell": 1968,
    "cost_mi": 1143.6
   },
   "geometry": {
    "type": "Point",
    "coordinates": [
     -69.6336,
     10.5833
    ]
   }
  },
  {
   "type": "Feature",
   "properties": {
    "cell": 1777,
    "market_cell": 1968,
    "cost_mi": 972.7
   },
   "geometry": {
    "type": "Point",
    "coordinates": [
     -63.8387,
     10.9464
    ]
   }
  },
  {
   "type": "Feature",
   "properties": {
    "cell": 1778,
    "market_cell": 1968,
    "cost_mi": 859.9
   },
   "geometry": {
    "type": "Point",
    "coordinates": [
     -60.9404,
     8.0933
    ]
   }
  },
  {
   "type": "Feature",
   "properties": {
    "cell": 1779,
    "market_cell": 1968,
    "cost_mi": 758.8
   },
   "geometry": {
    "type": "Point",
    "coordinates": [
     -57.4965,
     10.072
    ]
   }
  },
  {
   "type": "Feature",
   "properties": {
    "cell": 1780,
    "market_cell": 1968,
    "cost_mi": 671.1
   },
   "geometry": {
    "type": "Point",
    "coordinates": [
     -55.4648,
     8.426
    ]
   }
  },
  {
   "type": "Feature",
   "properties": {
    "cell": 1781,
    "market_cell": 1968,
    "cost_mi": 610.8
   },
   "geometry": {
    "type": "Point",
    "coordinates": [
     -52.6538,
     9.0038
    ]
   }
  },
  {
   "type": "Feature",
   "properties": {
    "cell": 1782,
    "market_cell": 1968,
    "cost_mi": 550.2
   },
   "geometry": {
    "type": "Point",
    "coordinates": [
     -49.3829,
     10.7734
    ]
   }
  },
  {
   "type": "Feature",
   "properties": {
    "cell": 1783,
    "market_cell": 1968,
    "cost_mi": 387.4
   },
   "geometry": {
    "type": "Point",
    "coordinates": [
     -43.8636,
     9.6824
    ]
   }
  },
  {
   "type": "Feature",
   "properties": {
    "cell": 1784,
    "market_cell": 1968,
    "cost_mi": 338.5
   },
   "geometry": {
    "type": "Point",
    "coordinates": [
     -41.8718,
     9.173
    ]
   }
  },
  {
   "type": "Feature",
   "properties": {
    "cell": 1785,
    "market_cell": 1968,
    "cost_mi": 287.3
   },
   "geometry": {
    "type": "Point",
    "coordinates": [
     -42.0599,
     7.4129
    ]
   }
  },
  {
   "type": "Feature",
   "properties": {
    "cell": 1791,
    "market_cell": 1968,
    "cost_mi": 1747.9
   },
   "geometry": {
    "type": "Point",
    "coordinates": [
     -27.931,
     10.7088
    ]
   }
  },
  {
   "type": "Feature",
   "properties": {
    "cell": 1792,
    "market_cell": 1968,
    "cost_mi": 1528.9
   },
   "geometry": {
    "type": "Point",
    "coordinates": [
     -26.2281,
     9.8838
    ]
   }
  },
  {
   "type": "Feature",
   "properties": {
    "cell": 1793,
    "market_cell": 1968,
    "cost_mi": 1439.4
   },
   "geometry": {
    "type": "Point",
    "coordinates": [
     -24.5385,
     9.0418
    ]
   }
  },
  {
   "type": "Feature",
   "properties": {
    "cell": 1794,
    "market_cell": 1968,
    "cost_mi": 1980.2
   },
   "geometry": {
    "type": "Point",
    "coordinates": [
     -21.5355,
     10.8893
    ]
   }
  },
  {
   "type": "Feature",
   "properties": {
    "cell": 1795,
    "market_cell": 1968,
    "cost_mi": 2051.9
   },
   "geometry": {
    "type": "Point",
    "coordinates": [
     -18.2152,
     8.6712
    ]
   }
  },
  {
   "type": "Feature",
   "properties": {
    "cell": 1796,
    "market_cell": 1968,
    "cost_mi": 2668.9
   },
   "geometry": {
    "type": "Point",
    "coordinates": [
     -13.0152,
     8.6864
    ]
   }
  },
  {
   "type": "Feature",
   "properties": {
    "cell": 1797,
    "market_cell": 1968,
    "cost_mi": 3086.0
   },
   "geometry": {
    "type": "Point",
    "coordinates": [
     -9.6835,
     9.0551
    ]
   }
  },
  {
   "type": "Feature",
   "properties": {
    "cell": 1798,
    "market_cell": 1968,
    "cost_mi": 3467.3
   },
   "geometry": {
    "type": "Point",
    "coordinates": [
     -6.5133,
     9.5816
    ]
   }
  },
  {
   "type": "Feature",
   "properties": {
    "cell": 1799,
    "market_cell": 1715,
    "cost_mi": 3255.8
   },
   "geometry": {
    "type": "Point",
    "coordinates": [
     -2.8908,
     8.6465
    ]
   }
  },
  {
   "type": "Feature",
   "properties": {
    "cell": 1800,
    "market_cell": 1715,
    "cost_mi": 3030.4
   },
   "geometry": {
    "type": "Point",
    "coordinates": [
     -1.2544,
     9.5189
    ]
   }
  },
  {
   "type": "Feature",
   "properties": {
    "cell": 1801,
    "market_cell": 1715,
    "cost_mi": 2299.5
   },
   "geometry": {
    "type": "Point",
    "coordinates": [
     4.4987,
     8.6408
    ]
   }
  },
  {
   "type": "Feature",
   "properties": {
    "cell": 1802,
    "market_cell": 1715,
    "cost_mi": 2000.3
   },
   "geometry": {
    "type": "Point",
    "coordinates": [
     6.1446,
     10.6346
    ]
   }
  },
  {
   "type": "Feature",
   "properties": {
    "cell": 1803,
    "market_cell": 1715,
    "cost_mi": 1573.4
   },
   "geometry": {
    "type": "Point",
    "coordinates": [
     9.8222,
     10.9064
    ]
   }
  },
  {
   "type": "Feature",
   "properties": {
    "cell": 1804,
    "market_cell": 1715,
    "cost_mi": 1070.6
   },
   "geometry": {
    "type": "Point",
    "coordinates": [
     13.6348,
     9.057
    ]
   }
  },
  {
   "type": "Feature",
   "properties": {
    "cell": 1805,
    "market_cell": 1715,
    "cost_mi": 782.4
   },
   "geometry": {
    "type": "Point",
    "coordinates": [
     15.7977,
     10.1328
    ]
   }
  },
  {
   "type": "Feature",
   "properties": {
    "cell": 1806,
    "market_cell": 1715,
    "cost_mi": 611.5
   },
   "geometry": {
    "type": "Point",
    "coordinates": [
     20.3268,
     9.2243
    ]
   }
  },
  {
   "type": "Feature",
   "properties": {
    "cell": 1807,
    "market_cell": 1715,
    "cost_mi": 767.8
   },
   "geometry": {
    "type": "Point",
    "coordinates": [
     24.9509,
     10.418
    ]
   }
  },
  {
   "type": "Feature",
   "properties": {
    "cell": 1808,
    "market_cell": 1715,
    "cost_mi": 1126.3
   },
   "geometry": {
    "type": "Point",
    "coordinates": [
     28.7977,
     11.0661
    ]
   }
  },
  {
   "type": "Feature",
   "properties": {
    "cell": 1809,
    "market_cell": 1715,
    "cost_mi": 1589.6
   },
   "geometry": {
    "type": "Point",
    "coordinates": [
     31.9526,
     8.6027
    ]
   }
  },
  {
   "type": "Feature",
   "properties": {
    "cell": 1810,
    "market_cell": 1715,
    "cost_mi": 1836.0
   },
   "geometry": {
    "type": "Point",
    "coordinates": [
     35.3623,
     9.8629
    ]
   }
  },
  {
   "type": "Feature",
   "properties": {
    "cell": 1811,
    "market_cell": 2620,
    "cost_mi": 1953.1
   },
   "geometry": {
    "type": "Point",
    "coordinates": [
     36.7459,
     11.1079
    ]
   }
  },
  {
   "type": "Feature",
   "properties": {
    "cell": 1812,
    "market_cell": 1820,
    "cost_mi": 1728.5
   },
   "geometry": {
    "type": "Point",
    "coordinates": [
     40.0681,
     10.7031
    ]
   }
  },
  {
   "type": "Feature",
   "properties": {
    "cell": 1813,
    "market_cell": 1820,
    "cost_mi": 1325.0
   },
   "geometry": {
    "type": "Point",
    "coordinates": [
     44.9165,
     10.5928
    ]
   }
  },
  {
   "type": "Feature",
   "properties": {
    "cell": 1814,
    "market_cell": 1820,
    "cost_mi": 931.5
   },
   "geometry": {
    "type": "Point",
    "coordinates": [
     47.3018,
     8.1713
    ]
   }
  },
  {
   "type": "Feature",
   "properties": {
    "cell": 1815,
    "market_cell": 1820,
    "cost_mi": 740.6
   },
   "geometry": {
    "type": "Point",
    "coordinates": [
     52.4029,
     8.5343
    ]
   }
  },
  {
   "type": "Feature",
   "properties": {
    "cell": 1816,
    "market_cell": 1820,
    "cost_mi": 656.9
   },
   "geometry": {
    "type": "Point",
    "coordinates": [
     54.4194,
     8.9772
    ]
   }
  },
  {
   "type": "Feature",
   "properties": {
    "cell": 1817,
    "market_cell": 1820,
    "cost_mi": 474.8
   },
   "geometry": {
    "type": "Point",
    "coordinates": [
     59.3591,
     10.7411
    ]
   }
  },
  {
   "type": "Feature",
   "properties": {
    "cell": 1818,
    "market_cell": 1820,
    "cost_mi": 326.3
   },
   "geometry": {
    "type": "Point",
    "coordinates": [
     62.6414,
     9.555
    ]
   }
  },
  {
   "type": "Feature",
   "properties": {
    "cell": 1819,
    "market_cell": 1820,
    "cost_mi": 148.3
   },
   "geometry": {
    "type": "Point",
    "coordinates": [
     66.2867,
     8.7681
    ]
   }
  },
  {
   "type": "Feature",
   "properties": {
    "cell": 1820,
    "market_cell": 1820,
    "cost_mi": 0.0
   },
   "geometry": {
    "type": "Point",
    "coordinates": [
     69.7686,
     11.0547
    ]
   }
  },
  {
   "type": "Feature",
   "properties": {
    "cell": 1821,
    "market_cell": 1820,
    "cost_mi": 95.3
   },
   "geometry": {
    "type": "Point",
    "coordinates": [
     71.3099,
     9.6938
    ]
   }
  },
  {
   "type": "Feature",
   "properties": {
    "cell": 1822,
    "market_cell": 1820,
    "cost_mi": 363.4
   },
   "geometry": {
    "type": "Point",
    "coordinates": [
     72.8513,
     8.329
    ]
   }
  },
  {
   "type": "Feature",
   "properties": {
    "cell": 1823,
    "market_cell": 1820,
    "cost_mi": 351.4
   },
   "geometry": {
    "type": "Point",
    "coordinates": [
     76.4377,
     8.4849
    ]
   }
  },
  {
   "type": "Feature",
   "properties": {
    "cell": 1824,
    "market_cell": 1735,
    "cost_mi": 353.7
   },
   "geometry": {
    "type": "Point",
    "coordinates": [
     77.8346,
     8.2625
    ]
   }
  },
  {
   "type": "Feature",
   "properties": {
    "cell": 1825,
    "market_cell": 1735,
    "cost_mi": 223.7
   },
   "geometry": {
    "type": "Point",
    "coordinates": [
     81.8981,
     10.1747
    ]
   }
  },
  {
   "type": "Feature",
   "properties": {
    "cell": 1826,
    "market_cell": 1735,
    "cost_mi": 202.2
   },
   "geometry": {
    "type": "Point",
    "coordinates": [
     84.8516,
     8.1941
    ]
   }
  },
  {
   "type": "Feature",
   "properties": {
    "cell": 1827,
    "market_cell": 1735,
    "cost_mi": 139.3
   },
   "geometry": {
    "type": "Point",
    "coordinates": [
     89.3731,
     10.9844
    ]
   }
  },
  {
   "type": "Feature",
   "properties": {
    "cell": 1828,
    "market_cell": 1735,
    "cost_mi": 268.7
   },
   "geometry": {
    "type": "Point",
    "coordinates": [
     93.7349,
     9.9979
    ]
   }
  },
  {
   "type": "Feature",
   "properties": {
    "cell": 1829,
    "market_cell": 1735,
    "cost_mi": 320.9
   },
   "geometry": {
    "type": "Point",
    "coordinates": [
     95.1224,
     8.8479
    ]
   }
  },
  {
   "type": "Feature",
   "properties": {
    "cell": 1836,
    "market_cell": 1840,
    "cost_mi": 3658.9
   },
   "geometry": {
    "type": "Point",
    "coordinates": [
     117.4885,
     9.2908
    ]
   }
  },
  {
   "type": "Feature",
   "properties": {
    "cell": 1837,
    "market_cell": 1840,
    "cost_mi": 2510.9
   },
   "geometry": {
    "type": "Point",
    "coordinates": [
     119.4708,
     9.3611
    ]
   }
  },
  {
   "type": "Feature",
   "properties": {
    "cell": 1838,
    "market_cell": 1840,
    "cost_mi": 3002.1
   },
   "geometry": {
    "type": "Point",
    "coordinates": [
     120.0409,
     7.3559
    ]
   }
  },
  {
   "type": "Feature",
   "properties": {
    "cell": 1839,
    "market_cell": 1840,
    "cost_mi": 1420.3
   },
   "geometry": {
    "type": "Point",
    "coordinates": [
     121.3143,
     9.7508
    ]
   }
  },
  {
   "type": "Feature",
   "properties": {
    "cell": 1840,
    "market_cell": 1840,
    "cost_mi": 0.0
   },
   "geometry": {
    "type": "Point",
    "coordinates": [
     123.1598,
     10.148
    ]
   }
  },
  {
   "type": "Feature",
   "properties": {
    "cell": 1841,
    "market_cell": 1840,
    "cost_mi": 2101.4
   },
   "geometry": {
    "type": "Point",
    "coordinates": [
     126.769,
     10.0663
    ]
   }
  },
  {
   "type": "Feature",
   "properties": {
    "cell": 1842,
    "market_cell": 1840,
    "cost_mi": 4253.6
   },
   "geometry": {
    "type": "Point",
    "coordinates": [
     130.4029,
     10.8551
    ]
   }
  },
  {
   "type": "Feature",
   "properties": {
    "cell": 1843,
    "market_cell": 1840,
    "cost_mi": 8065.3
   },
   "geometry": {
    "type": "Point",
    "coordinates": [
     134.4512,
     9.5645
    ]
   }
  },
  {
   "type": "Feature",
   "properties": {
    "cell": 1849,
    "market_cell": 2141,
    "cost_mi": 1199.5
   },
   "geometry": {
    "type": "Point",
    "coordinates": [
     -117.6728,
     7.124
    ]
   }
  },
  {
   "type": "Feature",
   "properties": {
    "cell": 1850,
    "market_cell": 2141,
    "cost_mi": 1100.7
   },
   "geometry": {
    "type": "Point",
    "coordinates": [
     -117.2281,
     5.037
    ]
   }
  },
  {
   "type": "Feature",
   "properties": {
    "cell": 1851,
    "market_cell": 2141,
    "cost_mi": 1033.6
   },
   "geometry": {
    "type": "Point",
    "coordinates": [
     -112.8453,
     7.0023
    ]
   }
  },
  {
   "type": "Feature",
   "properties": {
    "cell": 1852,
    "market_cell": 2141,
    "cost_mi": 856.4
   },
   "geometry": {
    "type": "Point",
    "coordinates": [
     -108.8199,
     6.1394
    ]
   }
  },
  {
   "type": "Feature",
   "properties": {
    "cell": 1853,
    "market_cell": 2141,
    "cost_mi": 763.4
   },
   "geometry": {
    "type": "Point",
    "coordinates": [
     -109.7398,
     4.3527
    ]
   }
  },
  {
   "type": "Feature",
   "properties": {
    "cell": 1856,
    "market_cell": 2141,
    "cost_mi": 614.6
   },
   "geometry": {
    "type": "Point",
    "coordinates": [
     -101.5292,
     7.0784
    ]
   }
  },
  {
   "type": "Feature",
   "properties": {
    "cell": 1857,
    "market_cell": 2141,
    "cost_mi": 527.2
   },
   "geometry": {
    "type": "Point",
    "coordinates": [
     -102.8026,
     4.2196
    ]
   }
  },
  {
   "type": "Feature",
   "properties": {
    "cell": 1858,
    "market_cell": 2141,
    "cost_mi": 625.4
   },
   "geometry": {
    "type": "Point",
    "coordinates": [
     -99.3132,
     7.7132
    ]
   }
  },
  {
   "type": "Feature",
   "properties": {
    "cell": 1859,
    "market_cell": 2141,
    "cost_mi": 660.3
   },
   "geometry": {
    "type": "Point",
    "coordinates": [
     -95.5785,
     6.9434
    ]
   }
  },
  {
   "type": "Feature",
   "properties": {
    "cell": 1860,
    "market_cell": 2141,
    "cost_mi": 749.7
   },
   "geometry": {
    "type": "Point",
    "coordinates": [
     -93.7083,
     7.4433
    ]
   }
  },
  {
   "type": "Feature",
   "properties": {
    "cell": 1861,
    "market_cell": 2141,
    "cost_mi": 758.0
   },
   "geometry": {
    "type": "Point",
    "coordinates": [
     -88.5996,
     5.6281
    ]
   }
  },
  {
   "type": "Feature",
   "properties": {
    "cell": 1862,
    "market_cell": 2141,
    "cost_mi": 946.8
   },
   "geometry": {
    "type": "Point",
    "coordinates": [
     -85.418,
     6.5766
    ]
   }
  },
  {
   "type": "Feature",
   "properties": {
    "cell": 1863,
    "market_cell": 2141,
    "cost_mi": 1098.4
   },
   "geometry": {
    "type": "Point",
    "coordinates": [
     -81.5978,
     5.3259
    ]
   }
  },
  {
   "type": "Feature",
   "properties": {
    "cell": 1864,
    "market_cell": 2141,
    "cost_mi": 1286.7
   },
   "geometry": {
    "type": "Point",
    "coordinates": [
     -78.8724,
     5.8486
    ]
   }
  },
  {
   "type": "Feature",
   "properties": {
    "cell": 1865,
    "market_cell": 2141,
    "cost_mi": 1445.1
   },
   "geometry": {
    "type": "Point",
    "coordinates": [
     -76.2781,
     6.74
    ]
   }
  },
  {
   "type": "Feature",
   "properties": {
    "cell": 1866,
    "market_cell": 1968,
    "cost_mi": 1272.4
   },
   "geometry": {
    "type": "Point",
    "coordinates": [
     -72.7582,
     4.7195
    ]
   }
  },
  {
   "type": "Feature",
   "properties": {
    "cell": 1867,
    "market_cell": 1968,
    "cost_mi": 1040.9
   },
   "geometry": {
    "type": "Point",
    "coordinates": [
     -67.676,
     7.1202
    ]
   }
  },
  {
   "type": "Feature",
   "properties": {
    "cell": 1868,
    "market_cell": 1968,
    "cost_mi": 1004.7
   },
   "geometry": {
    "type": "Point",
    "coordinates": [
     -66.4273,
     7.0118
    ]
   }
  },
  {
   "type": "Feature",
   "properties": {
    "cell": 1869,
    "market_cell": 1968,
    "cost_mi": 875.2
   },
   "geometry": {
    "type": "Point",
    "coordinates": [
     -62.5882,
     5.6984
    ]
   }
  },
  {
   "type": "Feature",
   "properties": {
    "cell": 1870,
    "market_cell": 1968,
    "cost_mi": 803.6
   },
   "geometry": {
    "type": "Point",
    "coordinates": [
     -59.0721,
     7.5478
    ]
   }
  },
  {
   "type": "Feature",
   "properties": {
    "cell": 1871,
    "market_cell": 1968,
    "cost_mi": 669.0
   },
   "geometry": {
    "type": "Point",
    "coordinates": [
     -55.0523,
     5.6851
    ]
   }
  },
  {
   "type": "Feature",
   "properties": {
    "cell": 1872,
    "market_cell": 1968,
    "cost_mi": 566.6
   },
   "geometry": {
    "type": "Point",
    "coordinates": [
     -51.9354,
     7.6562
    ]
   }
  },
  {
   "type": "Feature",
   "properties": {
    "cell": 1873,
    "market_cell": 1968,
    "cost_mi": 405.9
   },
   "geometry": {
    "type": "Point",
    "coordinates": [
     -47.1782,
     4.7918
    ]
   }
  },
  {
   "type": "Feature",
   "properties": {
    "cell": 1874,
    "market_cell": 1968,
    "cost_mi": 281.9
   },
   "geometry": {
    "type": "Point",
    "coordinates": [
     -43.0596,
     5.974
    ]
   }
  },
  {
   "type": "Feature",
   "properties": {
    "cell": 1875,
    "market_cell": 1968,
    "cost_mi": 235.9
   },
   "geometry": {
    "type": "Point",
    "coordinates": [
     -42.2519,
     5.6471
    ]
   }
  },
  {
   "type": "Feature",
   "properties": {
    "cell": 1880,
    "market_cell": 1968,
    "cost_mi": 769.9
   },
   "geometry": {
    "type": "Point",
    "coordinates": [
     -27.7846,
     5.018
    ]
   }
  },
  {
   "type": "Feature",
   "properties": {
    "cell": 1881,
    "market_cell": 1968,
    "cost_mi": 1052.4
   },
   "geometry": {
    "type": "Point",
    "coordinates": [
     -25.4849,
     5.8353
    ]
   }
  },
  {
   "type": "Feature",
   "properties": {
    "cell": 1882,
    "market_cell": 1968,
    "cost_mi": 1456.0
   },
   "geometry": {
    "type": "Point",
    "coordinates": [
     -21.2124,
     5.0769
    ]
   }
  },
  {
   "type": "Feature",
   "properties": {
    "cell": 1883,
    "market_cell": 1968,
    "cost_mi": 2399.1
   },
   "geometry": {
    "type": "Point",
    "coordinates": [
     -15.7425,
     6.6146
    ]
   }
  },
  {
   "type": "Feature",
   "properties": {
    "cell": 1884,
    "market_cell": 1968,
    "cost_mi": 2714.7
   },
   "geometry": {
    "type": "Point",
    "coordinates": [
     -12.8765,
     5.8809
    ]
   }
  },
  {
   "type": "Feature",
   "properties": {
    "cell": 1885,
    "market_cell": 1968,
    "cost_mi": 2973.2
   },
   "geometry": {
    "type": "Point",
    "coordinates": [
     -10.7744,
     7.7056
    ]
   }
  },
  {
   "type": "Feature",
   "properties": {
    "cell": 1886,
    "market_cell": 1968,
    "cost_mi": 3414.8
   },
   "geometry": {
    "type": "Point",
    "coordinates": [
     -7.017,
     7.3977
    ]
   }
  },
  {
   "type": "Feature",
   "properties": {
    "cell": 1887,
    "market_cell": 1715,
    "cost_mi": 3446.9
   },
   "geometry": {
    "type": "Point",
    "coordinates": [
     -3.9247,
     4.9913
    ]
   }
  },
  {
   "type": "Feature",
   "properties": {
    "cell": 1888,
    "market_cell": 1715,
    "cost_mi": 2966.2
   },
   "geometry": {
    "type": "Point",
    "coordinates": [
     0.2167,
     5.2955
    ]
   }
  },
  {
   "type": "Feature",
   "properties": {
    "cell": 1889,
    "market_cell": 1715,
    "cost_mi": 2632.2
   },
   "geometry": {
    "type": "Point",
    "coordinates": [
     1.9215,
     7.3692
    ]
   }
  },
  {
   "type": "Feature",
   "properties": {
    "cell": 1890,
    "market_cell": 1715,
    "cost_mi": 1970.7
   },
   "geometry": {
    "type": "Point",
    "coordinates": [
     8.3797,
     5.2955
    ]
   }
  },
  {
   "type": "Feature",
   "properties": {
    "cell": 1891,
    "market_cell": 1715,
    "cost_mi": 1766.2
   },
   "geometry": {
    "type": "Point",
    "coordinates": [
     8.9099,
     6.9814
    ]
   }
  },
  {
   "type": "Feature",
   "properties": {
    "cell": 1892,
    "market_cell": 1715,
    "cost_mi": 1338.8
   },
   "geometry": {
    "type": "Point",
    "coordinates": [
     12.5115,
     7.0308
    ]
   }
  },
  {
   "type": "Feature",
   "properties": {
    "cell": 1893,
    "market_cell": 1715,
    "cost_mi": 1305.2
   },
   "geometry": {
    "type": "Point",
    "coordinates": [
     15.7977,
     5.5273
    ]
   }
  },
  {
   "type": "Feature",
   "properties": {
    "cell": 1894,
    "market_cell": 1715,
    "cost_mi": 1117.9
   },
   "geometry": {
    "type": "Point",
    "coordinates": [
     21.0015,
     4.902
    ]
   }
  },
  {
   "type": "Feature",
   "properties": {
    "cell": 1895,
    "market_cell": 1715,
    "cost_mi": 1129.1
   },
   "geometry": {
    "type": "Point",
    "coordinates": [
     22.8108,
     5.5064
    ]
   }
  },
  {
   "type": "Feature",
   "properties": {
    "cell": 1896,
    "market_cell": 1715,
    "cost_mi": 1212.3
   },
   "geometry": {
    "type": "Point",
    "coordinates": [
     25.8841,
     6.6925
    ]
   }
  },
  {
   "type": "Feature",
   "properties": {
    "cell": 1897,
    "market_cell": 2620,
    "cost_mi": 1510.8
   },
   "geometry": {
    "type": "Point",
    "coordinates": [
     30.8522,
     4.6492
    ]
   }
  },
  {
   "type": "Feature",
   "properties": {
    "cell": 1898,
    "market_cell": 2620,
    "cost_mi": 1268.2
   },
   "geometry": {
    "type": "Point",
    "coordinates": [
     34.5127,
     5.2727
    ]
   }
  },
  {
   "type": "Feature",
   "properties": {
    "cell": 1899,
    "market_cell": 2620,
    "cost_mi": 1197.4
   },
   "geometry": {
    "type": "Point",
    "coordinates": [
     39.0931,
     5.6566
    ]
   }
  },
  {
   "type": "Feature",
   "properties": {
    "cell": 1900,
    "market_cell": 1820,
    "cost_mi": 1083.4
   },
   "geometry": {
    "type": "Point",
    "coordinates": [
     42.2139,
     5.6718
    ]
   }
  },
  {
   "type": "Feature",
   "properties": {
    "cell": 1901,
    "market_cell": 1820,
    "cost_mi": 988.5
   },
   "geometry": {
    "type": "Point",
    "coordinates": [
     45.8288,
     7.4509
    ]
   }
  },
  {
   "type": "Feature",
   "properties": {
    "cell": 1902,
    "market_cell": 1820,
    "cost_mi": 915.2
   },
   "geometry": {
    "type": "Point",
    "coordinates": [
     46.9958,
     4.9001
    ]
   }
  },
  {
   "type": "Feature",
   "properties": {
    "cell": 1903,
    "market_cell": 1820,
    "cost_mi": 794.7
   },
   "geometry": {
    "type": "Point",
    "coordinates": [
     50.7076,
     6.2819
    ]
   }
  },
  {
   "type": "Feature",
   "properties": {
    "cell": 1904,
    "market_cell": 1820,
    "cost_mi": 583.1
   },
   "geometry": {
    "type": "Point",
    "coordinates": [
     55.7289,
     4.9875
    ]
   }
  },
  {
   "type": "Feature",
   "properties": {
    "cell": 1905,
    "market_cell": 1820,
    "cost_mi": 525.3
   },
   "geometry": {
    "type": "Point",
    "coordinates": [
     57.3711,
     5.2631
    ]
   }
  },
  {
   "type": "Feature",
   "properties": {
    "cell": 1906,
    "market_cell": 1820,
    "cost_mi": 393.3
   },
   "geometry": {
    "type": "Point",
    "coordinates": [
     61.9039,
     5.7668
    ]
   }
  },
  {
   "type": "Feature",
   "properties": {
    "cell": 1907,
    "market_cell": 1820,
    "cost_mi": 199.7
   },
   "geometry": {
    "type": "Point",
    "coordinates": [
     65.6481,
     7.5117
    ]
   }
  },
  {
   "type": "Feature",
   "properties": {
    "cell": 1908,
    "market_cell": 1820,
    "cost_mi": 110.4
   },
   "geometry": {
    "type": "Point",
    "coordinates": [
     69.1395,
     7.2931
    ]
   }
  },
  {
   "type": "Feature",
   "properties": {
    "cell": 1909,
    "market_cell": 1820,
    "cost_mi": 174.4
   },
   "geometry": {
    "type": "Point",
    "coordinates": [
     71.5304,
     7.0993
    ]
   }
  },
  {
   "type": "Feature",
   "properties": {
    "cell": 1910,
    "market_cell": 1820,
    "cost_mi": 280.5
   },
   "geometry": {
    "type": "Point",
    "coordinates": [
     74.8393,
     6.7077
    ]
   }
  },
  {
   "type": "Feature",
   "properties": {
    "cell": 1911,
    "market_cell": 2299,
    "cost_mi": 377.1
   },
   "geometry": {
    "type": "Point",
    "coordinates": [
     79.1194,
     4.9001
    ]
   }
  },
  {
   "type": "Feature",
   "properties": {
    "cell": 1912,
    "market_cell": 1735,
    "cost_mi": 314.3
   },
   "geometry": {
    "type": "Point",
    "coordinates": [
     82.5709,
     5.1776
    ]
   }
  },
  {
   "type": "Feature",
   "properties": {
    "cell": 1913,
    "market_cell": 1735,
    "cost_mi": 296.5
   },
   "geometry": {
    "type": "Point",
    "coordinates": [
     84.08,
     5.0256
    ]
   }
  },
  {
   "type": "Feature",
   "properties": {
    "cell": 1914,
    "market_cell": 1735,
    "cost_mi": 324.9
   },
   "geometry": {
    "type": "Point",
    "coordinates": [
     87.5333,
     4.9096
    ]
   }
  },
  {
   "type": "Feature",
   "properties": {
    "cell": 1915,
    "market_cell": 1735,
    "cost_mi": 310.4
   },
   "geometry": {
    "type": "Point",
    "coordinates": [
     92.5718,
     6.0139
    ]
   }
  },
  {
   "type": "Feature",
   "properties": {
    "cell": 1916,
    "market_cell": 1735,
    "cost_mi": 390.8
   },
   "geometry": {
    "type": "Point",
    "coordinates": [
     95.3485,
     5.9265
    ]
   }
  },
  {
   "type": "Feature",
   "properties": {
    "cell": 1917,
    "market_cell": 1735,
    "cost_mi": 413.4
   },
   "geometry": {
    "type": "Point",
    "coordinates": [
     95.1813,
     3.5924
    ]
   }
  },
  {
   "type": "Feature",
   "properties": {
    "cell": 1926,
    "market_cell": 1840,
    "cost_mi": 3875.2
   },
   "geometry": {
    "type": "Point",
    "coordinates": [
     117.8135,
     7.6847
    ]
   }
  },
  {
   "type": "Feature",
   "properties": {
    "cell": 1927,
    "market_cell": 1840,
    "cost_mi": 3686.6
   },
   "geometry": {
    "type": "Point",
    "coordinates": [
     119.2047,
     6.5195
    ]
   }
  },
  {
   "type": "Feature",
   "properties": {
    "cell": 1928,
    "market_cell": 1840,
    "cost_mi": 4078.0
   },
   "geometry": {
    "type": "Point",
    "coordinates": [
     120.6016,
     5.3487
    ]
   }
  },
  {
   "type": "Feature",
   "properties": {
    "cell": 1929,
    "market_cell": 1840,
    "cost_mi": 2716.0
   },
   "geometry": {
    "type": "Point",
    "coordinates": [
     122.0993,
     5.5977
    ]
   }
  },
  {
   "type": "Feature",
   "properties": {
    "cell": 1930,
    "market_cell": 1840,
    "cost_mi": 3674.4
   },
   "geometry": {
    "type": "Point",
    "coordinates": [
     127.3734,
     5.4266
    ]
   }
  },
  {
   "type": "Feature",
   "properties": {
    "cell": 1931,
    "market_cell": 1840,
    "cost_mi": 4935.3
   },
   "geometry": {
    "type": "Point",
    "coordinates": [
     130.937,
     7.4965
    ]
   }
  },
  {
   "type": "Feature",
   "properties": {
    "cell": 1932,
    "market_cell": 1840,
    "cost_mi": 6346.4
   },
   "geometry": {
    "type": "Point",
    "coordinates": [
     132.3852,
     6.8826
    ]
   }
  },
  {
   "type": "Feature",
   "properties": {
    "cell": 1933,
    "market_cell": 2224,
    "cost_mi": 6011.0
   },
   "geometry": {
    "type": "Point",
    "coordinates": [
     133.288,
     5.3981
    ]
   }
  },
  {
   "type": "Feature",
   "properties": {
    "cell": 1940,
    "market_cell": 2141,
    "cost_mi": 1023.3
   },
   "geometry": {
    "type": "Point",
    "coordinates": [
     -116.8023,
     2.948
    ]
   }
  },
  {
   "type": "Feature",
   "properties": {
    "cell": 1941,
    "market_cell": 2141,
    "cost_mi": 941.9
   },
   "geometry": {
    "type": "Point",
    "coordinates": [
     -115.9927,
     1.3875
    ]
   }
  },
  {
   "type": "Feature",
   "properties": {
    "cell": 1942,
    "market_cell": 2141,
    "cost_mi": 875.5
   },
   "geometry": {
    "type": "Point",
    "coordinates": [
     -112.7408,
     3.9973
    ]
   }
  },
  {
   "type": "Feature",
   "properties": {
    "cell": 1943,
    "market_cell": 2141,
    "cost_mi": 731.5
   },
   "geometry": {
    "type": "Point",
    "coordinates": [
     -110.6425,
     2.5698
    ]
   }
  },
  {
   "type": "Feature",
   "properties": {
    "cell": 1944,
    "market_cell": 2141,
    "cost_mi": 611.4
   },
   "geometry": {
    "type": "Point",
    "coordinates": [
     -108.3333,
     1.3875
    ]
   }
  },
  {
   "type": "Feature",
   "properties": {
    "cell": 1946,
    "market_cell": 2141,
    "cost_mi": 427.3
   },
   "geometry": {
    "type": "Point",
    "coordinates": [
     -104.0703,
     1.3704
    ]
   }
  },
  {
   "type": "Feature",
   "properties": {
    "cell": 1947,
    "market_cell": 2141,
    "cost_mi": 413.8
   },
   "geometry": {
    "type": "Point",
    "coordinates": [
     -99.6743,
     3.1571
    ]
   }
  },
  {
   "type": "Feature",
   "properties": {
    "cell": 1948,
    "market_cell": 2141,
    "cost_mi": 407.1
   },
   "geometry": {
    "type": "Point",
    "coordinates": [
     -95.0159,
     1.7639
    ]
   }
  },
  {
   "type": "Feature",
   "properties": {
    "cell": 1949,
    "market_cell": 2141,
    "cost_mi": 451.0
   },
   "geometry": {
    "type": "Point",
    "coordinates": [
     -92.9386,
     0.3041
    ]
   }
  },
  {
   "type": "Feature",
   "properties": {
    "cell": 1950,
    "market_cell": 2141,
    "cost_mi": 581.6
   },
   "geometry": {
    "type": "Point",
    "coordinates": [
     -92.1213,
     4.1778
    ]
   }
  },
  {
   "type": "Feature",
   "properties": {
    "cell": 1951,
    "market_cell": 2141,
    "cost_mi": 686.9
   },
   "geometry": {
    "type": "Point",
    "coordinates": [
     -89.5251,
     4.0866
    ]
   }
  },
  {
   "type": "Feature",
   "properties": {
    "cell": 1952,
    "market_cell": 2141,
    "cost_mi": 777.3
   },
   "geometry": {
    "type": "Point",
    "coordinates": [
     -86.9156,
     2.0167
    ]
   }
  },
  {
   "type": "Feature",
   "properties": {
    "cell": 1953,
    "market_cell": 2141,
    "cost_mi": 999.2
   },
   "geometry": {
    "type": "Point",
    "coordinates": [
     -83.0061,
     3.7121
    ]
   }
  },
  {
   "type": "Feature",
   "properties": {
    "cell": 1954,
    "market_cell": 2141,
    "cost_mi": 1272.0
   },
   "geometry": {
    "type": "Point",
    "coordinates": [
     -78.9921,
     2.7238
    ]
   }
  },
  {
   "type": "Feature",
   "properties": {
    "cell": 1955,
    "market_cell": 1968,
    "cost_mi": 1289.3
   },
   "geometry": {
    "type": "Point",
    "coordinates": [
     -73.7769,
     1.7373
    ]
   }
  },
  {
   "type": "Feature",
   "properties": {
    "cell": 1956,
    "market_cell": 1968,
    "cost_mi": 1153.0
   },
   "geometry": {
    "type": "Point",
    "coordinates": [
     -71.7661,
     2.7295
    ]
   }
  },
  {
   "type": "Feature",
   "properties": {
    "cell": 1957,
    "market_cell": 1968,
    "cost_mi": 1091.0
   },
   "geometry": {
    "type": "Point",
    "coordinates": [
     -69.9035,
     2.7941
    ]
   }
  },
  {
   "type": "Feature",
   "properties": {
    "cell": 1958,
    "market_cell": 1968,
    "cost_mi": 938.0
   },
   "geometry": {
    "type": "Point",
    "coordinates": [
     -64.618,
     2.6325
    ]
   }
  },
  {
   "type": "Feature",
   "properties": {
    "cell": 1959,
    "market_cell": 1968,
    "cost_mi": 854.8
   },
   "geometry": {
    "type": "Point",
    "coordinates": [
     -62.2023,
     3.0944
    ]
   }
  },
  {
   "type": "Feature",
   "properties": {
    "cell": 1960,
    "market_cell": 1968,
    "cost_mi": 709.0
   },
   "geometry": {
    "type": "Point",
    "coordinates": [
     -57.2019,
     3.7026
    ]
   }
  },
  {
   "type": "Feature",
   "properties": {
    "cell": 1961,
    "market_cell": 1968,
    "cost_mi": 639.7
   },
   "geometry": {
    "type": "Point",
    "coordinates": [
     -54.8091,
     3.7958
    ]
   }
  },
  {
   "type": "Feature",
   "properties": {
    "cell": 1962,
    "market_cell": 1968,
    "cost_mi": 575.2
   },
   "geometry": {
    "type": "Point",
    "coordinates": [
     -52.8401,
     3.3168
    ]
   }
  },
  {
   "type": "Feature",
   "properties": {
    "cell": 1963,
    "market_cell": 1968,
    "cost_mi": 451.7
   },
   "geometry": {
    "type": "Point",
    "coordinates": [
     -47.68,
     3.2902
    ]
   }
  },
  {
   "type": "Feature",
   "properties": {
    "cell": 1964,
    "market_cell": 1968,
    "cost_mi": 357.6
   },
   "geometry": {
    "type": "Point",
    "coordinates": [
     -43.4493,
     1.5168
    ]
   }
  },
  {
   "type": "Feature",
   "properties": {
    "cell": 1965,
    "market_cell": 1968,
    "cost_mi": 116.8
   },
   "geometry": {
    "type": "Point",
    "coordinates": [
     -39.9541,
     3.3814
    ]
   }
  },
  {
   "type": "Feature",
   "properties": {
    "cell": 1966,
    "market_cell": 1968,
    "cost_mi": 64.1
   },
   "geometry": {
    "type": "Point",
    "coordinates": [
     -38.1447,
     3.1742
    ]
   }
  },
  {
   "type": "Feature",
   "properties": {
    "cell": 1967,
    "market_cell": 1968,
    "cost_mi": 133.3
   },
   "geometry": {
    "type": "Point",
    "coordinates": [
     -39.019,
     0.9314
    ]
   }
  },
  {
   "type": "Feature",
   "properties": {
    "cell": 1968,
    "market_cell": 1968,
    "cost_mi": 0.0
   },
   "geometry": {
    "type": "Point",
    "coordinates": [
     -36.3487,
     2.9576
    ]
   }
  },
  {
   "type": "Feature",
   "properties": {
    "cell": 1969,
    "market_cell": 1968,
    "cost_mi": 60.9
   },
   "geometry": {
    "type": "Point",
    "coordinates": [
     -34.6667,
     1.6917
    ]
   }
  },
  {
   "type": "Feature",
   "properties": {
    "cell": 1970,
    "market_cell": 1968,
    "cost_mi": 69.6
   },
   "geometry": {
    "type": "Point",
    "coordinates": [
     -37.2325,
     0.7223
    ]
   }
  },
  {
   "type": "Feature",
   "properties": {
    "cell": 1971,
    "market_cell": 1968,
    "cost_mi": 53.7
   },
   "geometry": {
    "type": "Point",
    "coordinates": [
     -34.4956,
     2.8967
    ]
   }
  },
  {
   "type": "Feature",
   "properties": {
    "cell": 1972,
    "market_cell": 1968,
    "cost_mi": 122.4
   },
   "geometry": {
    "type": "Point",
    "coordinates": [
     -32.1199,
     2.8891
    ]
   }
  },
  {
   "type": "Feature",
   "properties": {
    "cell": 1973,
    "market_cell": 1968,
    "cost_mi": 416.5
   },
   "geometry": {
    "type": "Point",
    "coordinates": [
     -29.7461,
     2.891
    ]
   }
  },
  {
   "type": "Feature",
   "properties": {
    "cell": 1974,
    "market_cell": 1968,
    "cost_mi": 421.1
   },
   "geometry": {
    "type": "Point",
    "coordinates": [
     -29.6681,
     0.4562
    ]
   }
  },
  {
   "type": "Feature",
   "properties": {
    "cell": 1975,
    "market_cell": 1968,
    "cost_mi": 181.2
   },
   "geometry": {
    "type": "Point",
    "coordinates": [
     -31.3596,
     1.6536
    ]
   }
  },
  {
   "type": "Feature",
   "properties": {
    "cell": 1976,
    "market_cell": 1968,
    "cost_mi": 555.8
   },
   "geometry": {
    "type": "Point",
    "coordinates": [
     -28.6475,
     3.3814
    ]
   }
  },
  {
   "type": "Feature",
   "properties": {
    "cell": 1977,
    "market_cell": 1968,
    "cost_mi": 1101.2
   },
   "geometry": {
    "type": "Point",
    "coordinates": [
     -24.0253,
     4.2938
    ]
   }
  },
  {
   "type": "Feature",
   "properties": {
    "cell": 1978,
    "market_cell": 1968,
    "cost_mi": 1708.3
   },
   "geometry": {
    "type": "Point",
    "coordinates": [
     -20.0227,
     1.5035
    ]
   }
  },
  {
   "type": "Feature",
   "properties": {
    "cell": 1979,
    "market_cell": 1968,
    "cost_mi": 2080.7
   },
   "geometry": {
    "type": "Point",
    "coordinates": [
     -16.2975,
     4.0543
    ]
   }
  },
  {
   "type": "Feature",
   "properties": {
    "cell": 1980,
    "market_cell": 1968,
    "cost_mi": 2428.6
   },
   "geometry": {
    "type": "Point",
    "coordinates": [
     -13.4029,
     3.5867
    ]
   }
  },
  {
   "type": "Feature",
   "properties": {
    "cell": 1981,
    "market_cell": 1968,
    "cost_mi": 2819.5
   },
   "geometry": {
    "type": "Point",
    "coordinates": [
     -10.2651,
     3.7312
    ]
   }
  },
  {
   "type": "Feature",
   "properties": {
    "cell": 1982,
    "market_cell": 1968,
    "cost_mi": 3268.6
   },
   "geometry": {
    "type": "Point",
    "coordinates": [
     -6.9371,
     1.9273
    ]
   }
  },
  {
   "type": "Feature",
   "properties": {
    "cell": 1983,
    "market_cell": 1715,
    "cost_mi": 3352.9
   },
   "geometry": {
    "type": "Point",
    "coordinates": [
     -2.9839,
     2.011
    ]
   }
  },
  {
   "type": "Feature",
   "properties": {
    "cell": 1984,
    "market_cell": 1715,
    "cost_mi": 3042.7
   },
   "geometry": {
    "type": "Point",
    "coordinates": [
     -0.3421,
     2.4615
    ]
   }
  },
  {
   "type": "Feature",
   "properties": {
    "cell": 1985,
    "market_cell": 1715,
    "cost_mi": 2602.5
   },
   "geometry": {
    "type": "Point",
    "coordinates": [
     3.3165,
     3.4993
    ]
   }
  },
  {
   "type": "Feature",
   "properties": {
    "cell": 1986,
    "market_cell": 1715,
    "cost_mi": 2162.1
   },
   "geometry": {
    "type": "Point",
    "coordinates": [
     7.1196,
     3.3871
    ]
   }
  },
  {
   "type": "Feature",
   "properties": {
    "cell": 1987,
    "market_cell": 1715,
    "cost_mi": 1828.7
   },
   "geometry": {
    "type": "Point",
    "coordinates": [
     9.9895,
     3.6323
    ]
   }
  },
  {
   "type": "Feature",
   "properties": {
    "cell": 1988,
    "market_cell": 1715,
    "cost_mi": 1855.9
   },
   "geometry": {
    "type": "Point",
    "coordinates": [
     12.2873,
     2.3151
    ]
   }
  },
  {
   "type": "Feature",
   "properties": {
    "cell": 1989,
    "market_cell": 1715,
    "cost_mi": 1444.9
   },
   "geometry": {
    "type": "Point",
    "coordinates": [
     18.4889,
     3.6095
    ]
   }
  },
  {
   "type": "Feature",
   "properties": {
    "cell": 1990,
    "market_cell": 1715,
    "cost_mi": 1473.0
   },
   "geometry": {
    "type": "Point",
    "coordinates": [
     20.3895,
     1.895
    ]
   }
  },
  {
   "type": "Feature",
   "properties": {
    "cell": 1991,
    "market_cell": 1715,
    "cost_mi": 1294.6
   },
   "geometry": {
    "type": "Point",
    "coordinates": [
     23.0579,
     4.098
    ]
   }
  },
  {
   "type": "Feature",
   "properties": {
    "cell": 1992,
    "market_cell": 1715,
    "cost_mi": 1569.0
   },
   "geometry": {
    "type": "Point",
    "coordinates": [
     26.0456,
     3.7159
    ]
   }
  },
  {
   "type": "Feature",
   "properties": {
    "cell": 1993,
    "market_cell": 2620,
    "cost_mi": 1410.3
   },
   "geometry": {
    "type": "Point",
    "coordinates": [
     31.3425,
     4.1569
    ]
   }
  },
  {
   "type": "Feature",
   "properties": {
    "cell": 1994,
    "market_cell": 2620,
    "cost_mi": 1043.5
   },
   "geometry": {
    "type": "Point",
    "coordinates": [
     34.6344,
     3.5677
    ]
   }
  },
  {
   "type": "Feature",
   "properties": {
    "cell": 1995,
    "market_cell": 2620,
    "cost_mi": 1036.0
   },
   "geometry": {
    "type": "Point",
    "coordinates": [
     36.8086,
     2.011
    ]
   }
  },
  {
   "type": "Feature",
   "properties": {
    "cell": 1996,
    "market_cell": 2788,
    "cost_mi": 1084.9
   },
   "geometry": {
    "type": "Point",
    "coordinates": [
     41.2294,
     2.6306
    ]
   }
  },
  {
   "type": "Feature",
   "properties": {
    "cell": 1997,
    "market_cell": 1820,
    "cost_mi": 996.4
   },
   "geometry": {
    "type": "Point",
    "coordinates": [
     45.8573,
     1.9197
    ]
   }
  },
  {
   "type": "Feature",
   "properties": {
    "cell": 1998,
    "market_cell": 1820,
    "cost_mi": 925.0
   },
   "geometry": {
    "type": "Point",
    "coordinates": [
     47.5279,
     1.5434
    ]
   }
  },
  {
   "type": "Feature",
   "properties": {
    "cell": 1999,
    "market_cell": 1820,
    "cost_mi": 797.9
   },
   "geometry": {
    "type": "Point",
    "coordinates": [
     50.1811,
     4.0638
    ]
   }
  },
  {
   "type": "Feature",
   "properties": {
    "cell": 2000,
    "market_cell": 1820,
    "cost_mi": 631.9
   },
   "geometry": {
    "type": "Point",
    "coordinates": [
     55.0523,
     1.5453
    ]
   }
  },
  {
   "type": "Feature",
   "properties": {
    "cell": 2001,
    "market_cell": 1820,
    "cost_mi": 513.0
   },
   "geometry": {
    "type": "Point",
    "coordinates": [
     58.3365,
     3.6722
    ]
   }
  },
  {
   "type": "Feature",
   "properties": {
    "cell": 2002,
    "market_cell": 1820,
    "cost_mi": 466.0
   },
   "geometry": {
    "type": "Point",
    "coordinates": [
     62.4874,
     1.8874
    ]
   }
  },
  {
   "type": "Feature",
   "properties": {
    "cell": 2003,
    "market_cell": 1820,
    "cost_mi": 258.4
   },
   "geometry": {
    "type": "Point",
    "coordinates": [
     66.1099,
     4.2938
    ]
   }
  },
  {
   "type": "Feature",
   "properties": {
    "cell": 2004,
    "market_cell": 1820,
    "cost_mi": 278.3
   },
   "geometry": {
    "type": "Point",
    "coordinates": [
     67.256,
     3.5316
    ]
   }
  },
  {
   "type": "Feature",
   "properties": {
    "cell": 2005,
    "market_cell": 1820,
    "cost_mi": 348.4
   },
   "geometry": {
    "type": "Point",
    "coordinates": [
     66.3874,
     1.7107
    ]
   }
  },
  {
   "type": "Feature",
   "properties": {
    "cell": 2006,
    "market_cell": 1820,
    "cost_mi": 289.9
   },
   "geometry": {
    "type": "Point",
    "coordinates": [
     69.6944,
     2.8321
    ]
   }
  },
  {
   "type": "Feature",
   "properties": {
    "cell": 2007,
    "market_cell": 2299,
    "cost_mi": 332.9
   },
   "geometry": {
    "type": "Point",
    "coordinates": [
     72.1272,
     2.1383
    ]
   }
  },
  {
   "type": "Feature",
   "properties": {
    "cell": 2008,
    "market_cell": 2299,
    "cost_mi": 262.6
   },
   "geometry": {
    "type": "Point",
    "coordinates": [
     72.1462,
     0.114
    ]
   }
  },
  {
   "type": "Feature",
   "properties": {
    "cell": 2009,
    "market_cell": 2299,
    "cost_mi": 239.1
   },
   "geometry": {
    "type": "Point",
    "coordinates": [
     76.107,
     1.8722
    ]
   }
  },
  {
   "type": "Feature",
   "properties": {
    "cell": 2010,
    "market_cell": 2299,
    "cost_mi": 317.4
   },
   "geometry": {
    "type": "Point",
    "coordinates": [
     80.199,
     3.7768
    ]
   }
  },
  {
   "type": "Feature",
   "properties": {
    "cell": 2011,
    "market_cell": 2299,
    "cost_mi": 352.3
   },
   "geometry": {
    "type": "Point",
    "coordinates": [
     82.8579,
     2.9747
    ]
   }
  },
  {
   "type": "Feature",
   "properties": {
    "cell": 2012,
    "market_cell": 1735,
    "cost_mi": 348.2
   },
   "geometry": {
    "type": "Point",
    "coordinates": [
     85.0778,
     3.6988
    ]
   }
  },
  {
   "type": "Feature",
   "properties": {
    "cell": 2013,
    "market_cell": 1735,
    "cost_mi": 434.1
   },
   "geometry": {
    "type": "Point",
    "coordinates": [
     88.7915,
     1.6327
    ]
   }
  },
  {
   "type": "Feature",
   "properties": {
    "cell": 2014,
    "market_cell": 1735,
    "cost_mi": 438.4
   },
   "geometry": {
    "type": "Point",
    "coordinates": [
     92.9481,
     1.6061
    ]
   }
  },
  {
   "type": "Feature",
   "properties": {
    "cell": 2015,
    "market_cell": 1735,
    "cost_mi": 480.7
   },
   "geometry": {
    "type": "Point",
    "coordinates": [
     94.9988,
     1.2735
    ]
   }
  },
  {
   "type": "Feature",
   "properties": {
    "cell": 2016,
    "market_cell": 1735,
    "cost_mi": 500.6
   },
   "geometry": {
    "type": "Point",
    "coordinates": [
     97.7851,
     2.0718
    ]
   }
  },
  {
   "type": "Feature",
   "properties": {
    "cell": 2017,
    "market_cell": 1735,
    "cost_mi": 584.8
   },
   "geometry": {
    "type": "Point",
    "coordinates": [
     100.577,
     2.8891
    ]
   }
  },
  {
   "type": "Feature",
   "properties": {
    "cell": 2018,
    "market_cell": 1735,
    "cost_mi": 521.5
   },
   "geometry": {
    "type": "Point",
    "coordinates": [
     98.2032,
     1.4826
    ]
   }
  },
  {
   "type": "Feature",
   "properties": {
    "cell": 2025,
    "market_cell": 1840,
    "cost_mi": 4784.0
   },
   "geometry": {
    "type": "Point",
    "coordinates": [
     121.0425,
     3.5487
    ]
   }
  },
  {
   "type": "Feature",
   "properties": {
    "cell": 2026,
    "market_cell": 1840,
    "cost_mi": 6024.6
   },
   "geometry": {
    "type": "Point",
    "coordinates": [
     121.1243,
     1.4065
    ]
   }
  },
  {
   "type": "Feature",
   "properties": {
    "cell": 2027,
    "market_cell": 1840,
    "cost_mi": 3824.4
   },
   "geometry": {
    "type": "Point",
    "coordinates": [
     123.2833,
     4.0923
    ]
   }
  },
  {
   "type": "Feature",
   "properties": {
    "cell": 2028,
    "market_cell": 2224,
    "cost_mi": 3881.0
   },
   "geometry": {
    "type": "Point",
    "coordinates": [
     127.8181,
     2.5337
    ]
   }
  },
  {
   "type": "Feature",
   "properties": {
    "cell": 2029,
    "market_cell": 2224,
    "cost_mi": 3565.8
   },
   "geometry": {
    "type": "Point",
    "coordinates": [
     130.7203,
     2.6211
    ]
   }
  },
  {
   "type": "Feature",
   "properties": {
    "cell": 2030,
    "market_cell": 2224,
    "cost_mi": 4723.4
   },
   "geometry": {
    "type": "Point",
    "coordinates": [
     134.1718,
     3.9326
    ]
   }
  },
  {
   "type": "Feature",
   "properties": {
    "cell": 2031,
    "market_cell": 2224,
    "cost_mi": 3204.4
   },
   "geometry": {
    "type": "Point",
    "coordinates": [
     133.4591,
     1.4065
    ]
   }
  },
  {
   "type": "Feature",
   "properties": {
    "cell": 2032,
    "market_cell": 2224,
    "cost_mi": 4930.1
   },
   "geometry": {
    "type": "Point",
    "coordinates": [
     135.4072,
     2.9366
    ]
   }
  },
  {
   "type": "Feature",
   "properties": {
    "cell": 2033,
    "market_cell": 2224,
    "cost_mi": 3525.2
   },
   "geometry": {
    "type": "Point",
    "coordinates": [
     134.0673,
     0.9124
    ]
   }
  },
  {
   "type": "Feature",
   "properties": {
    "cell": 2037,
    "market_cell": 2141,
    "cost_mi": 860.8
   },
   "geometry": {
    "type": "Point",
    "coordinates": [
     -115.1849,
     -0.1654
    ]
   }
  },
  {
   "type": "Feature",
   "properties": {
    "cell": 2038,
    "market_cell": 2141,
    "cost_mi": 845.4
   },
   "geometry": {
    "type": "Point",
    "coordinates": [
     -115.9927,
     -2.528
    ]
   }
  },
  {
   "type": "Feature",
   "properties": {
    "cell": 2039,
    "market_cell": 2141,
    "cost_mi": 694.9
   },
   "geometry": {
    "type": "Point",
    "coordinates": [
     -112.2124,
     -0.4524
    ]
   }
  },
  {
   "type": "Feature",
   "properties": {
    "cell": 2040,
    "market_cell": 2141,
    "cost_mi": 529.5
   },
   "geometry": {
    "type": "Point",
    "coordinates": [
     -108.8902,
     -1.7658
    ]
   }
  },
  {
   "type": "Feature",
   "properties": {
    "cell": 2041,
    "market_cell": 2141,
    "cost_mi": 492.1
   },
   "geometry": {
    "type": "Point",
    "coordinates": [
     -106.0393,
     0.2148
    ]
   }
  },
  {
   "type": "Feature",
   "properties": {
    "cell": 2042,
    "market_cell": 2141,
    "cost_mi": 325.5
   },
   "geometry": {
    "type": "Point",
    "coordinates": [
     -102.4567,
     -0.1235
    ]
   }
  },
  {
   "type": "Feature",
   "properties": {
    "cell": 2043,
    "market_cell": 2141,
    "cost_mi": 209.8
   },
   "geometry": {
    "type": "Point",
    "coordinates": [
     -98.3572,
     -1.0473
    ]
   }
  },
  {
   "type": "Feature",
   "properties": {
    "cell": 2044,
    "market_cell": 2141,
    "cost_mi": 285.2
   },
   "geometry": {
    "type": "Point",
    "coordinates": [
     -96.4395,
     -0.4524
    ]
   }
  },
  {
   "type": "Feature",
   "properties": {
    "cell": 2045,
    "market_cell": 2141,
    "cost_mi": 199.3
   },
   "geometry": {
    "type": "Point",
    "coordinates": [
     -97.7281,
     -1.7867
    ]
   }
  },
  {
   "type": "Feature",
   "properties": {
    "cell": 2046,
    "market_cell": 2141,
    "cost_mi": 579.9
   },
   "geometry": {
    "type": "Point",
    "coordinates": [
     -90.8708,
     -1.1442
    ]
   }
  },
  {
   "type": "Feature",
   "properties": {
    "cell": 2047,
    "market_cell": 2141,
    "cost_mi": 677.2
   },
   "geometry": {
    "type": "Point",
    "coordinates": [
     -88.3259,
     0.6482
    ]
   }
  },
  {
   "type": "Feature",
   "properties": {
    "cell": 2048,
    "market_cell": 2141,
    "cost_mi": 829.0
   },
   "geometry": {
    "type": "Point",
    "coordinates": [
     -86.3436,
     -0.5208
    ]
   }
  },
  {
   "type": "Feature",
   "properties": {
    "cell": 2049,
    "market_cell": 2141,
    "cost_mi": 1060.7
   },
   "geometry": {
    "type": "Point",
    "coordinates": [
     -81.6453,
     -1.3191
    ]
   }
  },
  {
   "type": "Feature",
   "properties": {
    "cell": 2050,
    "market_cell": 2141,
    "cost_mi": 1250.4
   },
   "geometry": {
    "type": "Point",
    "coordinates": [
     -77.981,
     -0.6501
    ]
   }
  },
  {
   "type": "Feature",
   "properties": {
    "cell": 2051,
    "market_cell": 2141,
    "cost_mi": 1340.2
   },
   "geometry": {
    "type": "Point",
    "coordinates": [
     -76.0937,
     -1.8133
    ]
   }
  },
  {
   "type": "Feature",
   "properties": {
    "cell": 2052,
    "market_cell": 1968,
    "cost_mi": 1163.6
   },
   "geometry": {
    "type": "Point",
    "coordinates": [
     -70.5364,
     0.2357
    ]
   }
  },
  {
   "type": "Feature",
   "properties": {
    "cell": 2053,
    "market_cell": 1968,
    "cost_mi": 1108.9
   },
   "geometry": {
    "type": "Point",
    "coordinates": [
     -69.4132,
     -0.8705
    ]
   }
  },
  {
   "type": "Feature",
   "properties": {
    "cell": 2054,
    "market_cell": 1968,
    "cost_mi": 966.5
   },
   "geometry": {
    "type": "Point",
    "coordinates": [
     -64.7947,
     0.8249
    ]
   }
  },
  {
   "type": "Feature",
   "properties": {
    "cell": 2055,
    "market_cell": 1968,
    "cost_mi": 835.1
   },
   "geometry": {
    "type": "Point",
    "coordinates": [
     -60.3721,
     0.8705
    ]
   }
  },
  {
   "type": "Feature",
   "properties": {
    "cell": 2056,
    "market_cell": 1968,
    "cost_mi": 769.5
   },
   "geometry": {
    "type": "Point",
    "coordinates": [
     -57.4262,
     0.1521
    ]
   }
  },
  {
   "type": "Feature",
   "properties": {
    "cell": 2057,
    "market_cell": 1968,
    "cost_mi": 686.9
   },
   "geometry": {
    "type": "Point",
    "coordinates": [
     -55.0295,
     -1.4579
    ]
   }
  },
  {
   "type": "Feature",
   "properties": {
    "cell": 2058,
    "market_cell": 1968,
    "cost_mi": 530.7
   },
   "geometry": {
    "type": "Point",
    "coordinates": [
     -50.6297,
     0.7204
    ]
   }
  },
  {
   "type": "Feature",
   "properties": {
    "cell": 2059,
    "market_cell": 1968,
    "cost_mi": 462.2
   },
   "geometry": {
    "type": "Point",
    "coordinates": [
     -48.8241,
     -0.6272
    ]
   }
  },
  {
   "type": "Feature",
   "properties": {
    "cell": 2060,
    "market_cell": 1968,
    "cost_mi": 343.5
   },
   "geometry": {
    "type": "Point",
    "coordinates": [
     -44.7835,
     0.0722
    ]
   }
  },
  {
   "type": "Feature",
   "properties": {
    "cell": 2061,
    "market_cell": 1968,
    "cost_mi": 201.6
   },
   "geometry": {
    "type": "Point",
    "coordinates": [
     -40.53,
     -0.8819
    ]
   }
  },
  {
   "type": "Feature",
   "properties": {
    "cell": 2062,
    "market_cell": 1968,
    "cost_mi": 161.9
   },
   "geometry": {
    "type": "Point",
    "coordinates": [
     -38.0991,
     -1.5244
    ]
   }
  },
  {
   "type": "Feature",
   "properties": {
    "cell": 2063,
    "market_cell": 1968,
    "cost_mi": 237.1
   },
   "geometry": {
    "type": "Point",
    "coordinates": [
     -39.8363,
     -3.4593
    ]
   }
  },
  {
   "type": "Feature",
   "properties": {
    "cell": 2064,
    "market_cell": 1968,
    "cost_mi": 150.7
   },
   "geometry": {
    "type": "Point",
    "coordinates": [
     -35.5409,
     -0.5512
    ]
   }
  },
  {
   "type": "Feature",
   "properties": {
    "cell": 2065,
    "market_cell": 1968,
    "cost_mi": 135.4
   },
   "geometry": {
    "type": "Point",
    "coordinates": [
     -32.9827,
     0.4353
    ]
   }
  },
  {
   "type": "Feature",
   "properties": {
    "cell": 2066,
    "market_cell": 1968,
    "cost_mi": 375.9
   },
   "geometry": {
    "type": "Point",
    "coordinates": [
     -31.2836,
     -0.7603
    ]
   }
  },
  {
   "type": "Feature",
   "properties": {
    "cell": 2067,
    "market_cell": 1968,
    "cost_mi": 617.5
   },
   "geometry": {
    "type": "Point",
    "coordinates": [
     -29.5845,
     -1.973
    ]
   }
  },
  {
   "type": "Feature",
   "properties": {
    "cell": 2068,
    "market_cell": 1968,
    "cost_mi": 840.3
   },
   "geometry": {
    "type": "Point",
    "coordinates": [
     -28.9269,
     -3.7825
    ]
   }
  },
  {
   "type": "Feature",
   "properties": {
    "cell": 2069,
    "market_cell": 1968,
    "cost_mi": 881.6
   },
   "geometry": {
    "type": "Point",
    "coordinates": [
     -26.3972,
     -1.8095
    ]
   }
  },
  {
   "type": "Feature",
   "properties": {
    "cell": 2070,
    "market_cell": 1968,
    "cost_mi": 1154.8
   },
   "geometry": {
    "type": "Point",
    "coordinates": [
     -24.107,
     -1.5757
    ]
   }
  },
  {
   "type": "Feature",
   "properties": {
    "cell": 2071,
    "market_cell": 1968,
    "cost_mi": 1543.0
   },
   "geometry": {
    "type": "Point",
    "coordinates": [
     -21.1326,
     -0.9048
    ]
   }
  },
  {
   "type": "Feature",
   "properties": {
    "cell": 2072,
    "market_cell": 1968,
    "cost_mi": 2065.6
   },
   "geometry": {
    "type": "Point",
    "coordinates": [
     -16.9931,
     0.2566
    ]
   }
  },
  {
   "type": "Feature",
   "properties": {
    "cell": 2073,
    "market_cell": 1968,
    "cost_mi": 2529.5
   },
   "geometry": {
    "type": "Point",
    "coordinates": [
     -13.1863,
     -0.996
    ]
   }
  },
  {
   "type": "Feature",
   "properties": {
    "cell": 2074,
    "market_cell": 1968,
    "cost_mi": 2848.7
   },
   "geometry": {
    "type": "Point",
    "coordinates": [
     -11.3883,
     0.671
    ]
   }
  },
  {
   "type": "Feature",
   "properties": {
    "cell": 2075,
    "market_cell": 2620,
    "cost_mi": 3504.1
   },
   "geometry": {
    "type": "Point",
    "coordinates": [
     -5.4547,
     -1.0036
    ]
   }
  },
  {
   "type": "Feature",
   "properties": {
    "cell": 2076,
    "market_cell": 2620,
    "cost_mi": 3394.0
   },
   "geometry": {
    "type": "Point",
    "coordinates": [
     -4.5082,
     -0.9143
    ]
   }
  },
  {
   "type": "Feature",
   "properties": {
    "cell": 2077,
    "market_cell": 2620,
    "cost_mi": 2918.9
   },
   "geometry": {
    "type": "Point",
    "coordinates": [
     1.3912,
     -1.4978
    ]
   }
  },
  {
   "type": "Feature",
   "properties": {
    "cell": 2078,
    "market_cell": 2620,
    "cost_mi": 2872.6
   },
   "geometry": {
    "type": "Point",
    "coordinates": [
     2.4651,
     -1.1271
    ]
   }
  },
  {
   "type": "Feature",
   "properties": {
    "cell": 2079,
    "market_cell": 1715,
    "cost_mi": 2312.0
   },
   "geometry": {
    "type": "Point",
    "coordinates": [
     7.8038,
     0.0741
    ]
   }
  },
  {
   "type": "Feature",
   "properties": {
    "cell": 2080,
    "market_cell": 2620,
    "cost_mi": 2308.9
   },
   "geometry": {
    "type": "Point",
    "coordinates": [
     9.138,
     -0.9219
    ]
   }
  },
  {
   "type": "Feature",
   "properties": {
    "cell": 2081,
    "market_cell": 2620,
    "cost_mi": 1944.9
   },
   "geometry": {
    "type": "Point",
    "coordinates": [
     12.3519,
     -2.0661
    ]
   }
  },
  {
   "type": "Feature",
   "properties": {
    "cell": 2082,
    "market_cell": 2620,
    "cost_mi": 1862.0
   },
   "geometry": {
    "type": "Point",
    "coordinates": [
     17.0254,
     0.3935
    ]
   }
  },
  {
   "type": "Feature",
   "properties": {
    "cell": 2083,
    "market_cell": 1715,
    "cost_mi": 1652.5
   },
   "geometry": {
    "type": "Point",
    "coordinates": [
     19.8402,
     0.4448
    ]
   }
  },
  {
   "type": "Feature",
   "properties": {
    "cell": 2084,
    "market_cell": 2620,
    "cost_mi": 1598.8
   },
   "geometry": {
    "type": "Point",
    "coordinates": [
     23.2727,
     0.23
    ]
   }
  },
  {
   "type": "Feature",
   "properties": {
    "cell": 2085,
    "market_cell": 2620,
    "cost_mi": 1185.6
   },
   "geometry": {
    "type": "Point",
    "coordinates": [
     27.5775,
     0.46
    ]
   }
  },
  {
   "type": "Feature",
   "properties": {
    "cell": 2086,
    "market_cell": 2620,
    "cost_mi": 821.3
   },
   "geometry": {
    "type": "Point",
    "coordinates": [
     29.4971,
     -2.0338
    ]
   }
  },
  {
   "type": "Feature",
   "properties": {
    "cell": 2087,
    "market_cell": 2620,
    "cost_mi": 941.6
   },
   "geometry": {
    "type": "Point",
    "coordinates": [
     33.6251,
     0.8116
    ]
   }
  },
  {
   "type": "Feature",
   "properties": {
    "cell": 2088,
    "market_cell": 2620,
    "cost_mi": 930.0
   },
   "geometry": {
    "type": "Point",
    "coordinates": [
     38.5192,
     -0.3478
    ]
   }
  },
  {
   "type": "Feature",
   "properties": {
    "cell": 2089,
    "market_cell": 2788,
    "cost_mi": 869.1
   },
   "geometry": {
    "type": "Point",
    "coordinates": [
     40.5395,
     -2.49
    ]
   }
  },
  {
   "type": "Feature",
   "properties": {
    "cell": 2090,
    "market_cell": 2620,
    "cost_mi": 822.9
   },
   "geometry": {
    "type": "Point",
    "coordinates": [
     36.3202,
     -2.509
    ]
   }
  },
  {
   "type": "Feature",
   "properties": {
    "cell": 2091,
    "market_cell": 2788,
    "cost_mi": 1010.6
   },
   "geometry": {
    "type": "Point",
    "coordinates": [
     40.1061,
     0.8078
    ]
   }
  },
  {
   "type": "Feature",
   "properties": {
    "cell": 2092,
    "market_cell": 2788,
    "cost_mi": 909.5
   },
   "geometry": {
    "type": "Point",
    "coordinates": [
     44.3368,
     -0.9162
    ]
   }
  },
  {
   "type": "Feature",
   "properties": {
    "cell": 2093,
    "market_cell": 1820,
    "cost_mi": 849.5
   },
   "geometry": {
    "type": "Point",
    "coordinates": [
     49.0617,
     -1.8665
    ]
   }
  },
  {
   "type": "Feature",
   "properties": {
    "cell": 2094,
    "market_cell": 1820,
    "cost_mi": 734.1
   },
   "geometry": {
    "type": "Point",
    "coordinates": [
     52.498,
     -0.8952
    ]
   }
  },
  {
   "type": "Feature",
   "properties": {
    "cell": 2095,
    "market_cell": 1820,
    "cost_mi": 687.3
   },
   "geometry": {
    "type": "Point",
    "coordinates": [
     55.5465,
     -0.3041
    ]
   }
  },
  {
   "type": "Feature",
   "properties": {
    "cell": 2096,
    "market_cell": 1820,
    "cost_mi": 567.6
   },
   "geometry": {
    "type": "Point",
    "coordinates": [
     59.1348,
     0.8553
    ]
   }
  },
  {
   "type": "Feature",
   "properties": {
    "cell": 2097,
    "market_cell": 2299,
    "cost_mi": 487.0
   },
   "geometry": {
    "type": "Point",
    "coordinates": [
     61.3642,
     -1.935
    ]
   }
  },
  {
   "type": "Feature",
   "properties": {
    "cell": 2098,
    "market_cell": 2299,
    "cost_mi": 410.5
   },
   "geometry": {
    "type": "Point",
    "coordinates": [
     65.5113,
     -0.1007
    ]
   }
  },
  {
   "type": "Feature",
   "properties": {
    "cell": 2099,
    "market_cell": 2299,
    "cost_mi": 332.4
   },
   "geometry": {
    "type": "Point",
    "coordinates": [
     66.8056,
     -1.9388
    ]
   }
  },
  {
   "type": "Feature",
   "properties": {
    "cell": 2101,
    "market_cell": 2299,
    "cost_mi": 188.0
   },
   "geometry": {
    "type": "Point",
    "coordinates": [
     72.1709,
     -1.9216
    ]
   }
  },
  {
   "type": "Feature",
   "properties": {
    "cell": 2102,
    "market_cell": 2299,
    "cost_mi": 145.9
   },
   "geometry": {
    "type": "Point",
    "coordinates": [
     74.9001,
     -1.1138
    ]
   }
  },
  {
   "type": "Feature",
   "properties": {
    "cell": 2103,
    "market_cell": 2299,
    "cost_mi": 165.1
   },
   "geometry": {
    "type": "Point",
    "coordinates": [
     78.5398,
     -1.2184
    ]
   }
  },
  {
   "type": "Feature",
   "properties": {
    "cell": 2104,
    "market_cell": 2299,
    "cost_mi": 277.4
   },
   "geometry": {
    "type": "Point",
    "coordinates": [
     83.333,
     -0.9333
    ]
   }
  },
  {
   "type": "Feature",
   "properties": {
    "cell": 2105,
    "market_cell": 2299,
    "cost_mi": 369.3
   },
   "geometry": {
    "type": "Point",
    "coordinates": [
     85.6822,
     0.1654
    ]
   }
  },
  {
   "type": "Feature",
   "properties": {
    "cell": 2106,
    "market_cell": 2299,
    "cost_mi": 446.3
   },
   "geometry": {
    "type": "Point",
    "coordinates": [
     88.018,
     -0.4657
    ]
   }
  },
  {
   "type": "Feature",
   "properties": {
    "cell": 2107,
    "market_cell": 1735,
    "cost_mi": 519.5
   },
   "geometry": {
    "type": "Point",
    "coordinates": [
     90.9772,
     -0.2452
    ]
   }
  },
  {
   "type": "Feature",
   "properties": {
    "cell": 2108,
    "market_cell": 1735,
    "cost_mi": 539.8
   },
   "geometry": {
    "type": "Point",
    "coordinates": [
     95.8142,
     0.0931
    ]
   }
  },
  {
   "type": "Feature",
   "properties": {
    "cell": 2109,
    "market_cell": 1735,
    "cost_mi": 559.1
   },
   "geometry": {
    "type": "Point",
    "coordinates": [
     95.4284,
     -1.7487
    ]
   }
  },
  {
   "type": "Feature",
   "properties": {
    "cell": 2116,
    "market_cell": 1840,
    "cost_mi": 9685.1
   },
   "geometry": {
    "type": "Point",
    "coordinates": [
     115.3978,
     -0.287
    ]
   }
  },
  {
   "type": "Feature",
   "properties": {
    "cell": 2117,
    "market_cell": 1840,
    "cost_mi": 8004.7
   },
   "geometry": {
    "type": "Point",
    "coordinates": [
     118.2924,
     -0.5132
    ]
   }
  },
  {
   "type": "Feature",
   "properties": {
    "cell": 2118,
    "market_cell": 2224,
    "cost_mi": 9577.8
   },
   "geometry": {
    "type": "Point",
    "coordinates": [
     116.1067,
     -2.7181
    ]
   }
  },
  {
   "type": "Feature",
   "properties": {
    "cell": 2119,
    "market_cell": 2224,
    "cost_mi": 6424.2
   },
   "geometry": {
    "type": "Point",
    "coordinates": [
     121.187,
     -0.7394
    ]
   }
  },
  {
   "type": "Feature",
   "properties": {
    "cell": 2120,
    "market_cell": 2224,
    "cost_mi": 6961.1
   },
   "geometry": {
    "type": "Point",
    "coordinates": [
     119.0146,
     -2.9461
    ]
   }
  },
  {
   "type": "Feature",
   "properties": {
    "cell": 2121,
    "market_cell": 2224,
    "cost_mi": 5836.8
   },
   "geometry": {
    "type": "Point",
    "coordinates": [
     120.9342,
     -2.8511
    ]
   }
  },
  {
   "type": "Feature",
   "properties": {
    "cell": 2122,
    "market_cell": 2224,
    "cost_mi": 4971.4
   },
   "geometry": {
    "type": "Point",
    "coordinates": [
     123.6197,
     -0.211
    ]
   }
  },
  {
   "type": "Feature",
   "properties": {
    "cell": 2123,
    "market_cell": 2224,
    "cost_mi": 3026.8
   },
   "geometry": {
    "type": "Point",
    "coordinates": [
     126.8165,
     -1.245
    ]
   }
  },
  {
   "type": "Feature",
   "properties": {
    "cell": 2124,
    "market_cell": 2224,
    "cost_mi": 1333.1
   },
   "geometry": {
    "type": "Point",
    "coordinates": [
     130.1577,
     -1.1956
    ]
   }
  },
  {
   "type": "Feature",
   "properties": {
    "cell": 2125,
    "market_cell": 2224,
    "cost_mi": 1685.6
   },
   "geometry": {
    "type": "Point",
    "coordinates": [
     132.7273,
     -1.1138
    ]
   }
  },
  {
   "type": "Feature",
   "properties": {
    "cell": 2126,
    "market_cell": 2224,
    "cost_mi": 2973.7
   },
   "geometry": {
    "type": "Point",
    "coordinates": [
     134.7705,
     -0.2851
    ]
   }
  },
  {
   "type": "Feature",
   "properties": {
    "cell": 2127,
    "market_cell": 2224,
    "cost_mi": 1036.8
   },
   "geometry": {
    "type": "Point",
    "coordinates": [
     132.6418,
     -3.0602
    ]
   }
  },
  {
   "type": "Feature",
   "properties": {
    "cell": 2128,
    "market_cell": 2224,
    "cost_mi": 4628.2
   },
   "geometry": {
    "type": "Point",
    "coordinates": [
     136.8003,
     0.5607
    ]
   }
  },
  {
   "type": "Feature",
   "properties": {
    "cell": 2134,
    "market_cell": 2141,
    "cost_mi": 934.9
   },
   "geometry": {
    "type": "Point",
    "coordinates": [
     -116.8042,
     -4.8773
    ]
   }
  },
  {
   "type": "Feature",
   "properties": {
    "cell": 2135,
    "market_cell": 2141,
    "cost_mi": 825.5
   },
   "geometry": {
    "type": "Point",
    "coordinates": [
     -114.7003,
     -5.9493
    ]
   }
  },
  {
   "type": "Feature",
   "properties": {
    "cell": 2136,
    "market_cell": 2141,
    "cost_mi": 686.0
   },
   "geometry": {
    "type": "Point",
    "coordinates": [
     -112.9423,
     -3.5012
    ]
   }
  },
  {
   "type": "Feature",
   "properties": {
    "cell": 2137,
    "market_cell": 2141,
    "cost_mi": 531.9
   },
   "geometry": {
    "type": "Point",
    "coordinates": [
     -109.6181,
     -3.3244
    ]
   }
  },
  {
   "type": "Feature",
   "properties": {
    "cell": 2138,
    "market_cell": 2141,
    "cost_mi": 326.8
   },
   "geometry": {
    "type": "Point",
    "coordinates": [
     -105.2867,
     -4.2539
    ]
   }
  },
  {
   "type": "Feature",
   "properties": {
    "cell": 2139,
    "market_cell": 2141,
    "cost_mi": 207.5
   },
   "geometry": {
    "type": "Point",
    "coordinates": [
     -102.9623,
     -3.9801
    ]
   }
  },
  {
   "type": "Feature",
   "properties": {
    "cell": 2140,
    "market_cell": 2141,
    "cost_mi": 109.0
   },
   "geometry": {
    "type": "Point",
    "coordinates": [
     -99.0186,
     -3.121
    ]
   }
  },
  {
   "type": "Feature",
   "properties": {
    "cell": 2141,
    "market_cell": 2141,
    "cost_mi": 0.0
   },
   "geometry": {
    "type": "Point",
    "coordinates": [
     -99.8567,
     -5.3221
    ]
   }
  },
  {
   "type": "Feature",
   "properties": {
    "cell": 2146,
    "market_cell": 2141,
    "cost_mi": 738.2
   },
   "geometry": {
    "type": "Point",
    "coordinates": [
     -89.0006,
     -4.0068
    ]
   }
  },
  {
   "type": "Feature",
   "properties": {
    "cell": 2147,
    "market_cell": 2141,
    "cost_mi": 868.0
   },
   "geometry": {
    "type": "Point",
    "coordinates": [
     -87.3509,
     -6.2724
    ]
   }
  },
  {
   "type": "Feature",
   "properties": {
    "cell": 2148,
    "market_cell": 2141,
    "cost_mi": 1034.6
   },
   "geometry": {
    "type": "Point",
    "coordinates": [
     -84.0952,
     -4.4325
    ]
   }
  },
  {
   "type": "Feature",
   "properties": {
    "cell": 2149,
    "market_cell": 2141,
    "cost_mi": 1133.6
   },
   "geometry": {
    "type": "Point",
    "coordinates": [
     -82.5177,
     -3.8338
    ]
   }
  },
  {
   "type": "Feature",
   "properties": {
    "cell": 2150,
    "market_cell": 2141,
    "cost_mi": 1382.8
   },
   "geometry": {
    "type": "Point",
    "coordinates": [
     -77.7149,
     -4.3584
    ]
   }
  },
  {
   "type": "Feature",
   "properties": {
    "cell": 2151,
    "market_cell": 2141,
    "cost_mi": 1376.6
   },
   "geometry": {
    "type": "Point",
    "coordinates": [
     -76.7152,
     -3.4974
    ]
   }
  },
  {
   "type": "Feature",
   "properties": {
    "cell": 2152,
    "market_cell": 1968,
    "cost_mi": 1322.5
   },
   "geometry": {
    "type": "Point",
    "coordinates": [
     -72.3724,
     -3.3092
    ]
   }
  },
  {
   "type": "Feature",
   "properties": {
    "cell": 2153,
    "market_cell": 1968,
    "cost_mi": 1103.9
   },
   "geometry": {
    "type": "Point",
    "coordinates": [
     -68.7175,
     -5.1586
    ]
   }
  },
  {
   "type": "Feature",
   "properties": {
    "cell": 2154,
    "market_cell": 1968,
    "cost_mi": 1009.7
   },
   "geometry": {
    "type": "Point",
    "coordinates": [
     -65.6614,
     -4.0372
    ]
   }
  },
  {
   "type": "Feature",
   "properties": {
    "cell": 2155,
    "market_cell": 1968,
    "cost_mi": 894.4
   },
   "geometry": {
    "type": "Point",
    "coordinates": [
     -62.0997,
     -3.7977
    ]
   }
  },
  {
   "type": "Feature",
   "properties": {
    "cell": 2156,
    "market_cell": 1968,
    "cost_mi": 799.1
   },
   "geometry": {
    "type": "Point",
    "coordinates": [
     -58.9942,
     -2.7086
    ]
   }
  },
  {
   "type": "Feature",
   "properties": {
    "cell": 2157,
    "market_cell": 1968,
    "cost_mi": 608.9
   },
   "geometry": {
    "type": "Point",
    "coordinates": [
     -53.4673,
     -3.5715
    ]
   }
  },
  {
   "type": "Feature",
   "properties": {
    "cell": 2158,
    "market_cell": 1968,
    "cost_mi": 592.4
   },
   "geometry": {
    "type": "Point",
    "coordinates": [
     -52.574,
     -5.3468
    ]
   }
  },
  {
   "type": "Feature",
   "properties": {
    "cell": 2159,
    "market_cell": 1968,
    "cost_mi": 458.4
   },
   "geometry": {
    "type": "Point",
    "coordinates": [
     -48.3072,
     -4.2291
    ]
   }
  },
  {
   "type": "Feature",
   "properties": {
    "cell": 2160,
    "market_cell": 1968,
    "cost_mi": 318.6
   },
   "geometry": {
    "type": "Point",
    "coordinates": [
     -43.5443,
     -3.427
    ]
   }
  },
  {
   "type": "Feature",
   "properties": {
    "cell": 2161,
    "market_cell": 1968,
    "cost_mi": 312.5
   },
   "geometry": {
    "type": "Point",
    "coordinates": [
     -41.5658,
     -5.4076
    ]
   }
  },
  {
   "type": "Feature",
   "properties": {
    "cell": 2167,
    "market_cell": 1968,
    "cost_mi": 1063.5
   },
   "geometry": {
    "type": "Point",
    "coordinates": [
     -28.2712,
     -5.5958
    ]
   }
  },
  {
   "type": "Feature",
   "properties": {
    "cell": 2168,
    "market_cell": 1968,
    "cost_mi": 1082.6
   },
   "geometry": {
    "type": "Point",
    "coordinates": [
     -24.9585,
     -2.7808
    ]
   }
  },
  {
   "type": "Feature",
   "properties": {
    "cell": 2169,
    "market_cell": 1968,
    "cost_mi": 1756.6
   },
   "geometry": {
    "type": "Point",
    "coordinates": [
     -19.3917,
     -3.7654
    ]
   }
  },
  {
   "type": "Feature",
   "properties": {
    "cell": 2170,
    "market_cell": 1968,
    "cost_mi": 2089.3
   },
   "geometry": {
    "type": "Point",
    "coordinates": [
     -17.1566,
     -5.573
    ]
   }
  },
  {
   "type": "Feature",
   "properties": {
    "cell": 2171,
    "market_cell": 1968,
    "cost_mi": 2482.8
   },
   "geometry": {
    "type": "Point",
    "coordinates": [
     -13.9199,
     -5.5083
    ]
   }
  },
  {
   "type": "Feature",
   "properties": {
    "cell": 2172,
    "market_cell": 1968,
    "cost_mi": 2887.5
   },
   "geometry": {
    "type": "Point",
    "coordinates": [
     -10.7649,
     -5.1225
    ]
   }
  },
  {
   "type": "Feature",
   "properties": {
    "cell": 2173,
    "market_cell": 2620,
    "cost_mi": 3291.4
   },
   "geometry": {
    "type": "Point",
    "coordinates": [
     -6.9846,
     -3.7521
    ]
   }
  },
  {
   "type": "Feature",
   "properties": {
    "cell": 2174,
    "market_cell": 2620,
    "cost_mi": 2864.5
   },
   "geometry": {
    "type": "Point",
    "coordinates": [
     -3.0961,
     -5.1681
    ]
   }
  },
  {
   "type": "Feature",
   "properties": {
    "cell": 2175,
    "market_cell": 2620,
    "cost_mi": 2720.0
   },
   "geometry": {
    "type": "Point",
    "coordinates": [
     -0.7507,
     -4.8165
    ]
   }
  },
  {
   "type": "Feature",
   "properties": {
    "cell": 2176,
    "market_cell": 2620,
    "cost_mi": 2604.3
   },
   "geometry": {
    "type": "Point",
    "coordinates": [
     3.4762,
     -3.0317
    ]
   }
  },
  {
   "type": "Feature",
   "properties": {
    "cell": 2177,
    "market_cell": 2620,
    "cost_mi": 2121.0
   },
   "geometry": {
    "type": "Point",
    "coordinates": [
     7.264,
     -4.7899
    ]
   }
  },
  {
   "type": "Feature",
   "properties": {
    "cell": 2178,
    "market_cell": 2620,
    "cost_mi": 2044.5
   },
   "geometry": {
    "type": "Point",
    "coordinates": [
     10.5844,
     -2.6895
    ]
   }
  },
  {
   "type": "Feature",
   "properties": {
    "cell": 2179,
    "market_cell": 2620,
    "cost_mi": 1601.9
   },
   "geometry": {
    "type": "Point",
    "coordinates": [
     13.9009,
     -4.5922
    ]
   }
  },
  {
   "type": "Feature",
   "properties": {
    "cell": 2180,
    "market_cell": 2620,
    "cost_mi": 1677.0
   },
   "geometry": {
    "type": "Point",
    "coordinates": [
     16.1018,
     -2.7143
    ]
   }
  },
  {
   "type": "Feature",
   "properties": {
    "cell": 2181,
    "market_cell": 2620,
    "cost_mi": 1423.4
   },
   "geometry": {
    "type": "Point",
    "coordinates": [
     19.2985,
     -2.6382
    ]
   }
  },
  {
   "type": "Feature",
   "properties": {
    "cell": 2182,
    "market_cell": 2620,
    "cost_mi": 1166.4
   },
   "geometry": {
    "type": "Point",
    "coordinates": [
     24.0956,
     -3.4137
    ]
   }
  },
  {
   "type": "Feature",
   "properties": {
    "cell": 2183,
    "market_cell": 2620,
    "cost_mi": 629.2
   },
   "geometry": {
    "type": "Point",
    "coordinates": [
     28.6551,
     -5.0807
    ]
   }
  },
  {
   "type": "Feature",
   "properties": {
    "cell": 2184,
    "market_cell": 2620,
    "cost_mi": 707.6
   },
   "geometry": {
    "type": "Point",
    "coordinates": [
     31.9659,
     -3.8946
    ]
   }
  },
  {
   "type": "Feature",
   "properties": {
    "cell": 2185,
    "market_cell": 2620,
    "cost_mi": 689.1
   },
   "geometry": {
    "type": "Point",
    "coordinates": [
     34.106,
     -4.653
    ]
   }
  },
  {
   "type": "Feature",
   "properties": {
    "cell": 2186,
    "market_cell": 2620,
    "cost_mi": 656.0
   },
   "geometry": {
    "type": "Point",
    "coordinates": [
     34.6096,
     -6.4245
    ]
   }
  },
  {
   "type": "Feature",
   "properties": {
    "cell": 2188,
    "market_cell": 2788,
    "cost_mi": 766.5
   },
   "geometry": {
    "type": "Point",
    "coordinates": [
     42.5693,
     -4.6359
    ]
   }
  },
  {
   "type": "Feature",
   "properties": {
    "cell": 2189,
    "market_cell": 2788,
    "cost_mi": 706.2
   },
   "geometry": {
    "type": "Point",
    "coordinates": [
     41.6798,
     -6.5195
    ]
   }
  },
  {
   "type": "Feature",
   "properties": {
    "cell": 2190,
    "market_cell": 2788,
    "cost_mi": 746.9
   },
   "geometry": {
    "type": "Point",
    "coordinates": [
     45.0534,
     -5.476
    ]
   }
  },
  {
   "type": "Feature",
   "properties": {
    "cell": 2191,
    "market_cell": 2788,
    "cost_mi": 831.5
   },
   "geometry": {
    "type": "Point",
    "coordinates": [
     49.0636,
     -4.1474
    ]
   }
  },
  {
   "type": "Feature",
   "properties": {
    "cell": 2192,
    "market_cell": 2788,
    "cost_mi": 843.1
   },
   "geometry": {
    "type": "Point",
    "coordinates": [
     50.0956,
     -4.6872
    ]
   }
  },
  {
   "type": "Feature",
   "properties": {
    "cell": 2193,
    "market_cell": 2299,
    "cost_mi": 760.3
   },
   "geometry": {
    "type": "Point",
    "coordinates": [
     54.2997,
     -3.6608
    ]
   }
  },
  {
   "type": "Feature",
   "properties": {
    "cell": 2194,
    "market_cell": 2299,
    "cost_mi": 636.5
   },
   "geometry": {
    "type": "Point",
    "coordinates": [
     57.774,
     -3.8262
    ]
   }
  },
  {
   "type": "Feature",
   "properties": {
    "cell": 2195,
    "market_cell": 2299,
    "cost_mi": 508.0
   },
   "geometry": {
    "type": "Point",
    "coordinates": [
     60.2124,
     -5.2936
    ]
   }
  },
  {
   "type": "Feature",
   "properties": {
    "cell": 2196,
    "market_cell": 2299,
    "cost_mi": 359.0
   },
   "geometry": {
    "type": "Point",
    "coordinates": [
     65.517,
     -3.4574
    ]
   }
  },
  {
   "type": "Feature",
   "properties": {
    "cell": 2197,
    "market_cell": 2299,
    "cost_mi": 259.1
   },
   "geometry": {
    "type": "Point",
    "coordinates": [
     68.1037,
     -3.7806
    ]
   }
  },
  {
   "type": "Feature",
   "properties": {
    "cell": 2198,
    "market_cell": 2299,
    "cost_mi": 154.5
   },
   "geometry": {
    "type": "Point",
    "coordinates": [
     71.2795,
     -3.3947
    ]
   }
  },
  {
   "type": "Feature",
   "properties": {
    "cell": 2199,
    "market_cell": 2299,
    "cost_mi": 79.7
   },
   "geometry": {
    "type": "Point",
    "coordinates": [
     73.4766,
     -4.7518
    ]
   }
  },
  {
   "type": "Feature",
   "properties": {
    "cell": 2200,
    "market_cell": 2299,
    "cost_mi": 45.3
   },
   "geometry": {
    "type": "Point",
    "coordinates": [
     75.4646,
     -4.5428
    ]
   }
  },
  {
   "type": "Feature",
   "properties": {
    "cell": 2201,
    "market_cell": 2299,
    "cost_mi": 111.9
   },
   "geometry": {
    "type": "Point",
    "coordinates": [
     77.3519,
     -2.6192
    ]
   }
  },
  {
   "type": "Feature",
   "properties": {
    "cell": 2202,
    "market_cell": 2299,
    "cost_mi": 153.5
   },
   "geometry": {
    "type": "Point",
    "coordinates": [
     79.5775,
     -2.9842
    ]
   }
  },
  {
   "type": "Feature",
   "properties": {
    "cell": 2203,
    "market_cell": 2299,
    "cost_mi": 56.0
   },
   "geometry": {
    "type": "Point",
    "coordinates": [
     76.4985,
     -4.3527
    ]
   }
  },
  {
   "type": "Feature",
   "properties": {
    "cell": 2204,
    "market_cell": 2299,
    "cost_mi": 222.5
   },
   "geometry": {
    "type": "Point",
    "coordinates": [
     81.8183,
     -3.3491
    ]
   }
  },
  {
   "type": "Feature",
   "properties": {
    "cell": 2205,
    "market_cell": 2299,
    "cost_mi": 273.2
   },
   "geometry": {
    "type": "Point",
    "coordinates": [
     82.4094,
     -5.7212
    ]
   }
  },
  {
   "type": "Feature",
   "properties": {
    "cell": 2206,
    "market_cell": 2299,
    "cost_mi": 307.1
   },
   "geometry": {
    "type": "Point",
    "coordinates": [
     84.7281,
     -3.6342
    ]
   }
  },
  {
   "type": "Feature",
   "properties": {
    "cell": 2207,
    "market_cell": 2299,
    "cost_mi": 436.9
   },
   "geometry": {
    "type": "Point",
    "coordinates": [
     88.7858,
     -3.3263
    ]
   }
  },
  {
   "type": "Feature",
   "properties": {
    "cell": 2208,
    "market_cell": 2299,
    "cost_mi": 566.2
   },
   "geometry": {
    "type": "Point",
    "coordinates": [
     91.8211,
     -5.6186
    ]
   }
  },
  {
   "type": "Feature",
   "properties": {
    "cell": 2209,
    "market_cell": 1735,
    "cost_mi": 625.6
   },
   "geometry": {
    "type": "Point",
    "coordinates": [
     95.0463,
     -3.5924
    ]
   }
  },
  {
   "type": "Feature",
   "properties": {
    "cell": 2210,
    "market_cell": 1735,
    "cost_mi": 637.6
   },
   "geometry": {
    "type": "Point",
    "coordinates": [
     97.595,
     -3.3833
    ]
   }
  },
  {
   "type": "Feature",
   "properties": {
    "cell": 2211,
    "market_cell": 1735,
    "cost_mi": 711.3
   },
   "geometry": {
    "type": "Point",
    "coordinates": [
     100.1304,
     -3.1742
    ]
   }
  },
  {
   "type": "Feature",
   "properties": {
    "cell": 2212,
    "market_cell": 1735,
    "cost_mi": 736.0
   },
   "geometry": {
    "type": "Point",
    "coordinates": [
     100.0088,
     -5.7782
    ]
   }
  },
  {
   "type": "Feature",
   "properties": {
    "cell": 2216,
    "market_cell": 2224,
    "cost_mi": 9316.6
   },
   "geometry": {
    "type": "Point",
    "coordinates": [
     116.8308,
     -5.1529
    ]
   }
  },
  {
   "type": "Feature",
   "properties": {
    "cell": 2217,
    "market_cell": 2224,
    "cost_mi": 8205.2
   },
   "geometry": {
    "type": "Point",
    "coordinates": [
     118.7485,
     -5.056
    ]
   }
  },
  {
   "type": "Feature",
   "properties": {
    "cell": 2218,
    "market_cell": 2224,
    "cost_mi": 7035.6
   },
   "geometry": {
    "type": "Point",
    "coordinates": [
     120.67,
     -4.9438
    ]
   }
  },
  {
   "type": "Feature",
   "properties": {
    "cell": 2219,
    "market_cell": 2224,
    "cost_mi": 6145.5
   },
   "geometry": {
    "type": "Point",
    "coordinates": [
     122.4547,
     -5.5312
    ]
   }
  },
  {
   "type": "Feature",
   "properties": {
    "cell": 2220,
    "market_cell": 2224,
    "cost_mi": 4500.1
   },
   "geometry": {
    "type": "Point",
    "coordinates": [
     123.1693,
     -3.4327
    ]
   }
  },
  {
   "type": "Feature",
   "properties": {
    "cell": 2221,
    "market_cell": 2224,
    "cost_mi": 2574.8
   },
   "geometry": {
    "type": "Point",
    "coordinates": [
     126.4725,
     -3.8262
    ]
   }
  },
  {
   "type": "Feature",
   "properties": {
    "cell": 2222,
    "market_cell": 2224,
    "cost_mi": 1296.0
   },
   "geometry": {
    "type": "Point",
    "coordinates": [
     128.6696,
     -3.5924
    ]
   }
  },
  {
   "type": "Feature",
   "properties": {
    "cell": 2223,
    "market_cell": 2224,
    "cost_mi": 3391.6
   },
   "geometry": {
    "type": "Point",
    "coordinates": [
     126.2558,
     -6.2914
    ]
   }
  },
  {
   "type": "Feature",
   "properties": {
    "cell": 2224,
    "market_cell": 2224,
    "cost_mi": 0.0
   },
   "geometry": {
    "type": "Point",
    "coordinates": [
     130.8762,
     -3.3624
    ]
   }
  },
  {
   "type": "Feature",
   "properties": {
    "cell": 2225,
    "market_cell": 2224,
    "cost_mi": 1421.9
   },
   "geometry": {
    "type": "Point",
    "coordinates": [
     132.5449,
     -5.0027
    ]
   }
  },
  {
   "type": "Feature",
   "properties": {
    "cell": 2230,
    "market_cell": 2141,
    "cost_mi": 723.9
   },
   "geometry": {
    "type": "Point",
    "coordinates": [
     -112.5868,
     -7.0346
    ]
   }
  },
  {
   "type": "Feature",
   "properties": {
    "cell": 2231,
    "market_cell": 2141,
    "cost_mi": 753.9
   },
   "geometry": {
    "type": "Point",
    "coordinates": [
     -112.6477,
     -8.7814
    ]
   }
  },
  {
   "type": "Feature",
   "properties": {
    "cell": 2232,
    "market_cell": 2141,
    "cost_mi": 644.7
   },
   "geometry": {
    "type": "Point",
    "coordinates": [
     -110.8858,
     -7.2152
    ]
   }
  },
  {
   "type": "Feature",
   "properties": {
    "cell": 2233,
    "market_cell": 2141,
    "cost_mi": 464.9
   },
   "geometry": {
    "type": "Point",
    "coordinates": [
     -107.0961,
     -7.1715
    ]
   }
  },
  {
   "type": "Feature",
   "properties": {
    "cell": 2234,
    "market_cell": 2141,
    "cost_mi": 316.4
   },
   "geometry": {
    "type": "Point",
    "coordinates": [
     -104.1007,
     -8.3157
    ]
   }
  },
  {
   "type": "Feature",
   "properties": {
    "cell": 2235,
    "market_cell": 2141,
    "cost_mi": 130.2
   },
   "geometry": {
    "type": "Point",
    "coordinates": [
     -100.6987,
     -7.5098
    ]
   }
  },
  {
   "type": "Feature",
   "properties": {
    "cell": 2236,
    "market_cell": 2141,
    "cost_mi": 232.8
   },
   "geometry": {
    "type": "Point",
    "coordinates": [
     -98.7734,
     -9.3706
    ]
   }
  },
  {
   "type": "Feature",
   "properties": {
    "cell": 2241,
    "market_cell": 2141,
    "cost_mi": 960.6
   },
   "geometry": {
    "type": "Point",
    "coordinates": [
     -85.6993,
     -8.54
    ]
   }
  },
  {
   "type": "Feature",
   "properties": {
    "cell": 2242,
    "market_cell": 2141,
    "cost_mi": 855.2
   },
   "geometry": {
    "type": "Point",
    "coordinates": [
     -87.769,
     -9.4847
    ]
   }
  },
  {
   "type": "Feature",
   "properties": {
    "cell": 2243,
    "market_cell": 2141,
    "cost_mi": 1141.7
   },
   "geometry": {
    "type": "Point",
    "coordinates": [
     -82.6697,
     -7.5307
    ]
   }
  },
  {
   "type": "Feature",
   "properties": {
    "cell": 2244,
    "market_cell": 2141,
    "cost_mi": 1359.9
   },
   "geometry": {
    "type": "Point",
    "coordinates": [
     -78.0988,
     -6.3846
    ]
   }
  },
  {
   "type": "Feature",
   "properties": {
    "cell": 2245,
    "market_cell": 1968,
    "cost_mi": 1491.0
   },
   "geometry": {
    "type": "Point",
    "coordinates": [
     -74.6816,
     -7.027
    ]
   }
  },
  {
   "type": "Feature",
   "properties": {
    "cell": 2246,
    "market_cell": 1968,
    "cost_mi": 1294.0
   },
   "geometry": {
    "type": "Point",
    "coordinates": [
     -71.4905,
     -8.3994
    ]
   }
  },
  {
   "type": "Feature",
   "properties": {
    "cell": 2247,
    "market_cell": 1968,
    "cost_mi": 1205.6
   },
   "geometry": {
    "type": "Point",
    "coordinates": [
     -68.8449,
     -8.7434
    ]
   }
  },
  {
   "type": "Feature",
   "properties": {
    "cell": 2248,
    "market_cell": 1968,
    "cost_mi": 995.8
   },
   "geometry": {
    "type": "Point",
    "coordinates": [
     -64.7282,
     -6.1185
    ]
   }
  },
  {
   "type": "Feature",
   "properties": {
    "cell": 2249,
    "market_cell": 1968,
    "cost_mi": 876.1
   },
   "geometry": {
    "type": "Point",
    "coordinates": [
     -61.1095,
     -8.7415
    ]
   }
  },
  {
   "type": "Feature",
   "properties": {
    "cell": 2250,
    "market_cell": 1968,
    "cost_mi": 774.8
   },
   "geometry": {
    "type": "Point",
    "coordinates": [
     -58.1161,
     -6.9225
    ]
   }
  },
  {
   "type": "Feature",
   "properties": {
    "cell": 2251,
    "market_cell": 1968,
    "cost_mi": 682.5
   },
   "geometry": {
    "type": "Point",
    "coordinates": [
     -54.5886,
     -7.7189
    ]
   }
  },
  {
   "type": "Feature",
   "properties": {
    "cell": 2252,
    "market_cell": 1968,
    "cost_mi": 632.7
   },
   "geometry": {
    "type": "Point",
    "coordinates": [
     -51.9525,
     -8.8365
    ]
   }
  },
  {
   "type": "Feature",
   "properties": {
    "cell": 2253,
    "market_cell": 1968,
    "cost_mi": 494.7
   },
   "geometry": {
    "type": "Point",
    "coordinates": [
     -47.2961,
     -7.8044
    ]
   }
  },
  {
   "type": "Feature",
   "properties": {
    "cell": 2254,
    "market_cell": 1968,
    "cost_mi": 498.9
   },
   "geometry": {
    "type": "Point",
    "coordinates": [
     -45.2909,
     -9.6177
    ]
   }
  },
  {
   "type": "Feature",
   "properties": {
    "cell": 2255,
    "market_cell": 1968,
    "cost_mi": 442.6
   },
   "geometry": {
    "type": "Point",
    "coordinates": [
     -45.7091,
     -6.9567
    ]
   }
  },
  {
   "type": "Feature",
   "properties": {
    "cell": 2256,
    "market_cell": 1968,
    "cost_mi": 389.3
   },
   "geometry": {
    "type": "Point",
    "coordinates": [
     -44.124,
     -6.109
    ]
   }
  },
  {
   "type": "Feature",
   "properties": {
    "cell": 2265,
    "market_cell": 1968,
    "cost_mi": 1193.4
   },
   "geometry": {
    "type": "Point",
    "coordinates": [
     -27.3152,
     -6.1831
    ]
   }
  },
  {
   "type": "Feature",
   "properties": {
    "cell": 2266,
    "market_cell": 1968,
    "cost_mi": 1573.2
   },
   "geometry": {
    "type": "Point",
    "coordinates": [
     -24.2648,
     -7.392
    ]
   }
  },
  {
   "type": "Feature",
   "properties": {
    "cell": 2267,
    "market_cell": 1968,
    "cost_mi": 1753.4
   },
   "geometry": {
    "type": "Point",
    "coordinates": [
     -21.8415,
     -7.544
    ]
   }
  },
  {
   "type": "Feature",
   "properties": {
    "cell": 2268,
    "market_cell": 1968,
    "cost_mi": 2282.0
   },
   "geometry": {
    "type": "Point",
    "coordinates": [
     -17.6051,
     -8.5248
    ]
   }
  },
  {
   "type": "Feature",
   "properties": {
    "cell": 2269,
    "market_cell": 1968,
    "cost_mi": 2525.0
   },
   "geometry": {
    "type": "Point",
    "coordinates": [
     -14.2734,
     -7.9926
    ]
   }
  },
  {
   "type": "Feature",
   "properties": {
    "cell": 2270,
    "market_cell": 1968,
    "cost_mi": 2759.0
   },
   "geometry": {
    "type": "Point",
    "coordinates": [
     -11.8007,
     -6.6051
    ]
   }
  },
  {
   "type": "Feature",
   "properties": {
    "cell": 2271,
    "market_cell": 2620,
    "cost_mi": 3244.5
   },
   "geometry": {
    "type": "Point",
    "coordinates": [
     -7.5396,
     -7.0498
    ]
   }
  },
  {
   "type": "Feature",
   "properties": {
    "cell": 2272,
    "market_cell": 2620,
    "cost_mi": 2904.0
   },
   "geometry": {
    "type": "Point",
    "coordinates": [
     -4.8028,
     -5.9721
    ]
   }
  },
  {
   "type": "Feature",
   "properties": {
    "cell": 2273,
    "market_cell": 2620,
    "cost_mi": 2353.5
   },
   "geometry": {
    "type": "Point",
    "coordinates": [
     -0.8363,
     -8.597
    ]
   }
  },
  {
   "type": "Feature",
   "properties": {
    "cell": 2274,
    "market_cell": 2620,
    "cost_mi": 2150.8
   },
   "geometry": {
    "type": "Point",
    "coordinates": [
     3.6377,
     -7.0346
    ]
   }
  },
  {
   "type": "Feature",
   "properties": {
    "cell": 2275,
    "market_cell": 2620,
    "cost_mi": 1837.1
   },
   "geometry": {
    "type": "Point",
    "coordinates": [
     7.5757,
     -7.2228
    ]
   }
  },
  {
   "type": "Feature",
   "properties": {
    "cell": 2276,
    "market_cell": 2620,
    "cost_mi": 1768.0
   },
   "geometry": {
    "type": "Point",
    "coordinates": [
     10.3392,
     -6.1793
    ]
   }
  },
  {
   "type": "Feature",
   "properties": {
    "cell": 2277,
    "market_cell": 2620,
    "cost_mi": 1197.4
   },
   "geometry": {
    "type": "Point",
    "coordinates": [
     15.1515,
     -7.8558
    ]
   }
  },
  {
   "type": "Feature",
   "properties": {
    "cell": 2278,
    "market_cell": 2620,
    "cost_mi": 831.1
   },
   "geometry": {
    "type": "Point",
    "coordinates": [
     16.9589,
     -8.8746
    ]
   }
  },
  {
   "type": "Feature",
   "properties": {
    "cell": 2279,
    "market_cell": 2620,
    "cost_mi": 797.6
   },
   "geometry": {
    "type": "Point",
    "coordinates": [
     21.3854,
     -6.9681
    ]
   }
  },
  {
   "type": "Feature",
   "properties": {
    "cell": 2280,
    "market_cell": 2620,
    "cost_mi": 531.4
   },
   "geometry": {
    "type": "Point",
    "coordinates": [
     23.6832,
     -7.0479
    ]
   }
  },
  {
   "type": "Feature",
   "properties": {
    "cell": 2281,
    "market_cell": 2620,
    "cost_mi": 531.1
   },
   "geometry": {
    "type": "Point",
    "coordinates": [
     26.6367,
     -7.0593
    ]
   }
  },
  {
   "type": "Feature",
   "properties": {
    "cell": 2282,
    "market_cell": 2620,
    "cost_mi": 553.9
   },
   "geometry": {
    "type": "Point",
    "coordinates": [
     32.1332,
     -8.0097
    ]
   }
  },
  {
   "type": "Feature",
   "properties": {
    "cell": 2283,
    "market_cell": 2620,
    "cost_mi": 599.5
   },
   "geometry": {
    "type": "Point",
    "coordinates": [
     35.1019,
     -8.1922
    ]
   }
  },
  {
   "type": "Feature",
   "properties": {
    "cell": 2284,
    "market_cell": 2620,
    "cost_mi": 605.8
   },
   "geometry": {
    "type": "Point",
    "coordinates": [
     37.0424,
     -8.4963
    ]
   }
  },
  {
   "type": "Feature",
   "properties": {
    "cell": 2285,
    "market_cell": 2788,
    "cost_mi": 651.4
   },
   "geometry": {
    "type": "Point",
    "coordinates": [
     38.9677,
     -8.808
    ]
   }
  },
  {
   "type": "Feature",
   "properties": {
    "cell": 2286,
    "market_cell": 2788,
    "cost_mi": 642.7
   },
   "geometry": {
    "type": "Point",
    "coordinates": [
     40.7846,
     -8.4089
    ]
   }
  },
  {
   "type": "Feature",
   "properties": {
    "cell": 2287,
    "market_cell": 2788,
    "cost_mi": 661.7
   },
   "geometry": {
    "type": "Point",
    "coordinates": [
     44.4566,
     -8.3614
    ]
   }
  },
  {
   "type": "Feature",
   "properties": {
    "cell": 2288,
    "market_cell": 2788,
    "cost_mi": 710.2
   },
   "geometry": {
    "type": "Point",
    "coordinates": [
     47.1459,
     -7.6486
    ]
   }
  },
  {
   "type": "Feature",
   "properties": {
    "cell": 2289,
    "market_cell": 2788,
    "cost_mi": 769.7
   },
   "geometry": {
    "type": "Point",
    "coordinates": [
     51.2531,
     -7.3996
    ]
   }
  },
  {
   "type": "Feature",
   "properties": {
    "cell": 2290,
    "market_cell": 2299,
    "cost_mi": 754.4
   },
   "geometry": {
    "type": "Point",
    "coordinates": [
     53.2886,
     -6.3941
    ]
   }
  },
  {
   "type": "Feature",
   "properties": {
    "cell": 2291,
    "market_cell": 2299,
    "cost_mi": 762.7
   },
   "geometry": {
    "type": "Point",
    "coordinates": [
     53.8816,
     -8.9525
    ]
   }
  },
  {
   "type": "Feature",
   "properties": {
    "cell": 2292,
    "market_cell": 2299,
    "cost_mi": 642.3
   },
   "geometry": {
    "type": "Point",
    "coordinates": [
     56.4284,
     -7.1468
    ]
   }
  },
  {
   "type": "Feature",
   "properties": {
    "cell": 2293,
    "market_cell": 2299,
    "cost_mi": 524.2
   },
   "geometry": {
    "type": "Point",
    "coordinates": [
     59.5738,
     -7.9147
    ]
   }
  },
  {
   "type": "Feature",
   "properties": {
    "cell": 2294,
    "market_cell": 2299,
    "cost_mi": 538.1
   },
   "geometry": {
    "type": "Point",
    "coordinates": [
     60.3626,
     -10.0169
    ]
   }
  },
  {
   "type": "Feature",
   "properties": {
    "cell": 2295,
    "market_cell": 2299,
    "cost_mi": 420.8
   },
   "geometry": {
    "type": "Point",
    "coordinates": [
     63.0918,
     -6.185
    ]
   }
  },
  {
   "type": "Feature",
   "properties": {
    "cell": 2296,
    "market_cell": 2299,
    "cost_mi": 396.4
   },
   "geometry": {
    "type": "Point",
    "coordinates": [
     63.5822,
     -6.645
    ]
   }
  },
  {
   "type": "Feature",
   "properties": {
    "cell": 2297,
    "market_cell": 2299,
    "cost_mi": 235.7
   },
   "geometry": {
    "type": "Point",
    "coordinates": [
     69.1129,
     -7.143
    ]
   }
  },
  {
   "type": "Feature",
   "properties": {
    "cell": 2298,
    "market_cell": 2299,
    "cost_mi": 166.7
   },
   "geometry": {
    "type": "Point",
    "coordinates": [
     71.2643,
     -8.8879
    ]
   }
  },
  {
   "type": "Feature",
   "properties": {
    "cell": 2299,
    "market_cell": 2299,
    "cost_mi": 0.0
   },
   "geometry": {
    "type": "Point",
    "coordinates": [
     75.6585,
     -6.0976
    ]
   }
  },
  {
   "type": "Feature",
   "properties": {
    "cell": 2300,
    "market_cell": 2299,
    "cost_mi": 59.9
   },
   "geometry": {
    "type": "Point",
    "coordinates": [
     74.845,
     -8.0021
    ]
   }
  },
  {
   "type": "Feature",
   "properties": {
    "cell": 2302,
    "market_cell": 2299,
    "cost_mi": 355.9
   },
   "geometry": {
    "type": "Point",
    "coordinates": [
     82.9966,
     -8.0914
    ]
   }
  },
  {
   "type": "Feature",
   "properties": {
    "cell": 2303,
    "market_cell": 2299,
    "cost_mi": 375.8
   },
   "geometry": {
    "type": "Point",
    "coordinates": [
     85.0151,
     -7.4585
    ]
   }
  },
  {
   "type": "Feature",
   "properties": {
    "cell": 2304,
    "market_cell": 2299,
    "cost_mi": 488.3
   },
   "geometry": {
    "type": "Point",
    "coordinates": [
     88.1301,
     -8.77
    ]
   }
  },
  {
   "type": "Feature",
   "properties": {
    "cell": 2305,
    "market_cell": 2299,
    "cost_mi": 628.4
   },
   "geometry": {
    "type": "Point",
    "coordinates": [
     93.7178,
     -6.6298
    ]
   }
  },
  {
   "type": "Feature",
   "properties": {
    "cell": 2306,
    "market_cell": 2299,
    "cost_mi": 697.2
   },
   "geometry": {
    "type": "Point",
    "coordinates": [
     95.6583,
     -6.3409
    ]
   }
  },
  {
   "type": "Feature",
   "properties": {
    "cell": 2307,
    "market_cell": 1735,
    "cost_mi": 822.9
   },
   "geometry": {
    "type": "Point",
    "coordinates": [
     99.8795,
     -8.3633
    ]
   }
  },
  {
   "type": "Feature",
   "properties": {
    "cell": 2308,
    "market_cell": 2299,
    "cost_mi": 776.0
   },
   "geometry": {
    "type": "Point",
    "coordinates": [
     97.1769,
     -9.7888
    ]
   }
  },
  {
   "type": "Feature",
   "properties": {
    "cell": 2317,
    "market_cell": 2224,
    "cost_mi": 5057.0
   },
   "geometry": {
    "type": "Point",
    "coordinates": [
     124.245,
     -6.1071
    ]
   }
  },
  {
   "type": "Feature",
   "properties": {
    "cell": 2318,
    "market_cell": 2224,
    "cost_mi": 4991.6
   },
   "geometry": {
    "type": "Point",
    "coordinates": [
     126.0202,
     -8.7377
    ]
   }
  },
  {
   "type": "Feature",
   "properties": {
    "cell": 2326,
    "market_cell": 2141,
    "cost_mi": 833.1
   },
   "geometry": {
    "type": "Point",
    "coordinates": [
     -112.7009,
     -10.5206
    ]
   }
  },
  {
   "type": "Feature",
   "properties": {
    "cell": 2327,
    "market_cell": 2141,
    "cost_mi": 690.5
   },
   "geometry": {
    "type": "Point",
    "coordinates": [
     -109.9184,
     -11.8416
    ]
   }
  },
  {
   "type": "Feature",
   "properties": {
    "cell": 2328,
    "market_cell": 2141,
    "cost_mi": 383.7
   },
   "geometry": {
    "type": "Point",
    "coordinates": [
     -104.9218,
     -10.4084
    ]
   }
  },
  {
   "type": "Feature",
   "properties": {
    "cell": 2329,
    "market_cell": 2141,
    "cost_mi": 318.3
   },
   "geometry": {
    "type": "Point",
    "coordinates": [
     -103.5096,
     -10.4408
    ]
   }
  },
  {
   "type": "Feature",
   "properties": {
    "cell": 2330,
    "market_cell": 2141,
    "cost_mi": 374.7
   },
   "geometry": {
    "type": "Point",
    "coordinates": [
     -99.9974,
     -12.1799
    ]
   }
  },
  {
   "type": "Feature",
   "properties": {
    "cell": 2331,
    "market_cell": 2141,
    "cost_mi": 355.8
   },
   "geometry": {
    "type": "Point",
    "coordinates": [
     -96.8595,
     -11.2125
    ]
   }
  },
  {
   "type": "Feature",
   "properties": {
    "cell": 2332,
    "market_cell": 2141,
    "cost_mi": 453.0
   },
   "geometry": {
    "type": "Point",
    "coordinates": [
     -94.7822,
     -11.5185
    ]
   }
  },
  {
   "type": "Feature",
   "properties": {
    "cell": 2333,
    "market_cell": 2141,
    "cost_mi": 586.8
   },
   "geometry": {
    "type": "Point",
    "coordinates": [
     -92.7029,
     -11.8188
    ]
   }
  },
  {
   "type": "Feature",
   "properties": {
    "cell": 2334,
    "market_cell": 2141,
    "cost_mi": 734.6
   },
   "geometry": {
    "type": "Point",
    "coordinates": [
     -89.8216,
     -10.4446
    ]
   }
  },
  {
   "type": "Feature",
   "properties": {
    "cell": 2335,
    "market_cell": 2141,
    "cost_mi": 925.8
   },
   "geometry": {
    "type": "Point",
    "coordinates": [
     -86.3531,
     -12.0963
    ]
   }
  },
  {
   "type": "Feature",
   "properties": {
    "cell": 2336,
    "market_cell": 2141,
    "cost_mi": 1158.6
   },
   "geometry": {
    "type": "Point",
    "coordinates": [
     -81.6985,
     -10.0492
    ]
   }
  },
  {
   "type": "Feature",
   "properties": {
    "cell": 2337,
    "market_cell": 2141,
    "cost_mi": 1327.9
   },
   "geometry": {
    "type": "Point",
    "coordinates": [
     -78.6158,
     -12.0165
    ]
   }
  },
  {
   "type": "Feature",
   "properties": {
    "cell": 2338,
    "market_cell": 2141,
    "cost_mi": 1411.2
   },
   "geometry": {
    "type": "Point",
    "coordinates": [
     -76.6107,
     -11.5641
    ]
   }
  },
  {
   "type": "Feature",
   "properties": {
    "cell": 2339,
    "market_cell": 1968,
    "cost_mi": 1329.7
   },
   "geometry": {
    "type": "Point",
    "coordinates": [
     -70.8063,
     -11.9785
    ]
   }
  },
  {
   "type": "Feature",
   "properties": {
    "cell": 2340,
    "market_cell": 1968,
    "cost_mi": 1229.6
   },
   "geometry": {
    "type": "Point",
    "coordinates": [
     -68.7499,
     -11.0737
    ]
   }
  },
  {
   "type": "Feature",
   "properties": {
    "cell": 2341,
    "market_cell": 1968,
    "cost_mi": 1079.0
   },
   "geometry": {
    "type": "Point",
    "coordinates": [
     -65.0741,
     -11.623
    ]
   }
  },
  {
   "type": "Feature",
   "properties": {
    "cell": 2342,
    "market_cell": 1968,
    "cost_mi": 941.6
   },
   "geometry": {
    "type": "Point",
    "coordinates": [
     -62.0693,
     -10.8817
    ]
   }
  },
  {
   "type": "Feature",
   "properties": {
    "cell": 2343,
    "market_cell": 1968,
    "cost_mi": 856.0
   },
   "geometry": {
    "type": "Point",
    "coordinates": [
     -59.1899,
     -11.5641
    ]
   }
  },
  {
   "type": "Feature",
   "properties": {
    "cell": 2344,
    "market_cell": 1968,
    "cost_mi": 713.8
   },
   "geometry": {
    "type": "Point",
    "coordinates": [
     -53.7542,
     -10.9844
    ]
   }
  },
  {
   "type": "Feature",
   "properties": {
    "cell": 2345,
    "market_cell": 1968,
    "cost_mi": 691.7
   },
   "geometry": {
    "type": "Point",
    "coordinates": [
     -52.7716,
     -10.7867
    ]
   }
  },
  {
   "type": "Feature",
   "properties": {
    "cell": 2346,
    "market_cell": 1968,
    "cost_mi": 594.6
   },
   "geometry": {
    "type": "Point",
    "coordinates": [
     -49.4266,
     -10.5225
    ]
   }
  },
  {
   "type": "Feature",
   "properties": {
    "cell": 2347,
    "market_cell": 1968,
    "cost_mi": 576.9
   },
   "geometry": {
    "type": "Point",
    "coordinates": [
     -43.2896,
     -11.4196
    ]
   }
  },
  {
   "type": "Feature",
   "properties": {
    "cell": 2353,
    "market_cell": 1968,
    "cost_mi": 1922.1
   },
   "geometry": {
    "type": "Point",
    "coordinates": [
     -22.5923,
     -9.7736
    ]
   }
  },
  {
   "type": "Feature",
   "properties": {
    "cell": 2354,
    "market_cell": 1968,
    "cost_mi": 2157.9
   },
   "geometry": {
    "type": "Point",
    "coordinates": [
     -21.5184,
     -10.9996
    ]
   }
  },
  {
   "type": "Feature",
   "properties": {
    "cell": 2355,
    "market_cell": 1968,
    "cost_mi": 2180.4
   },
   "geometry": {
    "type": "Point",
    "coordinates": [
     -19.3289,
     -10.245
    ]
   }
  },
  {
   "type": "Feature",
   "properties": {
    "cell": 2356,
    "market_cell": 1968,
    "cost_mi": 2405.4
   },
   "geometry": {
    "type": "Point",
    "coordinates": [
     -17.149,
     -9.4885
    ]
   }
  },
  {
   "type": "Feature",
   "properties": {
    "cell": 2357,
    "market_cell": 1968,
    "cost_mi": 2546.8
   },
   "geometry": {
    "type": "Point",
    "coordinates": [
     -16.6301,
     -11.8986
    ]
   }
  },
  {
   "type": "Feature",
   "properties": {
    "cell": 2358,
    "market_cell": 1968,
    "cost_mi": 3041.5
   },
   "geometry": {
    "type": "Point",
    "coordinates": [
     -12.1751,
     -11.8131
    ]
   }
  },
  {
   "type": "Feature",
   "properties": {
    "cell": 2359,
    "market_cell": 2620,
    "cost_mi": 3163.1
   },
   "geometry": {
    "type": "Point",
    "coordinates": [
     -9.4592,
     -12.2674
    ]
   }
  },
  {
   "type": "Feature",
   "properties": {
    "cell": 2360,
    "market_cell": 2620,
    "cost_mi": 2970.8
   },
   "geometry": {
    "type": "Point",
    "coordinates": [
     -7.3515,
     -9.9048
    ]
   }
  },
  {
   "type": "Feature",
   "properties": {
    "cell": 2361,
    "market_cell": 2620,
    "cost_mi": 2580.1
   },
   "geometry": {
    "type": "Point",
    "coordinates": [
     -4.6963,
     -11.9899
    ]
   }
  },
  {
   "type": "Feature",
   "properties": {
    "cell": 2362,
    "market_cell": 2620,
    "cost_mi": 2051.3
   },
   "geometry": {
    "type": "Point",
    "coordinates": [
     0.88,
     -10.5643
    ]
   }
  },
  {
   "type": "Feature",
   "properties": {
    "cell": 2363,
    "market_cell": 2620,
    "cost_mi": 1857.4
   },
   "geometry": {
    "type": "Point",
    "coordinates": [
     3.6168,
     -11.3607
    ]
   }
  },
  {
   "type": "Feature",
   "properties": {
    "cell": 2364,
    "market_cell": 2620,
    "cost_mi": 1564.8
   },
   "geometry": {
    "type": "Point",
    "coordinates": [
     6.5703,
     -11.1611
    ]
   }
  },
  {
   "type": "Feature",
   "properties": {
    "cell": 2365,
    "market_cell": 2620,
    "cost_mi": 1239.7
   },
   "geometry": {
    "type": "Point",
    "coordinates": [
     10.0769,
     -10.5073
    ]
   }
  },
  {
   "type": "Feature",
   "properties": {
    "cell": 2366,
    "market_cell": 2620,
    "cost_mi": 926.0
   },
   "geometry": {
    "type": "Point",
    "coordinates": [
     13.802,
     -10.053
    ]
   }
  },
  {
   "type": "Feature",
   "properties": {
    "cell": 2367,
    "market_cell": 2620,
    "cost_mi": 518.7
   },
   "geometry": {
    "type": "Point",
    "coordinates": [
     16.5522,
     -11.5432
    ]
   }
  },
  {
   "type": "Feature",
   "properties": {
    "cell": 2368,
    "market_cell": 2620,
    "cost_mi": 414.7
   },
   "geometry": {
    "type": "Point",
    "coordinates": [
     21.1535,
     -11.0452
    ]
   }
  },
  {
   "type": "Feature",
   "properties": {
    "cell": 2369,
    "market_cell": 2620,
    "cost_mi": 417.7
   },
   "geometry": {
    "type": "Point",
    "coordinates": [
     25.0136,
     -9.7128
    ]
   }
  },
  {
   "type": "Feature",
   "properties": {
    "cell": 2370,
    "market_cell": 2620,
    "cost_mi": 415.3
   },
   "geometry": {
    "type": "Point",
    "coordinates": [
     27.4311,
     -10.2906
    ]
   }
  },
  {
   "type": "Feature",
   "properties": {
    "cell": 2371,
    "market_cell": 2620,
    "cost_mi": 351.5
   },
   "geometry": {
    "type": "Point",
    "coordinates": [
     31.2665,
     -12.4099
    ]
   }
  },
  {
   "type": "Feature",
   "properties": {
    "cell": 2372,
    "market_cell": 2620,
    "cost_mi": 526.7
   },
   "geometry": {
    "type": "Point",
    "coordinates": [
     35.4098,
     -10.6898
    ]
   }
  },
  {
   "type": "Feature",
   "properties": {
    "cell": 2373,
    "market_cell": 2788,
    "cost_mi": 555.4
   },
   "geometry": {
    "type": "Point",
    "coordinates": [
     38.7833,
     -12.0393
    ]
   }
  },
  {
   "type": "Feature",
   "properties": {
    "cell": 2374,
    "market_cell": 2788,
    "cost_mi": 553.8
   },
   "geometry": {
    "type": "Point",
    "coordinates": [
     41.0678,
     -11.393
    ]
   }
  },
  {
   "type": "Feature",
   "properties": {
    "cell": 2375,
    "market_cell": 2788,
    "cost_mi": 517.2
   },
   "geometry": {
    "type": "Point",
    "coordinates": [
     43.3999,
     -12.1305
    ]
   }
  },
  {
   "type": "Feature",
   "properties": {
    "cell": 2376,
    "market_cell": 2788,
    "cost_mi": 623.5
   },
   "geometry": {
    "type": "Point",
    "coordinates": [
     47.8586,
     -9.7489
    ]
   }
  },
  {
   "type": "Feature",
   "properties": {
    "cell": 2377,
    "market_cell": 2788,
    "cost_mi": 616.6
   },
   "geometry": {
    "type": "Point",
    "coordinates": [
     50.4434,
     -11.3816
    ]
   }
  },
  {
   "type": "Feature",
   "properties": {
    "cell": 2378,
    "market_cell": 2788,
    "cost_mi": 693.3
   },
   "geometry": {
    "type": "Point",
    "coordinates": [
     54.4727,
     -11.5014
    ]
   }
  },
  {
   "type": "Feature",
   "properties": {
    "cell": 2380,
    "market_cell": 2299,
    "cost_mi": 532.9
   },
   "geometry": {
    "type": "Point",
    "coordinates": [
     61.1361,
     -12.121
    ]
   }
  },
  {
   "type": "Feature",
   "properties": {
    "cell": 2381,
    "market_cell": 2299,
    "cost_mi": 599.3
   },
   "geometry": {
    "type": "Point",
    "coordinates": [
     58.9371,
     -12.773
    ]
   }
  },
  {
   "type": "Feature",
   "properties": {
    "cell": 2382,
    "market_cell": 2299,
    "cost_mi": 383.5
   },
   "geometry": {
    "type": "Point",
    "coordinates": [
     66.0301,
     -10.475
    ]
   }
  },
  {
   "type": "Feature",
   "properties": {
    "cell": 2383,
    "market_cell": 2299,
    "cost_mi": 320.7
   },
   "geometry": {
    "type": "Point",
    "coordinates": [
     67.1096,
     -11.3018
    ]
   }
  },
  {
   "type": "Feature",
   "properties": {
    "cell": 2384,
    "market_cell": 2299,
    "cost_mi": 187.2
   },
   "geometry": {
    "type": "Point",
    "coordinates": [
     70.9032,
     -9.498
    ]
   }
  },
  {
   "type": "Feature",
   "properties": {
    "cell": 2385,
    "market_cell": 2299,
    "cost_mi": 251.9
   },
   "geometry": {
    "type": "Point",
    "coordinates": [
     74.0316,
     -9.9086
    ]
   }
  },
  {
   "type": "Feature",
   "properties": {
    "cell": 2386,
    "market_cell": 2299,
    "cost_mi": 374.2
   },
   "geometry": {
    "type": "Point",
    "coordinates": [
     75.5863,
     -11.4044
    ]
   }
  },
  {
   "type": "Feature",
   "properties": {
    "cell": 2388,
    "market_cell": 2299,
    "cost_mi": 441.5
   },
   "geometry": {
    "type": "Point",
    "coordinates": [
     82.3751,
     -10.4256
    ]
   }
  },
  {
   "type": "Feature",
   "properties": {
    "cell": 2389,
    "market_cell": 2299,
    "cost_mi": 437.9
   },
   "geometry": {
    "type": "Point",
    "coordinates": [
     85.2564,
     -9.804
    ]
   }
  },
  {
   "type": "Feature",
   "properties": {
    "cell": 2390,
    "market_cell": 2299,
    "cost_mi": 531.8
   },
   "geometry": {
    "type": "Point",
    "coordinates": [
     89.3788,
     -9.6063
    ]
   }
  },
  {
   "type": "Feature",
   "properties": {
    "cell": 2391,
    "market_cell": 2299,
    "cost_mi": 645.8
   },
   "geometry": {
    "type": "Point",
    "coordinates": [
     93.0792,
     -10.9616
    ]
   }
  },
  {
   "type": "Feature",
   "properties": {
    "cell": 2392,
    "market_cell": 2299,
    "cost_mi": 768.1
   },
   "geometry": {
    "type": "Point",
    "coordinates": [
     94.4648,
     -11.2144
    ]
   }
  },
  {
   "type": "Feature",
   "properties": {
    "cell": 2393,
    "market_cell": 2299,
    "cost_mi": 899.9
   },
   "geometry": {
    "type": "Point",
    "coordinates": [
     94.8962,
     -13.0771
    ]
   }
  },
  {
   "type": "Feature",
   "properties": {
    "cell": 2410,
    "market_cell": 2141,
    "cost_mi": 806.4
   },
   "geometry": {
    "type": "Point",
    "coordinates": [
     -111.7601,
     -13.1227
    ]
   }
  },
  {
   "type": "Feature",
   "properties": {
    "cell": 2411,
    "market_cell": 2141,
    "cost_mi": 853.3
   },
   "geometry": {
    "type": "Point",
    "coordinates": [
     -110.7281,
     -15.2629
    ]
   }
  },
  {
   "type": "Feature",
   "properties": {
    "cell": 2412,
    "market_cell": 2141,
    "cost_mi": 774.2
   },
   "geometry": {
    "type": "Point",
    "coordinates": [
     -110.8288,
     -13.0942
    ]
   }
  },
  {
   "type": "Feature",
   "properties": {
    "cell": 2413,
    "market_cell": 2141,
    "cost_mi": 639.6
   },
   "geometry": {
    "type": "Point",
    "coordinates": [
     -105.2696,
     -14.8049
    ]
   }
  },
  {
   "type": "Feature",
   "properties": {
    "cell": 2414,
    "market_cell": 2141,
    "cost_mi": 483.6
   },
   "geometry": {
    "type": "Point",
    "coordinates": [
     -101.5939,
     -13.6017
    ]
   }
  },
  {
   "type": "Feature",
   "properties": {
    "cell": 2415,
    "market_cell": 2141,
    "cost_mi": 456.6
   },
   "geometry": {
    "type": "Point",
    "coordinates": [
     -98.5643,
     -13.2177
    ]
   }
  },
  {
   "type": "Feature",
   "properties": {
    "cell": 2416,
    "market_cell": 2141,
    "cost_mi": 564.7
   },
   "geometry": {
    "type": "Point",
    "coordinates": [
     -94.5161,
     -13.0771
    ]
   }
  },
  {
   "type": "Feature",
   "properties": {
    "cell": 2417,
    "market_cell": 2141,
    "cost_mi": 676.0
   },
   "geometry": {
    "type": "Point",
    "coordinates": [
     -92.9899,
     -14.9341
    ]
   }
  },
  {
   "type": "Feature",
   "properties": {
    "cell": 2418,
    "market_cell": 2141,
    "cost_mi": 800.5
   },
   "geometry": {
    "type": "Point",
    "coordinates": [
     -89.8273,
     -15.4283
    ]
   }
  },
  {
   "type": "Feature",
   "properties": {
    "cell": 2419,
    "market_cell": 2141,
    "cost_mi": 1072.9
   },
   "geometry": {
    "type": "Point",
    "coordinates": [
     -84.2187,
     -15.8655
    ]
   }
  },
  {
   "type": "Feature",
   "properties": {
    "cell": 2420,
    "market_cell": 2141,
    "cost_mi": 1174.2
   },
   "geometry": {
    "type": "Point",
    "coordinates": [
     -82.1832,
     -15.0634
    ]
   }
  },
  {
   "type": "Feature",
   "properties": {
    "cell": 2421,
    "market_cell": 2141,
    "cost_mi": 1297.8
   },
   "geometry": {
    "type": "Point",
    "coordinates": [
     -79.148,
     -15.3618
    ]
   }
  },
  {
   "type": "Feature",
   "properties": {
    "cell": 2422,
    "market_cell": 2141,
    "cost_mi": 1494.1
   },
   "geometry": {
    "type": "Point",
    "coordinates": [
     -74.3699,
     -14.5635
    ]
   }
  },
  {
   "type": "Feature",
   "properties": {
    "cell": 2423,
    "market_cell": 1968,
    "cost_mi": 1485.9
   },
   "geometry": {
    "type": "Point",
    "coordinates": [
     -72.4997,
     -14.592
    ]
   }
  },
  {
   "type": "Feature",
   "properties": {
    "cell": 2424,
    "market_cell": 1968,
    "cost_mi": 1326.6
   },
   "geometry": {
    "type": "Point",
    "coordinates": [
     -69.7363,
     -12.9592
    ]
   }
  },
  {
   "type": "Feature",
   "properties": {
    "cell": 2425,
    "market_cell": 1968,
    "cost_mi": 1139.0
   },
   "geometry": {
    "type": "Point",
    "coordinates": [
     -65.0931,
     -14.1643
    ]
   }
  },
  {
   "type": "Feature",
   "properties": {
    "cell": 2426,
    "market_cell": 1968,
    "cost_mi": 951.4
   },
   "geometry": {
    "type": "Point",
    "coordinates": [
     -60.2295,
     -14.7288
    ]
   }
  },
  {
   "type": "Feature",
   "properties": {
    "cell": 2427,
    "market_cell": 1968,
    "cost_mi": 876.6
   },
   "geometry": {
    "type": "Point",
    "coordinates": [
     -58.0287,
     -13.3755
    ]
   }
  },
  {
   "type": "Feature",
   "properties": {
    "cell": 2428,
    "market_cell": 1968,
    "cost_mi": 813.9
   },
   "geometry": {
    "type": "Point",
    "coordinates": [
     -55.8734,
     -13.6112
    ]
   }
  },
  {
   "type": "Feature",
   "properties": {
    "cell": 2429,
    "market_cell": 1968,
    "cost_mi": 702.7
   },
   "geometry": {
    "type": "Point",
    "coordinates": [
     -50.0405,
     -13.788
    ]
   }
  },
  {
   "type": "Feature",
   "properties": {
    "cell": 2430,
    "market_cell": 1968,
    "cost_mi": 689.9
   },
   "geometry": {
    "type": "Point",
    "coordinates": [
     -46.6118,
     -15.2477
    ]
   }
  },
  {
   "type": "Feature",
   "properties": {
    "cell": 2431,
    "market_cell": 1968,
    "cost_mi": 640.3
   },
   "geometry": {
    "type": "Point",
    "coordinates": [
     -45.3499,
     -14.0883
    ]
   }
  },
  {
   "type": "Feature",
   "properties": {
    "cell": 2432,
    "market_cell": 1968,
    "cost_mi": 698.6
   },
   "geometry": {
    "type": "Point",
    "coordinates": [
     -45.2339,
     -16.0993
    ]
   }
  },
  {
   "type": "Feature",
   "properties": {
    "cell": 2442,
    "market_cell": 1968,
    "cost_mi": 2833.9
   },
   "geometry": {
    "type": "Point",
    "coordinates": [
     -16.1113,
     -14.324
    ]
   }
  },
  {
   "type": "Feature",
   "properties": {
    "cell": 2443,
    "market_cell": 1968,
    "cost_mi": 3033.3
   },
   "geometry": {
    "type": "Point",
    "coordinates": [
     -12.8575,
     -13.7518
    ]
   }
  },
  {
   "type": "Feature",
   "properties": {
    "cell": 2444,
    "market_cell": 1968,
    "cost_mi": 3263.0
   },
   "geometry": {
    "type": "Point",
    "coordinates": [
     -11.2515,
     -14.7307
    ]
   }
  },
  {
   "type": "Feature",
   "properties": {
    "cell": 2445,
    "market_cell": 2620,
    "cost_mi": 3203.9
   },
   "geometry": {
    "type": "Point",
    "coordinates": [
     -9.636,
     -15.6963
    ]
   }
  },
  {
   "type": "Feature",
   "properties": {
    "cell": 2446,
    "market_cell": 2620,
    "cost_mi": 2991.5
   },
   "geometry": {
    "type": "Point",
    "coordinates": [
     -7.8114,
     -16.0803
    ]
   }
  },
  {
   "type": "Feature",
   "properties": {
    "cell": 2447,
    "market_cell": 2620,
    "cost_mi": 2844.6
   },
   "geometry": {
    "type": "Point",
    "coordinates": [
     -7.1766,
     -13.8032
    ]
   }
  },
  {
   "type": "Feature",
   "properties": {
    "cell": 2448,
    "market_cell": 2620,
    "cost_mi": 2464.7
   },
   "geometry": {
    "type": "Point",
    "coordinates": [
     -4.0254,
     -14.7212
    ]
   }
  },
  {
   "type": "Feature",
   "properties": {
    "cell": 2449,
    "market_cell": 2620,
    "cost_mi": 2034.8
   },
   "geometry": {
    "type": "Point",
    "coordinates": [
     -0.3991,
     -13.9191
    ]
   }
  },
  {
   "type": "Feature",
   "properties": {
    "cell": 2450,
    "market_cell": 2620,
    "cost_mi": 1586.6
   },
   "geometry": {
    "type": "Point",
    "coordinates": [
     3.4629,
     -13.6378
    ]
   }
  },
  {
   "type": "Feature",
   "properties": {
    "cell": 2451,
    "market_cell": 2620,
    "cost_mi": 1004.0
   },
   "geometry": {
    "type": "Point",
    "coordinates": [
     8.3512,
     -13.8564
    ]
   }
  },
  {
   "type": "Feature",
   "properties": {
    "cell": 2452,
    "market_cell": 2620,
    "cost_mi": 682.1
   },
   "geometry": {
    "type": "Point",
    "coordinates": [
     9.731,
     -16.2703
    ]
   }
  },
  {
   "type": "Feature",
   "properties": {
    "cell": 2453,
    "market_cell": 2620,
    "cost_mi": 1113.1
   },
   "geometry": {
    "type": "Point",
    "coordinates": [
     6.0439,
     -15.7571
    ]
   }
  },
  {
   "type": "Feature",
   "properties": {
    "cell": 2454,
    "market_cell": 2620,
    "cost_mi": 976.8
   },
   "geometry": {
    "type": "Point",
    "coordinates": [
     9.5048,
     -13.7347
    ]
   }
  },
  {
   "type": "Feature",
   "properties": {
    "cell": 2455,
    "market_cell": 2620,
    "cost_mi": 593.1
   },
   "geometry": {
    "type": "Point",
    "coordinates": [
     13.133,
     -12.963
    ]
   }
  },
  {
   "type": "Feature",
   "properties": {
    "cell": 2456,
    "market_cell": 2620,
    "cost_mi": 460.5
   },
   "geometry": {
    "type": "Point",
    "coordinates": [
     16.0295,
     -14.8752
    ]
   }
  },
  {
   "type": "Feature",
   "properties": {
    "cell": 2457,
    "market_cell": 2620,
    "cost_mi": 333.7
   },
   "geometry": {
    "type": "Point",
    "coordinates": [
     21.2504,
     -13.117
    ]
   }
  },
  {
   "type": "Feature",
   "properties": {
    "cell": 2458,
    "market_cell": 2620,
    "cost_mi": 261.4
   },
   "geometry": {
    "type": "Point",
    "coordinates": [
     25.0801,
     -13.2424
    ]
   }
  },
  {
   "type": "Feature",
   "properties": {
    "cell": 2459,
    "market_cell": 2620,
    "cost_mi": 187.4
   },
   "geometry": {
    "type": "Point",
    "coordinates": [
     26.9389,
     -15.2116
    ]
   }
  },
  {
   "type": "Feature",
   "properties": {
    "cell": 2460,
    "market_cell": 2620,
    "cost_mi": 273.8
   },
   "geometry": {
    "type": "Point",
    "coordinates": [
     31.4889,
     -15.4112
    ]
   }
  },
  {
   "type": "Feature",
   "properties": {
    "cell": 2461,
    "market_cell": 2620,
    "cost_mi": 355.7
   },
   "geometry": {
    "type": "Point",
    "coordinates": [
     34.0737,
     -15.7058
    ]
   }
  },
  {
   "type": "Feature",
   "properties": {
    "cell": 2462,
    "market_cell": 2788,
    "cost_mi": 480.2
   },
   "geometry": {
    "type": "Point",
    "coordinates": [
     38.006,
     -13.7252
    ]
   }
  },
  {
   "type": "Feature",
   "properties": {
    "cell": 2463,
    "market_cell": 2788,
    "cost_mi": 446.5
   },
   "geometry": {
    "type": "Point",
    "coordinates": [
     42.0257,
     -14.0788
    ]
   }
  },
  {
   "type": "Feature",
   "properties": {
    "cell": 2464,
    "market_cell": 2788,
    "cost_mi": 460.4
   },
   "geometry": {
    "type": "Point",
    "coordinates": [
     44.7626,
     -14.3069
    ]
   }
  },
  {
   "type": "Feature",
   "properties": {
    "cell": 2465,
    "market_cell": 2788,
    "cost_mi": 481.4
   },
   "geometry": {
    "type": "Point",
    "coordinates": [
     46.8,
     -14.1187
    ]
   }
  },
  {
   "type": "Feature",
   "properties": {
    "cell": 2466,
    "market_cell": 2788,
    "cost_mi": 538.4
   },
   "geometry": {
    "type": "Point",
    "coordinates": [
     51.5971,
     -15.4264
    ]
   }
  },
  {
   "type": "Feature",
   "properties": {
    "cell": 2467,
    "market_cell": 2788,
    "cost_mi": 633.1
   },
   "geometry": {
    "type": "Point",
    "coordinates": [
     55.0504,
     -14.879
    ]
   }
  },
  {
   "type": "Feature",
   "properties": {
    "cell": 2468,
    "market_cell": 2299,
    "cost_mi": 677.6
   },
   "geometry": {
    "type": "Point",
    "coordinates": [
     56.7439,
     -13.4306
    ]
   }
  },
  {
   "type": "Feature",
   "properties": {
    "cell": 2469,
    "market_cell": 2299,
    "cost_mi": 526.0
   },
   "geometry": {
    "type": "Point",
    "coordinates": [
     63.0538,
     -15.071
    ]
   }
  },
  {
   "type": "Feature",
   "properties": {
    "cell": 2470,
    "market_cell": 2299,
    "cost_mi": 449.0
   },
   "geometry": {
    "type": "Point",
    "coordinates": [
     65.4618,
     -14.1073
    ]
   }
  },
  {
   "type": "Feature",
   "properties": {
    "cell": 2471,
    "market_cell": 2299,
    "cost_mi": 331.6
   },
   "geometry": {
    "type": "Point",
    "coordinates": [
     68.2329,
     -13.7138
    ]
   }
  },
  {
   "type": "Feature",
   "properties": {
    "cell": 2472,
    "market_cell": 2299,
    "cost_mi": 375.1
   },
   "geometry": {
    "type": "Point",
    "coordinates": [
     72.1386,
     -15.299
    ]
   }
  },
  {
   "type": "Feature",
   "properties": {
    "cell": 2473,
    "market_cell": 2299,
    "cost_mi": 631.7
   },
   "geometry": {
    "type": "Point",
    "coordinates": [
     74.7519,
     -14.0351
    ]
   }
  },
  {
   "type": "Feature",
   "properties": {
    "cell": 2474,
    "market_cell": 2299,
    "cost_mi": 566.0
   },
   "geometry": {
    "type": "Point",
    "coordinates": [
     77.1542,
     -12.8832
    ]
   }
  },
  {
   "type": "Feature",
   "properties": {
    "cell": 2475,
    "market_cell": 2299,
    "cost_mi": 541.8
   },
   "geometry": {
    "type": "Point",
    "coordinates": [
     80.0146,
     -12.963
    ]
   }
  },
  {
   "type": "Feature",
   "properties": {
    "cell": 2476,
    "market_cell": 2299,
    "cost_mi": 519.1
   },
   "geometry": {
    "type": "Point",
    "coordinates": [
     82.8788,
     -13.06
    ]
   }
  },
  {
   "type": "Feature",
   "properties": {
    "cell": 2477,
    "market_cell": 2299,
    "cost_mi": 608.4
   },
   "geometry": {
    "type": "Point",
    "coordinates": [
     84.4126,
     -15.7362
    ]
   }
  },
  {
   "type": "Feature",
   "properties": {
    "cell": 2478,
    "market_cell": 2299,
    "cost_mi": 646.5
   },
   "geometry": {
    "type": "Point",
    "coordinates": [
     88.782,
     -15.1527
    ]
   }
  },
  {
   "type": "Feature",
   "properties": {
    "cell": 2479,
    "market_cell": 2299,
    "cost_mi": 683.5
   },
   "geometry": {
    "type": "Point",
    "coordinates": [
     92.3475,
     -13.4135
    ]
   }
  },
  {
   "type": "Feature",
   "properties": {
    "cell": 2480,
    "market_cell": 2299,
    "cost_mi": 972.9
   },
   "geometry": {
    "type": "Point",
    "coordinates": [
     95.3105,
     -14.9398
    ]
   }
  },
  {
   "type": "Feature",
   "properties": {
    "cell": 2481,
    "market_cell": 2299,
    "cost_mi": 1164.1
   },
   "geometry": {
    "type": "Point",
    "coordinates": [
     97.8421,
     -13.9134
    ]
   }
  },
  {
   "type": "Feature",
   "properties": {
    "cell": 2482,
    "market_cell": 2299,
    "cost_mi": 1018.5
   },
   "geometry": {
    "type": "Point",
    "coordinates": [
     97.7091,
     -15.5861
    ]
   }
  },
  {
   "type": "Feature",
   "properties": {
    "cell": 2483,
    "market_cell": 2299,
    "cost_mi": 1185.6
   },
   "geometry": {
    "type": "Point",
    "coordinates": [
     100.368,
     -12.8737
    ]
   }
  },
  {
   "type": "Feature",
   "properties": {
    "cell": 2491,
    "market_cell": 2141,
    "cost_mi": 877.9
   },
   "geometry": {
    "type": "Point",
    "coordinates": [
     -109.7113,
     -17.4051
    ]
   }
  },
  {
   "type": "Feature",
   "properties": {
    "cell": 2492,
    "market_cell": 2141,
    "cost_mi": 1001.0
   },
   "geometry": {
    "type": "Point",
    "coordinates": [
     -109.1696,
     -19.8057
    ]
   }
  },
  {
   "type": "Feature",
   "properties": {
    "cell": 2493,
    "market_cell": 2141,
    "cost_mi": 813.3
   },
   "geometry": {
    "type": "Point",
    "coordinates": [
     -105.5186,
     -18.2889
    ]
   }
  },
  {
   "type": "Feature",
   "properties": {
    "cell": 2494,
    "market_cell": 2141,
    "cost_mi": 760.9
   },
   "geometry": {
    "type": "Point",
    "coordinates": [
     -101.9322,
     -17.8669
    ]
   }
  },
  {
   "type": "Feature",
   "properties": {
    "cell": 2495,
    "market_cell": 2141,
    "cost_mi": 765.1
   },
   "geometry": {
    "type": "Point",
    "coordinates": [
     -97.6844,
     -17.7282
    ]
   }
  },
  {
   "type": "Feature",
   "properties": {
    "cell": 2496,
    "market_cell": 2141,
    "cost_mi": 810.9
   },
   "geometry": {
    "type": "Point",
    "coordinates": [
     -95.8028,
     -18.2376
    ]
   }
  },
  {
   "type": "Feature",
   "properties": {
    "cell": 2497,
    "market_cell": 2141,
    "cost_mi": 864.0
   },
   "geometry": {
    "type": "Point",
    "coordinates": [
     -93.5962,
     -18.9504
    ]
   }
  },
  {
   "type": "Feature",
   "properties": {
    "cell": 2498,
    "market_cell": 2141,
    "cost_mi": 933.9
   },
   "geometry": {
    "type": "Point",
    "coordinates": [
     -88.4969,
     -17.9848
    ]
   }
  },
  {
   "type": "Feature",
   "properties": {
    "cell": 2499,
    "market_cell": 2141,
    "cost_mi": 1009.1
   },
   "geometry": {
    "type": "Point",
    "coordinates": [
     -86.087,
     -17.9411
    ]
   }
  },
  {
   "type": "Feature",
   "properties": {
    "cell": 2500,
    "market_cell": 2141,
    "cost_mi": 1163.0
   },
   "geometry": {
    "type": "Point",
    "coordinates": [
     -83.3863,
     -18.785
    ]
   }
  },
  {
   "type": "Feature",
   "properties": {
    "cell": 2501,
    "market_cell": 2141,
    "cost_mi": 1391.5
   },
   "geometry": {
    "type": "Point",
    "coordinates": [
     -77.9867,
     -17.1561
    ]
   }
  },
  {
   "type": "Feature",
   "properties": {
    "cell": 2502,
    "market_cell": 2141,
    "cost_mi": 1537.5
   },
   "geometry": {
    "type": "Point",
    "coordinates": [
     -74.6493,
     -16.3578
    ]
   }
  },
  {
   "type": "Feature",
   "properties": {
    "cell": 2503,
    "market_cell": 1968,
    "cost_mi": 1594.2
   },
   "geometry": {
    "type": "Point",
    "coordinates": [
     -71.6368,
     -18.1216
    ]
   }
  },
  {
   "type": "Feature",
   "properties": {
    "cell": 2504,
    "market_cell": 1968,
    "cost_mi": 1318.3
   },
   "geometry": {
    "type": "Point",
    "coordinates": [
     -67.5658,
     -17.4488
    ]
   }
  },
  {
   "type": "Feature",
   "properties": {
    "cell": 2505,
    "market_cell": 1968,
    "cost_mi": 1184.1
   },
   "geometry": {
    "type": "Point",
    "coordinates": [
     -65.249,
     -17.6446
    ]
   }
  },
  {
   "type": "Feature",
   "properties": {
    "cell": 2506,
    "market_cell": 1968,
    "cost_mi": 1046.6
   },
   "geometry": {
    "type": "Point",
    "coordinates": [
     -62.2594,
     -16.8329
    ]
   }
  },
  {
   "type": "Feature",
   "properties": {
    "cell": 2507,
    "market_cell": 1968,
    "cost_mi": 973.5
   },
   "geometry": {
    "type": "Point",
    "coordinates": [
     -58.2529,
     -18.2927
    ]
   }
  },
  {
   "type": "Feature",
   "properties": {
    "cell": 2508,
    "market_cell": 1968,
    "cost_mi": 878.1
   },
   "geometry": {
    "type": "Point",
    "coordinates": [
     -53.6649,
     -18.2775
    ]
   }
  },
  {
   "type": "Feature",
   "properties": {
    "cell": 2509,
    "market_cell": 1968,
    "cost_mi": 853.2
   },
   "geometry": {
    "type": "Point",
    "coordinates": [
     -52.3554,
     -18.3003
    ]
   }
  },
  {
   "type": "Feature",
   "properties": {
    "cell": 2510,
    "market_cell": 1968,
    "cost_mi": 779.6
   },
   "geometry": {
    "type": "Point",
    "coordinates": [
     -48.6493,
     -17.5856
    ]
   }
  },
  {
   "type": "Feature",
   "properties": {
    "cell": 2511,
    "market_cell": 1968,
    "cost_mi": 756.7
   },
   "geometry": {
    "type": "Point",
    "coordinates": [
     -45.1256,
     -18.1045
    ]
   }
  },
  {
   "type": "Feature",
   "properties": {
    "cell": 2512,
    "market_cell": 1968,
    "cost_mi": 789.2
   },
   "geometry": {
    "type": "Point",
    "coordinates": [
     -43.4664,
     -18.6843
    ]
   }
  },
  {
   "type": "Feature",
   "properties": {
    "cell": 2513,
    "market_cell": 1968,
    "cost_mi": 839.5
   },
   "geometry": {
    "type": "Point",
    "coordinates": [
     -41.8262,
     -19.2583
    ]
   }
  },
  {
   "type": "Feature",
   "properties": {
    "cell": 2514,
    "market_cell": 1968,
    "cost_mi": 924.6
   },
   "geometry": {
    "type": "Point",
    "coordinates": [
     -39.2661,
     -17.8099
    ]
   }
  },
  {
   "type": "Feature",
   "properties": {
    "cell": 2515,
    "market_cell": 1968,
    "cost_mi": 923.5
   },
   "geometry": {
    "type": "Point",
    "coordinates": [
     -39.2661,
     -20.623
    ]
   }
  },
  {
   "type": "Feature",
   "properties": {
    "cell": 2516,
    "market_cell": 1968,
    "cost_mi": 1009.4
   },
   "geometry": {
    "type": "Point",
    "coordinates": [
     -36.7174,
     -16.3654
    ]
   }
  },
  {
   "type": "Feature",
   "properties": {
    "cell": 2517,
    "market_cell": 1968,
    "cost_mi": 1008.2
   },
   "geometry": {
    "type": "Point",
    "coordinates": [
     -36.7193,
     -19.1785
    ]
   }
  },
  {
   "type": "Feature",
   "properties": {
    "cell": 2529,
    "market_cell": 2620,
    "cost_mi": 2768.2
   },
   "geometry": {
    "type": "Point",
    "coordinates": [
     -5.9716,
     -16.4775
    ]
   }
  },
  {
   "type": "Feature",
   "properties": {
    "cell": 2530,
    "market_cell": 2620,
    "cost_mi": 2532.9
   },
   "geometry": {
    "type": "Point",
    "coordinates": [
     -4.3238,
     -18.1216
    ]
   }
  },
  {
   "type": "Feature",
   "properties": {
    "cell": 2531,
    "market_cell": 2620,
    "cost_mi": 2196.4
   },
   "geometry": {
    "type": "Point",
    "coordinates": [
     -1.4254,
     -18.3421
    ]
   }
  },
  {
   "type": "Feature",
   "properties": {
    "cell": 2532,
    "market_cell": 2620,
    "cost_mi": 1858.4
   },
   "geometry": {
    "type": "Point",
    "coordinates": [
     1.4863,
     -18.5626
    ]
   }
  },
  {
   "type": "Feature",
   "properties": {
    "cell": 2533,
    "market_cell": 2620,
    "cost_mi": 1493.8
   },
   "geometry": {
    "type": "Point",
    "coordinates": [
     3.7327,
     -17.6541
    ]
   }
  },
  {
   "type": "Feature",
   "properties": {
    "cell": 2536,
    "market_cell": 2620,
    "cost_mi": 496.0
   },
   "geometry": {
    "type": "Point",
    "coordinates": [
     11.1165,
     -18.6862
    ]
   }
  },
  {
   "type": "Feature",
   "properties": {
    "cell": 2537,
    "market_cell": 2620,
    "cost_mi": 400.0
   },
   "geometry": {
    "type": "Point",
    "coordinates": [
     12.7909,
     -20.4329
    ]
   }
  },
  {
   "type": "Feature",
   "properties": {
    "cell": 2538,
    "market_cell": 2620,
    "cost_mi": 444.0
   },
   "geometry": {
    "type": "Point",
    "coordinates": [
     15.1496,
     -16.8729
    ]
   }
  },
  {
   "type": "Feature",
   "properties": {
    "cell": 2539,
    "market_cell": 2620,
    "cost_mi": 378.6
   },
   "geometry": {
    "type": "Point",
    "coordinates": [
     15.9402,
     -18.1901
    ]
   }
  },
  {
   "type": "Feature",
   "properties": {
    "cell": 2540,
    "market_cell": 2620,
    "cost_mi": 278.9
   },
   "geometry": {
    "type": "Point",
    "coordinates": [
     19.0515,
     -16.6144
    ]
   }
  },
  {
   "type": "Feature",
   "properties": {
    "cell": 2541,
    "market_cell": 2620,
    "cost_mi": 106.9
   },
   "geometry": {
    "type": "Point",
    "coordinates": [
     24.3674,
     -16.5897
    ]
   }
  },
  {
   "type": "Feature",
   "properties": {
    "cell": 2542,
    "market_cell": 2620,
    "cost_mi": 150.2
   },
   "geometry": {
    "type": "Point",
    "coordinates": [
     28.7901,
     -17.7339
    ]
   }
  },
  {
   "type": "Feature",
   "properties": {
    "cell": 2543,
    "market_cell": 2620,
    "cost_mi": 72.0
   },
   "geometry": {
    "type": "Point",
    "coordinates": [
     26.7982,
     -18.7793
    ]
   }
  },
  {
   "type": "Feature",
   "properties": {
    "cell": 2544,
    "market_cell": 2620,
    "cost_mi": 233.5
   },
   "geometry": {
    "type": "Point",
    "coordinates": [
     30.9225,
     -17.2701
    ]
   }
  },
  {
   "type": "Feature",
   "properties": {
    "cell": 2545,
    "market_cell": 2620,
    "cost_mi": 347.7
   },
   "geometry": {
    "type": "Point",
    "coordinates": [
     33.5871,
     -19.0549
    ]
   }
  },
  {
   "type": "Feature",
   "properties": {
    "cell": 2546,
    "market_cell": 2788,
    "cost_mi": 336.7
   },
   "geometry": {
    "type": "Point",
    "coordinates": [
     34.5906,
     -20.528
    ]
   }
  },
  {
   "type": "Feature",
   "properties": {
    "cell": 2547,
    "market_cell": 2788,
    "cost_mi": 378.1
   },
   "geometry": {
    "type": "Point",
    "coordinates": [
     37.6905,
     -17.2397
    ]
   }
  },
  {
   "type": "Feature",
   "properties": {
    "cell": 2548,
    "market_cell": 2788,
    "cost_mi": 295.0
   },
   "geometry": {
    "type": "Point",
    "coordinates": [
     40.0016,
     -18.4562
    ]
   }
  },
  {
   "type": "Feature",
   "properties": {
    "cell": 2549,
    "market_cell": 2788,
    "cost_mi": 333.3
   },
   "geometry": {
    "type": "Point",
    "coordinates": [
     44.5022,
     -18.6938
    ]
   }
  },
  {
   "type": "Feature",
   "properties": {
    "cell": 2550,
    "market_cell": 2788,
    "cost_mi": 386.0
   },
   "geometry": {
    "type": "Point",
    "coordinates": [
     47.4595,
     -19.1576
    ]
   }
  },
  {
   "type": "Feature",
   "properties": {
    "cell": 2551,
    "market_cell": 2788,
    "cost_mi": 430.9
   },
   "geometry": {
    "type": "Point",
    "coordinates": [
     50.7133,
     -19.034
    ]
   }
  },
  {
   "type": "Feature",
   "properties": {
    "cell": 2552,
    "market_cell": 2788,
    "cost_mi": 547.5
   },
   "geometry": {
    "type": "Point",
    "coordinates": [
     54.3776,
     -17.3633
    ]
   }
  },
  {
   "type": "Feature",
   "properties": {
    "cell": 2553,
    "market_cell": 2788,
    "cost_mi": 678.7
   },
   "geometry": {
    "type": "Point",
    "coordinates": [
     58.4525,
     -17.9639
    ]
   }
  },
  {
   "type": "Feature",
   "properties": {
    "cell": 2554,
    "market_cell": 2299,
    "cost_mi": 627.6
   },
   "geometry": {
    "type": "Point",
    "coordinates": [
     61.9534,
     -18.3174
    ]
   }
  },
  {
   "type": "Feature",
   "properties": {
    "cell": 2555,
    "market_cell": 2299,
    "cost_mi": 537.8
   },
   "geometry": {
    "type": "Point",
    "coordinates": [
     65.0741,
     -17.2625
    ]
   }
  },
  {
   "type": "Feature",
   "properties": {
    "cell": 2556,
    "market_cell": 2299,
    "cost_mi": 491.5
   },
   "geometry": {
    "type": "Point",
    "coordinates": [
     69.5177,
     -17.7301
    ]
   }
  },
  {
   "type": "Feature",
   "properties": {
    "cell": 2557,
    "market_cell": 2299,
    "cost_mi": 460.3
   },
   "geometry": {
    "type": "Point",
    "coordinates": [
     71.5361,
     -17.846
    ]
   }
  },
  {
   "type": "Feature",
   "properties": {
    "cell": 2558,
    "market_cell": 2299,
    "cost_mi": 701.2
   },
   "geometry": {
    "type": "Point",
    "coordinates": [
     75.7174,
     -16.4414
    ]
   }
  },
  {
   "type": "Feature",
   "properties": {
    "cell": 2559,
    "market_cell": 2299,
    "cost_mi": 656.9
   },
   "geometry": {
    "type": "Point",
    "coordinates": [
     80.1781,
     -16.9812
    ]
   }
  },
  {
   "type": "Feature",
   "properties": {
    "cell": 2560,
    "market_cell": 2299,
    "cost_mi": 681.7
   },
   "geometry": {
    "type": "Point",
    "coordinates": [
     83.5478,
     -17.8156
    ]
   }
  },
  {
   "type": "Feature",
   "properties": {
    "cell": 2561,
    "market_cell": 2299,
    "cost_mi": 718.0
   },
   "geometry": {
    "type": "Point",
    "coordinates": [
     84.5152,
     -18.766
    ]
   }
  },
  {
   "type": "Feature",
   "properties": {
    "cell": 2562,
    "market_cell": 2299,
    "cost_mi": 707.6
   },
   "geometry": {
    "type": "Point",
    "coordinates": [
     89.3256,
     -17.196
    ]
   }
  },
  {
   "type": "Feature",
   "properties": {
    "cell": 2563,
    "market_cell": 2299,
    "cost_mi": 766.5
   },
   "geometry": {
    "type": "Point",
    "coordinates": [
     90.8765,
     -18.5113
    ]
   }
  },
  {
   "type": "Feature",
   "properties": {
    "cell": 2564,
    "market_cell": 2299,
    "cost_mi": 909.1
   },
   "geometry": {
    "type": "Point",
    "coordinates": [
     95.3732,
     -18.1045
    ]
   }
  },
  {
   "type": "Feature",
   "properties": {
    "cell": 2565,
    "market_cell": 2299,
    "cost_mi": 1087.9
   },
   "geometry": {
    "type": "Point",
    "coordinates": [
     100.0981,
     -16.238
    ]
   }
  },
  {
   "type": "Feature",
   "properties": {
    "cell": 2566,
    "market_cell": 2299,
    "cost_mi": 1099.1
   },
   "geometry": {
    "type": "Point",
    "coordinates": [
     101.6243,
     -17.1827
    ]
   }
  },
  {
   "type": "Feature",
   "properties": {
    "cell": 2567,
    "market_cell": 2299,
    "cost_mi": 1018.4
   },
   "geometry": {
    "type": "Point",
    "coordinates": [
     99.1345,
     -18.4372
    ]
   }
  },
  {
   "type": "Feature",
   "properties": {
    "cell": 2568,
    "market_cell": 2299,
    "cost_mi": 1151.3
   },
   "geometry": {
    "type": "Point",
    "coordinates": [
     103.1656,
     -18.1216
    ]
   }
  },
  {
   "type": "Feature",
   "properties": {
    "cell": 2574,
    "market_cell": 2141,
    "cost_mi": 1073.6
   },
   "geometry": {
    "type": "Point",
    "coordinates": [
     -108.6279,
     -22.2025
    ]
   }
  },
  {
   "type": "Feature",
   "properties": {
    "cell": 2575,
    "market_cell": 2141,
    "cost_mi": 892.7
   },
   "geometry": {
    "type": "Point",
    "coordinates": [
     -105.5623,
     -19.7791
    ]
   }
  },
  {
   "type": "Feature",
   "properties": {
    "cell": 2576,
    "market_cell": 2141,
    "cost_mi": 960.4
   },
   "geometry": {
    "type": "Point",
    "coordinates": [
     -102.9186,
     -22.0619
    ]
   }
  },
  {
   "type": "Feature",
   "properties": {
    "cell": 2577,
    "market_cell": 2141,
    "cost_mi": 929.8
   },
   "geometry": {
    "type": "Point",
    "coordinates": [
     -98.2222,
     -20.8435
    ]
   }
  },
  {
   "type": "Feature",
   "properties": {
    "cell": 2578,
    "market_cell": 2141,
    "cost_mi": 887.8
   },
   "geometry": {
    "type": "Point",
    "coordinates": [
     -95.1718,
     -19.7734
    ]
   }
  },
  {
   "type": "Feature",
   "properties": {
    "cell": 2579,
    "market_cell": 2141,
    "cost_mi": 1058.9
   },
   "geometry": {
    "type": "Point",
    "coordinates": [
     -90.9582,
     -21.8908
    ]
   }
  },
  {
   "type": "Feature",
   "properties": {
    "cell": 2580,
    "market_cell": 2141,
    "cost_mi": 1100.3
   },
   "geometry": {
    "type": "Point",
    "coordinates": [
     -87.8203,
     -20.7219
    ]
   }
  },
  {
   "type": "Feature",
   "properties": {
    "cell": 2581,
    "market_cell": 2141,
    "cost_mi": 1365.9
   },
   "geometry": {
    "type": "Point",
    "coordinates": [
     -84.4278,
     -22.4629
    ]
   }
  },
  {
   "type": "Feature",
   "properties": {
    "cell": 2582,
    "market_cell": 2141,
    "cost_mi": 1308.2
   },
   "geometry": {
    "type": "Point",
    "coordinates": [
     -81.9456,
     -20.8378
    ]
   }
  },
  {
   "type": "Feature",
   "properties": {
    "cell": 2583,
    "market_cell": 2141,
    "cost_mi": 1341.3
   },
   "geometry": {
    "type": "Point",
    "coordinates": [
     -80.1496,
     -20.509
    ]
   }
  },
  {
   "type": "Feature",
   "properties": {
    "cell": 2584,
    "market_cell": 2141,
    "cost_mi": 1544.5
   },
   "geometry": {
    "type": "Point",
    "coordinates": [
     -75.9721,
     -20.3512
    ]
   }
  },
  {
   "type": "Feature",
   "properties": {
    "cell": 2585,
    "market_cell": 2141,
    "cost_mi": 1765.1
   },
   "geometry": {
    "type": "Point",
    "coordinates": [
     -72.7981,
     -21.0469
    ]
   }
  },
  {
   "type": "Feature",
   "properties": {
    "cell": 2586,
    "market_cell": 1968,
    "cost_mi": 1524.4
   },
   "geometry": {
    "type": "Point",
    "coordinates": [
     -68.5484,
     -22.3394
    ]
   }
  },
  {
   "type": "Feature",
   "properties": {
    "cell": 2587,
    "market_cell": 1968,
    "cost_mi": 1341.3
   },
   "geometry": {
    "type": "Point",
    "coordinates": [
     -66.5281,
     -20.8492
    ]
   }
  },
  {
   "type": "Feature",
   "properties": {
    "cell": 2588,
    "market_cell": 1968,
    "cost_mi": 1126.1
   },
   "geometry": {
    "type": "Point",
    "coordinates": [
     -61.5352,
     -22.4211
    ]
   }
  },
  {
   "type": "Feature",
   "properties": {
    "cell": 2589,
    "market_cell": 1968,
    "cost_mi": 1062.6
   },
   "geometry": {
    "type": "Point",
    "coordinates": [
     -57.544,
     -22.5751
    ]
   }
  },
  {
   "type": "Feature",
   "properties": {
    "cell": 2590,
    "market_cell": 1968,
    "cost_mi": 1024.1
   },
   "geometry": {
    "type": "Point",
    "coordinates": [
     -56.2174,
     -22.4876
    ]
   }
  },
  {
   "type": "Feature",
   "properties": {
    "cell": 2591,
    "market_cell": 1968,
    "cost_mi": 946.1
   },
   "geometry": {
    "type": "Point",
    "coordinates": [
     -52.5607,
     -21.351
    ]
   }
  },
  {
   "type": "Feature",
   "properties": {
    "cell": 2592,
    "market_cell": 1968,
    "cost_mi": 928.2
   },
   "geometry": {
    "type": "Point",
    "coordinates": [
     -49.0883,
     -22.1265
    ]
   }
  },
  {
   "type": "Feature",
   "properties": {
    "cell": 2593,
    "market_cell": 1968,
    "cost_mi": 849.6
   },
   "geometry": {
    "type": "Point",
    "coordinates": [
     -44.0308,
     -20.9595
    ]
   }
  },
  {
   "type": "Feature",
   "properties": {
    "cell": 2594,
    "market_cell": 1968,
    "cost_mi": 936.6
   },
   "geometry": {
    "type": "Point",
    "coordinates": [
     -41.1743,
     -22.3869
    ]
   }
  },
  {
   "type": "Feature",
   "properties": {
    "cell": 2595,
    "market_cell": 3115,
    "cost_mi": 938.0
   },
   "geometry": {
    "type": "Point",
    "coordinates": [
     -36.7117,
     -21.9973
    ]
   }
  },
  {
   "type": "Feature",
   "properties": {
    "cell": 2596,
    "market_cell": 3115,
    "cost_mi": 987.8
   },
   "geometry": {
    "type": "Point",
    "coordinates": [
     -35.0468,
     -21.5544
    ]
   }
  },
  {
   "type": "Feature",
   "properties": {
    "cell": 2597,
    "market_cell": 3115,
    "cost_mi": 924.1
   },
   "geometry": {
    "type": "Point",
    "coordinates": [
     -34.8567,
     -23.7973
    ]
   }
  },
  {
   "type": "Feature",
   "properties": {
    "cell": 2598,
    "market_cell": 3115,
    "cost_mi": 958.5
   },
   "geometry": {
    "type": "Point",
    "coordinates": [
     -33.3686,
     -21.1153
    ]
   }
  },
  {
   "type": "Feature",
   "properties": {
    "cell": 2599,
    "market_cell": 3115,
    "cost_mi": 893.9
   },
   "geometry": {
    "type": "Point",
    "coordinates": [
     -33.1842,
     -23.3411
    ]
   }
  },
  {
   "type": "Feature",
   "properties": {
    "cell": 2600,
    "market_cell": 3115,
    "cost_mi": 907.8
   },
   "geometry": {
    "type": "Point",
    "coordinates": [
     -31.6751,
     -22.4743
    ]
   }
  },
  {
   "type": "Feature",
   "properties": {
    "cell": 2616,
    "market_cell": 2620,
    "cost_mi": 329.8
   },
   "geometry": {
    "type": "Point",
    "coordinates": [
     14.4711,
     -22.1816
    ]
   }
  },
  {
   "type": "Feature",
   "properties": {
    "cell": 2617,
    "market_cell": 2620,
    "cost_mi": 288.4
   },
   "geometry": {
    "type": "Point",
    "coordinates": [
     16.5161,
     -23.6832
    ]
   }
  },
  {
   "type": "Feature",
   "properties": {
    "cell": 2618,
    "market_cell": 2620,
    "cost_mi": 231.6
   },
   "geometry": {
    "type": "Point",
    "coordinates": [
     17.8636,
     -22.2558
    ]
   }
  },
  {
   "type": "Feature",
   "properties": {
    "cell": 2619,
    "market_cell": 2620,
    "cost_mi": 133.2
   },
   "geometry": {
    "type": "Point",
    "coordinates": [
     20.6346,
     -20.2847
    ]
   }
  },
  {
   "type": "Feature",
   "properties": {
    "cell": 2620,
    "market_cell": 2620,
    "cost_mi": 0.0
   },
   "geometry": {
    "type": "Point",
    "coordinates": [
     24.7988,
     -19.8399
    ]
   }
  },
  {
   "type": "Feature",
   "properties": {
    "cell": 2621,
    "market_cell": 2620,
    "cost_mi": 72.5
   },
   "geometry": {
    "type": "Point",
    "coordinates": [
     23.9854,
     -21.7635
    ]
   }
  },
  {
   "type": "Feature",
   "properties": {
    "cell": 2624,
    "market_cell": 2788,
    "cost_mi": 272.6
   },
   "geometry": {
    "type": "Point",
    "coordinates": [
     35.6037,
     -22.0144
    ]
   }
  },
  {
   "type": "Feature",
   "properties": {
    "cell": 2625,
    "market_cell": 2788,
    "cost_mi": 290.2
   },
   "geometry": {
    "type": "Point",
    "coordinates": [
     34.2865,
     -23.3601
    ]
   }
  },
  {
   "type": "Feature",
   "properties": {
    "cell": 2626,
    "market_cell": 2788,
    "cost_mi": 358.7
   },
   "geometry": {
    "type": "Point",
    "coordinates": [
     36.4779,
     -19.7202
    ]
   }
  },
  {
   "type": "Feature",
   "properties": {
    "cell": 2627,
    "market_cell": 2788,
    "cost_mi": 236.3
   },
   "geometry": {
    "type": "Point",
    "coordinates": [
     40.511,
     -20.4177
    ]
   }
  },
  {
   "type": "Feature",
   "properties": {
    "cell": 2628,
    "market_cell": 2788,
    "cost_mi": 264.6
   },
   "geometry": {
    "type": "Point",
    "coordinates": [
     42.6871,
     -20.2239
    ]
   }
  },
  {
   "type": "Feature",
   "properties": {
    "cell": 2629,
    "market_cell": 2788,
    "cost_mi": 333.0
   },
   "geometry": {
    "type": "Point",
    "coordinates": [
     44.8785,
     -20.0186
    ]
   }
  },
  {
   "type": "Feature",
   "properties": {
    "cell": 2630,
    "market_cell": 2788,
    "cost_mi": 323.0
   },
   "geometry": {
    "type": "Point",
    "coordinates": [
     47.7921,
     -21.2027
    ]
   }
  },
  {
   "type": "Feature",
   "properties": {
    "cell": 2631,
    "market_cell": 2788,
    "cost_mi": 453.7
   },
   "geometry": {
    "type": "Point",
    "coordinates": [
     52.536,
     -21.3225
    ]
   }
  },
  {
   "type": "Feature",
   "properties": {
    "cell": 2632,
    "market_cell": 2788,
    "cost_mi": 482.3
   },
   "geometry": {
    "type": "Point",
    "coordinates": [
     53.4596,
     -21.6798
    ]
   }
  },
  {
   "type": "Feature",
   "properties": {
    "cell": 2633,
    "market_cell": 2788,
    "cost_mi": 566.2
   },
   "geometry": {
    "type": "Point",
    "coordinates": [
     56.6735,
     -22.0676
    ]
   }
  },
  {
   "type": "Feature",
   "properties": {
    "cell": 2634,
    "market_cell": 2299,
    "cost_mi": 699.9
   },
   "geometry": {
    "type": "Point",
    "coordinates": [
     63.0329,
     -22.4781
    ]
   }
  },
  {
   "type": "Feature",
   "properties": {
    "cell": 2635,
    "market_cell": 2299,
    "cost_mi": 700.0
   },
   "geometry": {
    "type": "Point",
    "coordinates": [
     63.8159,
     -22.7233
    ]
   }
  },
  {
   "type": "Feature",
   "properties": {
    "cell": 2636,
    "market_cell": 2299,
    "cost_mi": 580.0
   },
   "geometry": {
    "type": "Point",
    "coordinates": [
     68.7308,
     -20.8853
    ]
   }
  },
  {
   "type": "Feature",
   "properties": {
    "cell": 2637,
    "market_cell": 2299,
    "cost_mi": 551.0
   },
   "geometry": {
    "type": "Point",
    "coordinates": [
     73.2751,
     -19.9369
    ]
   }
  },
  {
   "type": "Feature",
   "properties": {
    "cell": 2638,
    "market_cell": 2299,
    "cost_mi": 672.3
   },
   "geometry": {
    "type": "Point",
    "coordinates": [
     76.7247,
     -22.3204
    ]
   }
  },
  {
   "type": "Feature",
   "properties": {
    "cell": 2639,
    "market_cell": 2299,
    "cost_mi": 677.0
   },
   "geometry": {
    "type": "Point",
    "coordinates": [
     77.2493,
     -21.1248
    ]
   }
  },
  {
   "type": "Feature",
   "properties": {
    "cell": 2640,
    "market_cell": 2299,
    "cost_mi": 799.8
   },
   "geometry": {
    "type": "Point",
    "coordinates": [
     80.6551,
     -22.6549
    ]
   }
  },
  {
   "type": "Feature",
   "properties": {
    "cell": 2641,
    "market_cell": 2299,
    "cost_mi": 790.8
   },
   "geometry": {
    "type": "Point",
    "coordinates": [
     86.1706,
     -20.0623
    ]
   }
  },
  {
   "type": "Feature",
   "properties": {
    "cell": 2642,
    "market_cell": 2299,
    "cost_mi": 941.9
   },
   "geometry": {
    "type": "Point",
    "coordinates": [
     87.5885,
     -21.0716
    ]
   }
  },
  {
   "type": "Feature",
   "properties": {
    "cell": 2643,
    "market_cell": 2299,
    "cost_mi": 1129.3
   },
   "geometry": {
    "type": "Point",
    "coordinates": [
     91.0038,
     -22.5504
    ]
   }
  },
  {
   "type": "Feature",
   "properties": {
    "cell": 2644,
    "market_cell": 2299,
    "cost_mi": 986.1
   },
   "geometry": {
    "type": "Point",
    "coordinates": [
     96.4604,
     -20.5299
    ]
   }
  },
  {
   "type": "Feature",
   "properties": {
    "cell": 2645,
    "market_cell": 2299,
    "cost_mi": 1045.6
   },
   "geometry": {
    "type": "Point",
    "coordinates": [
     96.3026,
     -22.5808
    ]
   }
  },
  {
   "type": "Feature",
   "properties": {
    "cell": 2646,
    "market_cell": 2299,
    "cost_mi": 1035.9
   },
   "geometry": {
    "type": "Point",
    "coordinates": [
     98.1804,
     -20.6287
    ]
   }
  },
  {
   "type": "Feature",
   "properties": {
    "cell": 2651,
    "market_cell": 2141,
    "cost_mi": 1173.2
   },
   "geometry": {
    "type": "Point",
    "coordinates": [
     -109.2019,
     -24.2762
    ]
   }
  },
  {
   "type": "Feature",
   "properties": {
    "cell": 2652,
    "market_cell": 2141,
    "cost_mi": 1259.5
   },
   "geometry": {
    "type": "Point",
    "coordinates": [
     -109.3216,
     -26.1352
    ]
   }
  },
  {
   "type": "Feature",
   "properties": {
    "cell": 2653,
    "market_cell": 2141,
    "cost_mi": 1127.0
   },
   "geometry": {
    "type": "Point",
    "coordinates": [
     -106.4822,
     -24.7552
    ]
   }
  },
  {
   "type": "Feature",
   "properties": {
    "cell": 2654,
    "market_cell": 2141,
    "cost_mi": 1166.0
   },
   "geometry": {
    "type": "Point",
    "coordinates": [
     -101.1833,
     -26.1485
    ]
   }
  },
  {
   "type": "Feature",
   "properties": {
    "cell": 2655,
    "market_cell": 2141,
    "cost_mi": 1161.1
   },
   "geometry": {
    "type": "Point",
    "coordinates": [
     -99.7921,
     -25.5859
    ]
   }
  },
  {
   "type": "Feature",
   "properties": {
    "cell": 2656,
    "market_cell": 2141,
    "cost_mi": 1055.3
   },
   "geometry": {
    "type": "Point",
    "coordinates": [
     -95.3523,
     -23.3867
    ]
   }
  },
  {
   "type": "Feature",
   "properties": {
    "cell": 2657,
    "market_cell": 2141,
    "cost_mi": 1195.0
   },
   "geometry": {
    "type": "Point",
    "coordinates": [
     -93.752,
     -25.6334
    ]
   }
  },
  {
   "type": "Feature",
   "properties": {
    "cell": 2658,
    "market_cell": 2141,
    "cost_mi": 1233.0
   },
   "geometry": {
    "type": "Point",
    "coordinates": [
     -91.7602,
     -25.5649
    ]
   }
  },
  {
   "type": "Feature",
   "properties": {
    "cell": 2659,
    "market_cell": 2141,
    "cost_mi": 1354.2
   },
   "geometry": {
    "type": "Point",
    "coordinates": [
     -93.1857,
     -29.0243
    ]
   }
  },
  {
   "type": "Feature",
   "properties": {
    "cell": 2660,
    "market_cell": 2141,
    "cost_mi": 1235.4
   },
   "geometry": {
    "type": "Point",
    "coordinates": [
     -89.776,
     -25.5136
    ]
   }
  },
  {
   "type": "Feature",
   "properties": {
    "cell": 2661,
    "market_cell": 2141,
    "cost_mi": 1326.6
   },
   "geometry": {
    "type": "Point",
    "coordinates": [
     -89.1754,
     -27.3897
    ]
   }
  },
  {
   "type": "Feature",
   "properties": {
    "cell": 2662,
    "market_cell": 2141,
    "cost_mi": 1328.6
   },
   "geometry": {
    "type": "Point",
    "coordinates": [
     -84.8554,
     -23.763
    ]
   }
  },
  {
   "type": "Feature",
   "properties": {
    "cell": 2663,
    "market_cell": 2141,
    "cost_mi": 1414.9
   },
   "geometry": {
    "type": "Point",
    "coordinates": [
     -82.8332,
     -24.4302
    ]
   }
  },
  {
   "type": "Feature",
   "properties": {
    "cell": 2664,
    "market_cell": 2141,
    "cost_mi": 1473.2
   },
   "geometry": {
    "type": "Point",
    "coordinates": [
     -79.4444,
     -24.052
    ]
   }
  },
  {
   "type": "Feature",
   "properties": {
    "cell": 2665,
    "market_cell": 2141,
    "cost_mi": 1675.0
   },
   "geometry": {
    "type": "Point",
    "coordinates": [
     -74.6132,
     -23.2707
    ]
   }
  },
  {
   "type": "Feature",
   "properties": {
    "cell": 2666,
    "market_cell": 1968,
    "cost_mi": 1605.7
   },
   "geometry": {
    "type": "Point",
    "coordinates": [
     -71.4487,
     -25.5935
    ]
   }
  },
  {
   "type": "Feature",
   "properties": {
    "cell": 2667,
    "market_cell": 1968,
    "cost_mi": 1477.4
   },
   "geometry": {
    "type": "Point",
    "coordinates": [
     -69.1984,
     -25.8139
    ]
   }
  },
  {
   "type": "Feature",
   "properties": {
    "cell": 2668,
    "market_cell": 1968,
    "cost_mi": 1230.5
   },
   "geometry": {
    "type": "Point",
    "coordinates": [
     -64.4507,
     -23.7231
    ]
   }
  },
  {
   "type": "Feature",
   "properties": {
    "cell": 2669,
    "market_cell": 1968,
    "cost_mi": 1181.1
   },
   "geometry": {
    "type": "Point",
    "coordinates": [
     -62.7193,
     -23.7897
    ]
   }
  },
  {
   "type": "Feature",
   "properties": {
    "cell": 2670,
    "market_cell": 1968,
    "cost_mi": 1086.2
   },
   "geometry": {
    "type": "Point",
    "coordinates": [
     -57.7303,
     -24.0101
    ]
   }
  },
  {
   "type": "Feature",
   "properties": {
    "cell": 2671,
    "market_cell": 3115,
    "cost_mi": 1023.3
   },
   "geometry": {
    "type": "Point",
    "coordinates": [
     -54.1439,
     -24.4283
    ]
   }
  },
  {
   "type": "Feature",
   "properties": {
    "cell": 2672,
    "market_cell": 3115,
    "cost_mi": 928.3
   },
   "geometry": {
    "type": "Point",
    "coordinates": [
     -51.1542,
     -25.7854
    ]
   }
  },
  {
   "type": "Feature",
   "properties": {
    "cell": 2673,
    "market_cell": 3115,
    "cost_mi": 928.0
   },
   "geometry": {
    "type": "Point",
    "coordinates": [
     -49.189,
     -24.5043
    ]
   }
  },
  {
   "type": "Feature",
   "properties": {
    "cell": 2674,
    "market_cell": 3115,
    "cost_mi": 889.4
   },
   "geometry": {
    "type": "Point",
    "coordinates": [
     -43.8199,
     -25.181
    ]
   }
  },
  {
   "type": "Feature",
   "properties": {
    "cell": 2675,
    "market_cell": 3115,
    "cost_mi": 893.5
   },
   "geometry": {
    "type": "Point",
    "coordinates": [
     -42.5484,
     -24.588
    ]
   }
  },
  {
   "type": "Feature",
   "properties": {
    "cell": 2676,
    "market_cell": 3115,
    "cost_mi": 881.8
   },
   "geometry": {
    "type": "Point",
    "coordinates": [
     -37.6696,
     -23.6832
    ]
   }
  },
  {
   "type": "Feature",
   "properties": {
    "cell": 2677,
    "market_cell": 3115,
    "cost_mi": 932.6
   },
   "geometry": {
    "type": "Point",
    "coordinates": [
     -35.3509,
     -24.6336
    ]
   }
  },
  {
   "type": "Feature",
   "properties": {
    "cell": 2678,
    "market_cell": 3115,
    "cost_mi": 802.5
   },
   "geometry": {
    "type": "Point",
    "coordinates": [
     -38.0307,
     -26.4013
    ]
   }
  },
  {
   "type": "Feature",
   "properties": {
    "cell": 2679,
    "market_cell": 3115,
    "cost_mi": 824.0
   },
   "geometry": {
    "type": "Point",
    "coordinates": [
     -33.017,
     -25.5801
    ]
   }
  },
  {
   "type": "Feature",
   "properties": {
    "cell": 2680,
    "market_cell": 3115,
    "cost_mi": 841.8
   },
   "geometry": {
    "type": "Point",
    "coordinates": [
     -31.4927,
     -24.7476
    ]
   }
  },
  {
   "type": "Feature",
   "properties": {
    "cell": 2681,
    "market_cell": 3115,
    "cost_mi": 892.3
   },
   "geometry": {
    "type": "Point",
    "coordinates": [
     -29.9513,
     -23.9303
    ]
   }
  },
  {
   "type": "Feature",
   "properties": {
    "cell": 2682,
    "market_cell": 3115,
    "cost_mi": 915.2
   },
   "geometry": {
    "type": "Point",
    "coordinates": [
     -26.7583,
     -24.0938
    ]
   }
  },
  {
   "type": "Feature",
   "properties": {
    "cell": 2683,
    "market_cell": 3115,
    "cost_mi": 1088.3
   },
   "geometry": {
    "type": "Point",
    "coordinates": [
     -24.7646,
     -24.1394
    ]
   }
  },
  {
   "type": "Feature",
   "properties": {
    "cell": 2684,
    "market_cell": 3115,
    "cost_mi": 847.5
   },
   "geometry": {
    "type": "Point",
    "coordinates": [
     -28.5278,
     -25.622
    ]
   }
  },
  {
   "type": "Feature",
   "properties": {
    "cell": 2685,
    "market_cell": 3115,
    "cost_mi": 1273.8
   },
   "geometry": {
    "type": "Point",
    "coordinates": [
     -22.7671,
     -24.1736
    ]
   }
  },
  {
   "type": "Feature",
   "properties": {
    "cell": 2686,
    "market_cell": 3115,
    "cost_mi": 1358.8
   },
   "geometry": {
    "type": "Point",
    "coordinates": [
     -20.9635,
     -25.66
    ]
   }
  },
  {
   "type": "Feature",
   "properties": {
    "cell": 2698,
    "market_cell": 2620,
    "cost_mi": 262.2
   },
   "geometry": {
    "type": "Point",
    "coordinates": [
     18.5516,
     -25.1734
    ]
   }
  },
  {
   "type": "Feature",
   "properties": {
    "cell": 2699,
    "market_cell": 2620,
    "cost_mi": 187.7
   },
   "geometry": {
    "type": "Point",
    "coordinates": [
     20.3096,
     -23.2936
    ]
   }
  },
  {
   "type": "Feature",
   "properties": {
    "cell": 2700,
    "market_cell": 2620,
    "cost_mi": 144.8
   },
   "geometry": {
    "type": "Point",
    "coordinates": [
     23.1681,
     -23.6775
    ]
   }
  },
  {
   "type": "Feature",
   "properties": {
    "cell": 2701,
    "market_cell": 2620,
    "cost_mi": 168.7
   },
   "geometry": {
    "type": "Point",
    "coordinates": [
     26.019,
     -23.6452
    ]
   }
  },
  {
   "type": "Feature",
   "properties": {
    "cell": 2702,
    "market_cell": 2620,
    "cost_mi": 229.1
   },
   "geometry": {
    "type": "Point",
    "coordinates": [
     23.7953,
     -26.0971
    ]
   }
  },
  {
   "type": "Feature",
   "properties": {
    "cell": 2703,
    "market_cell": 2620,
    "cost_mi": 215.0
   },
   "geometry": {
    "type": "Point",
    "coordinates": [
     21.9137,
     -25.755
    ]
   }
  },
  {
   "type": "Feature",
   "properties": {
    "cell": 2704,
    "market_cell": 2620,
    "cost_mi": 306.1
   },
   "geometry": {
    "type": "Point",
    "coordinates": [
     28.8528,
     -23.611
    ]
   }
  },
  {
   "type": "Feature",
   "properties": {
    "cell": 2705,
    "market_cell": 2620,
    "cost_mi": 354.8
   },
   "geometry": {
    "type": "Point",
    "coordinates": [
     30.2953,
     -24.4777
    ]
   }
  },
  {
   "type": "Feature",
   "properties": {
    "cell": 2706,
    "market_cell": 2788,
    "cost_mi": 331.3
   },
   "geometry": {
    "type": "Point",
    "coordinates": [
     32.9599,
     -24.6982
    ]
   }
  },
  {
   "type": "Feature",
   "properties": {
    "cell": 2707,
    "market_cell": 2788,
    "cost_mi": 219.8
   },
   "geometry": {
    "type": "Point",
    "coordinates": [
     36.6015,
     -23.438
    ]
   }
  },
  {
   "type": "Feature",
   "properties": {
    "cell": 2708,
    "market_cell": 2788,
    "cost_mi": 135.9
   },
   "geometry": {
    "type": "Point",
    "coordinates": [
     40.2905,
     -23.7174
    ]
   }
  },
  {
   "type": "Feature",
   "properties": {
    "cell": 2709,
    "market_cell": 2788,
    "cost_mi": 71.7
   },
   "geometry": {
    "type": "Point",
    "coordinates": [
     41.1667,
     -25.755
    ]
   }
  },
  {
   "type": "Feature",
   "properties": {
    "cell": 2711,
    "market_cell": 2788,
    "cost_mi": 230.1
   },
   "geometry": {
    "type": "Point",
    "coordinates": [
     47.4766,
     -24.2439
    ]
   }
  },
  {
   "type": "Feature",
   "properties": {
    "cell": 2712,
    "market_cell": 2788,
    "cost_mi": 166.2
   },
   "geometry": {
    "type": "Point",
    "coordinates": [
     46.7354,
     -26.3252
    ]
   }
  },
  {
   "type": "Feature",
   "properties": {
    "cell": 2713,
    "market_cell": 2788,
    "cost_mi": 280.7
   },
   "geometry": {
    "type": "Point",
    "coordinates": [
     50.3541,
     -25.4718
    ]
   }
  },
  {
   "type": "Feature",
   "properties": {
    "cell": 2714,
    "market_cell": 2788,
    "cost_mi": 420.0
   },
   "geometry": {
    "type": "Point",
    "coordinates": [
     54.4004,
     -25.0384
    ]
   }
  },
  {
   "type": "Feature",
   "properties": {
    "cell": 2715,
    "market_cell": 2788,
    "cost_mi": 338.6
   },
   "geometry": {
    "type": "Point",
    "coordinates": [
     52.2851,
     -26.1732
    ]
   }
  },
  {
   "type": "Feature",
   "properties": {
    "cell": 2716,
    "market_cell": 2788,
    "cost_mi": 509.9
   },
   "geometry": {
    "type": "Point",
    "coordinates": [
     57.2741,
     -25.3464
    ]
   }
  },
  {
   "type": "Feature",
   "properties": {
    "cell": 2717,
    "market_cell": 2788,
    "cost_mi": 574.8
   },
   "geometry": {
    "type": "Point",
    "coordinates": [
     59.4123,
     -24.6716
    ]
   }
  },
  {
   "type": "Feature",
   "properties": {
    "cell": 2718,
    "market_cell": 2788,
    "cost_mi": 651.4
   },
   "geometry": {
    "type": "Point",
    "coordinates": [
     61.5656,
     -24.0082
    ]
   }
  },
  {
   "type": "Feature",
   "properties": {
    "cell": 2719,
    "market_cell": 2788,
    "cost_mi": 750.2
   },
   "geometry": {
    "type": "Point",
    "coordinates": [
     64.9525,
     -24.4378
    ]
   }
  },
  {
   "type": "Feature",
   "properties": {
    "cell": 2720,
    "market_cell": 2299,
    "cost_mi": 677.6
   },
   "geometry": {
    "type": "Point",
    "coordinates": [
     67.5696,
     -24.052
    ]
   }
  },
  {
   "type": "Feature",
   "properties": {
    "cell": 2721,
    "market_cell": 2299,
    "cost_mi": 672.2
   },
   "geometry": {
    "type": "Point",
    "coordinates": [
     69.4664,
     -23.9873
    ]
   }
  },
  {
   "type": "Feature",
   "properties": {
    "cell": 2722,
    "market_cell": 2299,
    "cost_mi": 678.5
   },
   "geometry": {
    "type": "Point",
    "coordinates": [
     71.3575,
     -23.9037
    ]
   }
  },
  {
   "type": "Feature",
   "properties": {
    "cell": 2723,
    "market_cell": 2299,
    "cost_mi": 679.7
   },
   "geometry": {
    "type": "Point",
    "coordinates": [
     74.4155,
     -24.2344
    ]
   }
  },
  {
   "type": "Feature",
   "properties": {
    "cell": 2724,
    "market_cell": 2299,
    "cost_mi": 749.3
   },
   "geometry": {
    "type": "Point",
    "coordinates": [
     76.8596,
     -24.9757
    ]
   }
  },
  {
   "type": "Feature",
   "properties": {
    "cell": 2725,
    "market_cell": 2299,
    "cost_mi": 835.5
   },
   "geometry": {
    "type": "Point",
    "coordinates": [
     79.3209,
     -25.6999
    ]
   }
  },
  {
   "type": "Feature",
   "properties": {
    "cell": 2726,
    "market_cell": 2299,
    "cost_mi": 887.8
   },
   "geometry": {
    "type": "Point",
    "coordinates": [
     81.402,
     -25.603
    ]
   }
  },
  {
   "type": "Feature",
   "properties": {
    "cell": 2727,
    "market_cell": 2299,
    "cost_mi": 917.1
   },
   "geometry": {
    "type": "Point",
    "coordinates": [
     83.4756,
     -25.5117
    ]
   }
  },
  {
   "type": "Feature",
   "properties": {
    "cell": 2728,
    "market_cell": 2299,
    "cost_mi": 942.5
   },
   "geometry": {
    "type": "Point",
    "coordinates": [
     84.9371,
     -26.4203
    ]
   }
  },
  {
   "type": "Feature",
   "properties": {
    "cell": 2729,
    "market_cell": 2299,
    "cost_mi": 854.7
   },
   "geometry": {
    "type": "Point",
    "coordinates": [
     84.1959,
     -23.4798
    ]
   }
  },
  {
   "type": "Feature",
   "properties": {
    "cell": 2730,
    "market_cell": 2299,
    "cost_mi": 1244.2
   },
   "geometry": {
    "type": "Point",
    "coordinates": [
     88.2727,
     -25.4452
    ]
   }
  },
  {
   "type": "Feature",
   "properties": {
    "cell": 2731,
    "market_cell": 2299,
    "cost_mi": 1206.6
   },
   "geometry": {
    "type": "Point",
    "coordinates": [
     91.5569,
     -25.1658
    ]
   }
  },
  {
   "type": "Feature",
   "properties": {
    "cell": 2732,
    "market_cell": 2299,
    "cost_mi": 1143.2
   },
   "geometry": {
    "type": "Point",
    "coordinates": [
     93.8509,
     -24.8997
    ]
   }
  },
  {
   "type": "Feature",
   "properties": {
    "cell": 2733,
    "market_cell": 2299,
    "cost_mi": 1105.1
   },
   "geometry": {
    "type": "Point",
    "coordinates": [
     96.1373,
     -24.6317
    ]
   }
  },
  {
   "type": "Feature",
   "properties": {
    "cell": 2740,
    "market_cell": 2141,
    "cost_mi": 1349.4
   },
   "geometry": {
    "type": "Point",
    "coordinates": [
     -109.4452,
     -27.9808
    ]
   }
  },
  {
   "type": "Feature",
   "properties": {
    "cell": 2741,
    "market_cell": 2141,
    "cost_mi": 1303.7
   },
   "geometry": {
    "type": "Point",
    "coordinates": [
     -106.6323,
     -27.9333
    ]
   }
  },
  {
   "type": "Feature",
   "properties": {
    "cell": 2742,
    "market_cell": 2141,
    "cost_mi": 1413.4
   },
   "geometry": {
    "type": "Point",
    "coordinates": [
     -107.0789,
     -30.2598
    ]
   }
  },
  {
   "type": "Feature",
   "properties": {
    "cell": 2743,
    "market_cell": 2141,
    "cost_mi": 1352.0
   },
   "geometry": {
    "type": "Point",
    "coordinates": [
     -103.4165,
     -29.1706
    ]
   }
  },
  {
   "type": "Feature",
   "properties": {
    "cell": 2744,
    "market_cell": 2141,
    "cost_mi": 1253.5
   },
   "geometry": {
    "type": "Point",
    "coordinates": [
     -98.8855,
     -27.0684
    ]
   }
  },
  {
   "type": "Feature",
   "properties": {
    "cell": 2745,
    "market_cell": 2141,
    "cost_mi": 1231.1
   },
   "geometry": {
    "type": "Point",
    "coordinates": [
     -96.4509,
     -27.0209
    ]
   }
  },
  {
   "type": "Feature",
   "properties": {
    "cell": 2747,
    "market_cell": 2141,
    "cost_mi": 1418.2
   },
   "geometry": {
    "type": "Point",
    "coordinates": [
     -88.5673,
     -29.26
    ]
   }
  },
  {
   "type": "Feature",
   "properties": {
    "cell": 2748,
    "market_cell": 2141,
    "cost_mi": 1483.0
   },
   "geometry": {
    "type": "Point",
    "coordinates": [
     -90.5819,
     -30.849
    ]
   }
  },
  {
   "type": "Feature",
   "properties": {
    "cell": 2749,
    "market_cell": 2141,
    "cost_mi": 1414.8
   },
   "geometry": {
    "type": "Point",
    "coordinates": [
     -86.1934,
     -27.5759
    ]
   }
  },
  {
   "type": "Feature",
   "properties": {
    "cell": 2750,
    "market_cell": 2141,
    "cost_mi": 1582.0
   },
   "geometry": {
    "type": "Point",
    "coordinates": [
     -83.6428,
     -27.9029
    ]
   }
  },
  {
   "type": "Feature",
   "properties": {
    "cell": 2751,
    "market_cell": 2141,
    "cost_mi": 1643.4
   },
   "geometry": {
    "type": "Point",
    "coordinates": [
     -77.7092,
     -26.8536
    ]
   }
  },
  {
   "type": "Feature",
   "properties": {
    "cell": 2752,
    "market_cell": 2141,
    "cost_mi": 1765.3
   },
   "geometry": {
    "type": "Point",
    "coordinates": [
     -76.2743,
     -29.4995
    ]
   }
  },
  {
   "type": "Feature",
   "properties": {
    "cell": 2753,
    "market_cell": 3115,
    "cost_mi": 1647.8
   },
   "geometry": {
    "type": "Point",
    "coordinates": [
     -72.9273,
     -26.6978
    ]
   }
  },
  {
   "type": "Feature",
   "properties": {
    "cell": 2754,
    "market_cell": 3115,
    "cost_mi": 1437.6
   },
   "geometry": {
    "type": "Point",
    "coordinates": [
     -68.8658,
     -28.1785
    ]
   }
  },
  {
   "type": "Feature",
   "properties": {
    "cell": 2755,
    "market_cell": 3115,
    "cost_mi": 1290.4
   },
   "geometry": {
    "type": "Point",
    "coordinates": [
     -65.9066,
     -29.5413
    ]
   }
  },
  {
   "type": "Feature",
   "properties": {
    "cell": 2756,
    "market_cell": 3115,
    "cost_mi": 1130.5
   },
   "geometry": {
    "type": "Point",
    "coordinates": [
     -60.1345,
     -26.7434
    ]
   }
  },
  {
   "type": "Feature",
   "properties": {
    "cell": 2757,
    "market_cell": 3115,
    "cost_mi": 1020.6
   },
   "geometry": {
    "type": "Point",
    "coordinates": [
     -57.5364,
     -29.5109
    ]
   }
  },
  {
   "type": "Feature",
   "properties": {
    "cell": 2758,
    "market_cell": 3115,
    "cost_mi": 950.0
   },
   "geometry": {
    "type": "Point",
    "coordinates": [
     -55.098,
     -29.3968
    ]
   }
  },
  {
   "type": "Feature",
   "properties": {
    "cell": 2759,
    "market_cell": 3115,
    "cost_mi": 873.1
   },
   "geometry": {
    "type": "Point",
    "coordinates": [
     -50.4016,
     -29.2866
    ]
   }
  },
  {
   "type": "Feature",
   "properties": {
    "cell": 2760,
    "market_cell": 3115,
    "cost_mi": 840.8
   },
   "geometry": {
    "type": "Point",
    "coordinates": [
     -48.6417,
     -27.4695
    ]
   }
  },
  {
   "type": "Feature",
   "properties": {
    "cell": 2761,
    "market_cell": 3115,
    "cost_mi": 819.9
   },
   "geometry": {
    "type": "Point",
    "coordinates": [
     -44.0042,
     -27.7717
    ]
   }
  },
  {
   "type": "Feature",
   "properties": {
    "cell": 2762,
    "market_cell": 3115,
    "cost_mi": 814.9
   },
   "geometry": {
    "type": "Point",
    "coordinates": [
     -42.3507,
     -27.2965
    ]
   }
  },
  {
   "type": "Feature",
   "properties": {
    "cell": 2763,
    "market_cell": 3115,
    "cost_mi": 691.5
   },
   "geometry": {
    "type": "Point",
    "coordinates": [
     -38.3918,
     -29.1174
    ]
   }
  },
  {
   "type": "Feature",
   "properties": {
    "cell": 2765,
    "market_cell": 3115,
    "cost_mi": 752.1
   },
   "geometry": {
    "type": "Point",
    "coordinates": [
     -30.3124,
     -27.1597
    ]
   }
  },
  {
   "type": "Feature",
   "properties": {
    "cell": 2766,
    "market_cell": 3115,
    "cost_mi": 657.4
   },
   "geometry": {
    "type": "Point",
    "coordinates": [
     -31.5877,
     -29.1193
    ]
   }
  },
  {
   "type": "Feature",
   "properties": {
    "cell": 2767,
    "market_cell": 3115,
    "cost_mi": 848.4
   },
   "geometry": {
    "type": "Point",
    "coordinates": [
     -26.2281,
     -26.7586
    ]
   }
  },
  {
   "type": "Feature",
   "properties": {
    "cell": 2768,
    "market_cell": 3115,
    "cost_mi": 1002.8
   },
   "geometry": {
    "type": "Point",
    "coordinates": [
     -24.6506,
     -27.211
    ]
   }
  },
  {
   "type": "Feature",
   "properties": {
    "cell": 2769,
    "market_cell": 3115,
    "cost_mi": 1310.2
   },
   "geometry": {
    "type": "Point",
    "coordinates": [
     -19.1446,
     -27.1483
    ]
   }
  },
  {
   "type": "Feature",
   "properties": {
    "cell": 2770,
    "market_cell": 3115,
    "cost_mi": 1207.3
   },
   "geometry": {
    "type": "Point",
    "coordinates": [
     -18.2266,
     -29.1383
    ]
   }
  },
  {
   "type": "Feature",
   "properties": {
    "cell": 2780,
    "market_cell": 2620,
    "cost_mi": 285.2
   },
   "geometry": {
    "type": "Point",
    "coordinates": [
     20.6689,
     -27.8382
    ]
   }
  },
  {
   "type": "Feature",
   "properties": {
    "cell": 2781,
    "market_cell": 2620,
    "cost_mi": 299.2
   },
   "geometry": {
    "type": "Point",
    "coordinates": [
     22.5409,
     -28.169
    ]
   }
  },
  {
   "type": "Feature",
   "properties": {
    "cell": 2782,
    "market_cell": 2620,
    "cost_mi": 304.6
   },
   "geometry": {
    "type": "Point",
    "coordinates": [
     24.4263,
     -28.4997
    ]
   }
  },
  {
   "type": "Feature",
   "properties": {
    "cell": 2783,
    "market_cell": 2620,
    "cost_mi": 374.4
   },
   "geometry": {
    "type": "Point",
    "coordinates": [
     26.2091,
     -30.1267
    ]
   }
  },
  {
   "type": "Feature",
   "properties": {
    "cell": 2784,
    "market_cell": 2620,
    "cost_mi": 312.4
   },
   "geometry": {
    "type": "Point",
    "coordinates": [
     26.5227,
     -27.3592
    ]
   }
  },
  {
   "type": "Feature",
   "properties": {
    "cell": 2785,
    "market_cell": 2620,
    "cost_mi": 414.0
   },
   "geometry": {
    "type": "Point",
    "coordinates": [
     29.2766,
     -28.148
    ]
   }
  },
  {
   "type": "Feature",
   "properties": {
    "cell": 2786,
    "market_cell": 2788,
    "cost_mi": 238.1
   },
   "geometry": {
    "type": "Point",
    "coordinates": [
     34.8586,
     -29.3968
    ]
   }
  },
  {
   "type": "Feature",
   "properties": {
    "cell": 2787,
    "market_cell": 2788,
    "cost_mi": 172.3
   },
   "geometry": {
    "type": "Point",
    "coordinates": [
     36.7193,
     -29.3208
    ]
   }
  },
  {
   "type": "Feature",
   "properties": {
    "cell": 2788,
    "market_cell": 2788,
    "cost_mi": 0.0
   },
   "geometry": {
    "type": "Point",
    "coordinates": [
     42.0371,
     -27.7774
    ]
   }
  },
  {
   "type": "Feature",
   "properties": {
    "cell": 2789,
    "market_cell": 2788,
    "cost_mi": 70.0
   },
   "geometry": {
    "type": "Point",
    "coordinates": [
     44.0175,
     -28.0929
    ]
   }
  },
  {
   "type": "Feature",
   "properties": {
    "cell": 2790,
    "market_cell": 2788,
    "cost_mi": 128.0
   },
   "geometry": {
    "type": "Point",
    "coordinates": [
     45.9942,
     -28.4218
    ]
   }
  },
  {
   "type": "Feature",
   "properties": {
    "cell": 2791,
    "market_cell": 2788,
    "cost_mi": 189.9
   },
   "geometry": {
    "type": "Point",
    "coordinates": [
     46.9064,
     -30.3548
    ]
   }
  },
  {
   "type": "Feature",
   "properties": {
    "cell": 2792,
    "market_cell": 2788,
    "cost_mi": 200.4
   },
   "geometry": {
    "type": "Point",
    "coordinates": [
     47.9575,
     -26.8746
    ]
   }
  },
  {
   "type": "Feature",
   "properties": {
    "cell": 2793,
    "market_cell": 2788,
    "cost_mi": 266.1
   },
   "geometry": {
    "type": "Point",
    "coordinates": [
     50.1868,
     -27.3079
    ]
   }
  },
  {
   "type": "Feature",
   "properties": {
    "cell": 2794,
    "market_cell": 2788,
    "cost_mi": 223.9
   },
   "geometry": {
    "type": "Point",
    "coordinates": [
     49.0161,
     -29.7846
    ]
   }
  },
  {
   "type": "Feature",
   "properties": {
    "cell": 2810,
    "market_cell": 2299,
    "cost_mi": 992.5
   },
   "geometry": {
    "type": "Point",
    "coordinates": [
     86.3987,
     -27.3459
    ]
   }
  },
  {
   "type": "Feature",
   "properties": {
    "cell": 2821,
    "market_cell": 2141,
    "cost_mi": 1523.6
   },
   "geometry": {
    "type": "Point",
    "coordinates": [
     -107.5294,
     -32.5958
    ]
   }
  },
  {
   "type": "Feature",
   "properties": {
    "cell": 2822,
    "market_cell": 2141,
    "cost_mi": 1615.4
   },
   "geometry": {
    "type": "Point",
    "coordinates": [
     -105.4635,
     -34.4794
    ]
   }
  },
  {
   "type": "Feature",
   "properties": {
    "cell": 2823,
    "market_cell": 2141,
    "cost_mi": 1619.2
   },
   "geometry": {
    "type": "Point",
    "coordinates": [
     -106.5658,
     -34.4224
    ]
   }
  },
  {
   "type": "Feature",
   "properties": {
    "cell": 2824,
    "market_cell": 2141,
    "cost_mi": 1370.5
   },
   "geometry": {
    "type": "Point",
    "coordinates": [
     -101.9588,
     -30.4974
    ]
   }
  },
  {
   "type": "Feature",
   "properties": {
    "cell": 2825,
    "market_cell": 2141,
    "cost_mi": 1386.2
   },
   "geometry": {
    "type": "Point",
    "coordinates": [
     -99.7712,
     -30.4175
    ]
   }
  },
  {
   "type": "Feature",
   "properties": {
    "cell": 2826,
    "market_cell": 2141,
    "cost_mi": 1479.0
   },
   "geometry": {
    "type": "Point",
    "coordinates": [
     -96.8405,
     -32.1016
    ]
   }
  },
  {
   "type": "Feature",
   "properties": {
    "cell": 2827,
    "market_cell": 2141,
    "cost_mi": 1521.8
   },
   "geometry": {
    "type": "Point",
    "coordinates": [
     -92.6155,
     -32.4247
    ]
   }
  },
  {
   "type": "Feature",
   "properties": {
    "cell": 2828,
    "market_cell": 2141,
    "cost_mi": 1531.7
   },
   "geometry": {
    "type": "Point",
    "coordinates": [
     -88.5007,
     -31.499
    ]
   }
  },
  {
   "type": "Feature",
   "properties": {
    "cell": 2829,
    "market_cell": 2141,
    "cost_mi": 1717.9
   },
   "geometry": {
    "type": "Point",
    "coordinates": [
     -84.576,
     -32.5711
    ]
   }
  },
  {
   "type": "Feature",
   "properties": {
    "cell": 2830,
    "market_cell": 2141,
    "cost_mi": 1780.9
   },
   "geometry": {
    "type": "Point",
    "coordinates": [
     -81.5712,
     -31.5314
    ]
   }
  },
  {
   "type": "Feature",
   "properties": {
    "cell": 2831,
    "market_cell": 2141,
    "cost_mi": 1850.6
   },
   "geometry": {
    "type": "Point",
    "coordinates": [
     -78.4561,
     -30.8775
    ]
   }
  },
  {
   "type": "Feature",
   "properties": {
    "cell": 2832,
    "market_cell": 3115,
    "cost_mi": 1767.5
   },
   "geometry": {
    "type": "Point",
    "coordinates": [
     -74.8165,
     -31.52
    ]
   }
  },
  {
   "type": "Feature",
   "properties": {
    "cell": 2833,
    "market_cell": 3115,
    "cost_mi": 1647.4
   },
   "geometry": {
    "type": "Point",
    "coordinates": [
     -73.1041,
     -30.275
    ]
   }
  },
  {
   "type": "Feature",
   "properties": {
    "cell": 2834,
    "market_cell": 3115,
    "cost_mi": 1435.0
   },
   "geometry": {
    "type": "Point",
    "coordinates": [
     -68.7746,
     -31.7005
    ]
   }
  },
  {
   "type": "Feature",
   "properties": {
    "cell": 2835,
    "market_cell": 3115,
    "cost_mi": 1264.9
   },
   "geometry": {
    "type": "Point",
    "coordinates": [
     -65.2186,
     -30.0906
    ]
   }
  },
  {
   "type": "Feature",
   "properties": {
    "cell": 2836,
    "market_cell": 3115,
    "cost_mi": 1124.4
   },
   "geometry": {
    "type": "Point",
    "coordinates": [
     -60.5583,
     -31.4439
    ]
   }
  },
  {
   "type": "Feature",
   "properties": {
    "cell": 2837,
    "market_cell": 3115,
    "cost_mi": 1143.7
   },
   "geometry": {
    "type": "Point",
    "coordinates": [
     -59.3154,
     -32.5521
    ]
   }
  },
  {
   "type": "Feature",
   "properties": {
    "cell": 2838,
    "market_cell": 3115,
    "cost_mi": 945.1
   },
   "geometry": {
    "type": "Point",
    "coordinates": [
     -54.4156,
     -32.6775
    ]
   }
  },
  {
   "type": "Feature",
   "properties": {
    "cell": 2839,
    "market_cell": 3115,
    "cost_mi": 798.4
   },
   "geometry": {
    "type": "Point",
    "coordinates": [
     -50.8045,
     -32.3981
    ]
   }
  },
  {
   "type": "Feature",
   "properties": {
    "cell": 2840,
    "market_cell": 3115,
    "cost_mi": 708.7
   },
   "geometry": {
    "type": "Point",
    "coordinates": [
     -48.6607,
     -32.9512
    ]
   }
  },
  {
   "type": "Feature",
   "properties": {
    "cell": 2841,
    "market_cell": 3115,
    "cost_mi": 668.0
   },
   "geometry": {
    "type": "Point",
    "coordinates": [
     -44.2494,
     -31.5124
    ]
   }
  },
  {
   "type": "Feature",
   "properties": {
    "cell": 2842,
    "market_cell": 3115,
    "cost_mi": 504.0
   },
   "geometry": {
    "type": "Point",
    "coordinates": [
     -40.452,
     -32.9208
    ]
   }
  },
  {
   "type": "Feature",
   "properties": {
    "cell": 2843,
    "market_cell": 3115,
    "cost_mi": 625.8
   },
   "geometry": {
    "type": "Point",
    "coordinates": [
     -39.0513,
     -30.6
    ]
   }
  },
  {
   "type": "Feature",
   "properties": {
    "cell": 2844,
    "market_cell": 3115,
    "cost_mi": 563.6
   },
   "geometry": {
    "type": "Point",
    "coordinates": [
     -35.9591,
     -30.849
    ]
   }
  },
  {
   "type": "Feature",
   "properties": {
    "cell": 2845,
    "market_cell": 3115,
    "cost_mi": 561.7
   },
   "geometry": {
    "type": "Point",
    "coordinates": [
     -32.8801,
     -31.0961
    ]
   }
  },
  {
   "type": "Feature",
   "properties": {
    "cell": 2846,
    "market_cell": 3115,
    "cost_mi": 624.6
   },
   "geometry": {
    "type": "Point",
    "coordinates": [
     -29.518,
     -31.1949
    ]
   }
  },
  {
   "type": "Feature",
   "properties": {
    "cell": 2847,
    "market_cell": 3115,
    "cost_mi": 697.8
   },
   "geometry": {
    "type": "Point",
    "coordinates": [
     -26.0741,
     -31.2938
    ]
   }
  },
  {
   "type": "Feature",
   "properties": {
    "cell": 2848,
    "market_cell": 3115,
    "cost_mi": 765.1
   },
   "geometry": {
    "type": "Point",
    "coordinates": [
     -22.961,
     -32.8315
    ]
   }
  },
  {
   "type": "Feature",
   "properties": {
    "cell": 2849,
    "market_cell": 3115,
    "cost_mi": 843.4
   },
   "geometry": {
    "type": "Point",
    "coordinates": [
     -21.1592,
     -32.1339
    ]
   }
  },
  {
   "type": "Feature",
   "properties": {
    "cell": 2850,
    "market_cell": 3115,
    "cost_mi": 1187.4
   },
   "geometry": {
    "type": "Point",
    "coordinates": [
     -17.3276,
     -31.1132
    ]
   }
  },
  {
   "type": "Feature",
   "properties": {
    "cell": 2851,
    "market_cell": 3115,
    "cost_mi": 988.1
   },
   "geometry": {
    "type": "Point",
    "coordinates": [
     -16.231,
     -33.1299
    ]
   }
  },
  {
   "type": "Feature",
   "properties": {
    "cell": 2865,
    "market_cell": 2620,
    "cost_mi": 445.0
   },
   "geometry": {
    "type": "Point",
    "coordinates": [
     28.0089,
     -31.7709
    ]
   }
  },
  {
   "type": "Feature",
   "properties": {
    "cell": 2866,
    "market_cell": 2788,
    "cost_mi": 391.4
   },
   "geometry": {
    "type": "Point",
    "coordinates": [
     30.3219,
     -32.1263
    ]
   }
  },
  {
   "type": "Feature",
   "properties": {
    "cell": 2867,
    "market_cell": 2788,
    "cost_mi": 276.5
   },
   "geometry": {
    "type": "Point",
    "coordinates": [
     33.8855,
     -32.6452
    ]
   }
  },
  {
   "type": "Feature",
   "properties": {
    "cell": 2868,
    "market_cell": 2788,
    "cost_mi": 162.8
   },
   "geometry": {
    "type": "Point",
    "coordinates": [
     37.4985,
     -31.1018
    ]
   }
  },
  {
   "type": "Feature",
   "properties": {
    "cell": 2869,
    "market_cell": 2788,
    "cost_mi": 386.7
   },
   "geometry": {
    "type": "Point",
    "coordinates": [
     41.6323,
     -32.075
    ]
   }
  },
  {
   "type": "Feature",
   "properties": {
    "cell": 2870,
    "market_cell": 2788,
    "cost_mi": 323.3
   },
   "geometry": {
    "type": "Point",
    "coordinates": [
     45.5988,
     -30.8509
    ]
   }
  },
  {
   "type": "Feature",
   "properties": {
    "cell": 2871,
    "market_cell": 2788,
    "cost_mi": 251.5
   },
   "geometry": {
    "type": "Point",
    "coordinates": [
     47.8339,
     -32.2707
    ]
   }
  },
  {
   "type": "Feature",
   "properties": {
    "cell": 2884,
    "market_cell": 2141,
    "cost_mi": 1698.0
   },
   "geometry": {
    "type": "Point",
    "coordinates": [
     -105.6136,
     -36.2566
    ]
   }
  },
  {
   "type": "Feature",
   "properties": {
    "cell": 2885,
    "market_cell": 2141,
    "cost_mi": 1649.2
   },
   "geometry": {
    "type": "Point",
    "coordinates": [
     -103.3842,
     -36.3459
    ]
   }
  },
  {
   "type": "Feature",
   "properties": {
    "cell": 2886,
    "market_cell": 2141,
    "cost_mi": 1625.0
   },
   "geometry": {
    "type": "Point",
    "coordinates": [
     -99.7313,
     -36.3117
    ]
   }
  },
  {
   "type": "Feature",
   "properties": {
    "cell": 2887,
    "market_cell": 2141,
    "cost_mi": 1623.2
   },
   "geometry": {
    "type": "Point",
    "coordinates": [
     -94.7289,
     -34.1867
    ]
   }
  },
  {
   "type": "Feature",
   "properties": {
    "cell": 2888,
    "market_cell": 2141,
    "cost_mi": 1587.8
   },
   "geometry": {
    "type": "Point",
    "coordinates": [
     -92.2734,
     -33.3675
    ]
   }
  },
  {
   "type": "Feature",
   "properties": {
    "cell": 2889,
    "market_cell": 2141,
    "cost_mi": 1728.8
   },
   "geometry": {
    "type": "Point",
    "coordinates": [
     -88.3943,
     -34.3178
    ]
   }
  },
  {
   "type": "Feature",
   "properties": {
    "cell": 2890,
    "market_cell": 2141,
    "cost_mi": 1909.4
   },
   "geometry": {
    "type": "Point",
    "coordinates": [
     -84.0382,
     -36.0304
    ]
   }
  },
  {
   "type": "Feature",
   "properties": {
    "cell": 2891,
    "market_cell": 2141,
    "cost_mi": 1903.8
   },
   "geometry": {
    "type": "Point",
    "coordinates": [
     -81.2329,
     -34.5459
    ]
   }
  },
  {
   "type": "Feature",
   "properties": {
    "cell": 2892,
    "market_cell": 3115,
    "cost_mi": 1918.9
   },
   "geometry": {
    "type": "Point",
    "coordinates": [
     -77.1865,
     -33.9567
    ]
   }
  },
  {
   "type": "Feature",
   "properties": {
    "cell": 2893,
    "market_cell": 3115,
    "cost_mi": 1755.6
   },
   "geometry": {
    "type": "Point",
    "coordinates": [
     -74.7063,
     -35.9753
    ]
   }
  },
  {
   "type": "Feature",
   "properties": {
    "cell": 2894,
    "market_cell": 3115,
    "cost_mi": 1602.6
   },
   "geometry": {
    "type": "Point",
    "coordinates": [
     -71.0154,
     -35.1789
    ]
   }
  },
  {
   "type": "Feature",
   "properties": {
    "cell": 2895,
    "market_cell": 3115,
    "cost_mi": 1579.9
   },
   "geometry": {
    "type": "Point",
    "coordinates": [
     -69.7648,
     -35.6636
    ]
   }
  },
  {
   "type": "Feature",
   "properties": {
    "cell": 2896,
    "market_cell": 3115,
    "cost_mi": 1401.8
   },
   "geometry": {
    "type": "Point",
    "coordinates": [
     -65.899,
     -33.5671
    ]
   }
  },
  {
   "type": "Feature",
   "properties": {
    "cell": 2897,
    "market_cell": 3115,
    "cost_mi": 1260.9
   },
   "geometry": {
    "type": "Point",
    "coordinates": [
     -62.611,
     -34.698
    ]
   }
  },
  {
   "type": "Feature",
   "properties": {
    "cell": 2898,
    "market_cell": 3115,
    "cost_mi": 1103.8
   },
   "geometry": {
    "type": "Point",
    "coordinates": [
     -59.0987,
     -36.3402
    ]
   }
  },
  {
   "type": "Feature",
   "properties": {
    "cell": 2899,
    "market_cell": 3115,
    "cost_mi": 889.7
   },
   "geometry": {
    "type": "Point",
    "coordinates": [
     -53.9823,
     -35.0211
    ]
   }
  },
  {
   "type": "Feature",
   "properties": {
    "cell": 2900,
    "market_cell": 3115,
    "cost_mi": 733.9
   },
   "geometry": {
    "type": "Point",
    "coordinates": [
     -50.1355,
     -35.0762
    ]
   }
  },
  {
   "type": "Feature",
   "properties": {
    "cell": 2901,
    "market_cell": 3115,
    "cost_mi": 678.4
   },
   "geometry": {
    "type": "Point",
    "coordinates": [
     -49.1928,
     -36.0703
    ]
   }
  },
  {
   "type": "Feature",
   "properties": {
    "cell": 2902,
    "market_cell": 3115,
    "cost_mi": 494.4
   },
   "geometry": {
    "type": "Point",
    "coordinates": [
     -44.6637,
     -36.4182
    ]
   }
  },
  {
   "type": "Feature",
   "properties": {
    "cell": 2903,
    "market_cell": 3115,
    "cost_mi": 427.3
   },
   "geometry": {
    "type": "Point",
    "coordinates": [
     -39.8781,
     -35.0553
    ]
   }
  },
  {
   "type": "Feature",
   "properties": {
    "cell": 2904,
    "market_cell": 3115,
    "cost_mi": 371.1
   },
   "geometry": {
    "type": "Point",
    "coordinates": [
     -38.6218,
     -35.6427
    ]
   }
  },
  {
   "type": "Feature",
   "properties": {
    "cell": 2905,
    "market_cell": 3115,
    "cost_mi": 356.6
   },
   "geometry": {
    "type": "Point",
    "coordinates": [
     -34.7294,
     -35.808
    ]
   }
  },
  {
   "type": "Feature",
   "properties": {
    "cell": 2906,
    "market_cell": 3115,
    "cost_mi": 475.2
   },
   "geometry": {
    "type": "Point",
    "coordinates": [
     -30.4702,
     -34.7588
    ]
   }
  },
  {
   "type": "Feature",
   "properties": {
    "cell": 2907,
    "market_cell": 3115,
    "cost_mi": 522.9
   },
   "geometry": {
    "type": "Point",
    "coordinates": [
     -28.1895,
     -35.0591
    ]
   }
  },
  {
   "type": "Feature",
   "properties": {
    "cell": 2908,
    "market_cell": 3115,
    "cost_mi": 627.5
   },
   "geometry": {
    "type": "Point",
    "coordinates": [
     -23.6642,
     -36.3554
    ]
   }
  },
  {
   "type": "Feature",
   "properties": {
    "cell": 2909,
    "market_cell": 3115,
    "cost_mi": 729.7
   },
   "geometry": {
    "type": "Point",
    "coordinates": [
     -21.3512,
     -35.348
    ]
   }
  },
  {
   "type": "Feature",
   "properties": {
    "cell": 2910,
    "market_cell": 3115,
    "cost_mi": 909.7
   },
   "geometry": {
    "type": "Point",
    "coordinates": [
     -17.2079,
     -34.8006
    ]
   }
  },
  {
   "type": "Feature",
   "properties": {
    "cell": 2911,
    "market_cell": 3115,
    "cost_mi": 994.8
   },
   "geometry": {
    "type": "Point",
    "coordinates": [
     -15.1344,
     -35.139
    ]
   }
  },
  {
   "type": "Feature",
   "properties": {
    "cell": 2912,
    "market_cell": 3115,
    "cost_mi": 1037.7
   },
   "geometry": {
    "type": "Point",
    "coordinates": [
     -13.3801,
     -35.6959
    ]
   }
  },
  {
   "type": "Feature",
   "properties": {
    "cell": 2913,
    "market_cell": 3115,
    "cost_mi": 934.1
   },
   "geometry": {
    "type": "Point",
    "coordinates": [
     -14.6725,
     -37.9007
    ]
   }
  },
  {
   "type": "Feature",
   "properties": {
    "cell": 2914,
    "market_cell": 3115,
    "cost_mi": 1133.0
   },
   "geometry": {
    "type": "Point",
    "coordinates": [
     -11.6335,
     -36.2642
    ]
   }
  },
  {
   "type": "Feature",
   "properties": {
    "cell": 2915,
    "market_cell": 3115,
    "cost_mi": 1391.0
   },
   "geometry": {
    "type": "Point",
    "coordinates": [
     -8.7237,
     -35.6579
    ]
   }
  },
  {
   "type": "Feature",
   "properties": {
    "cell": 2916,
    "market_cell": 3115,
    "cost_mi": 1648.6
   },
   "geometry": {
    "type": "Point",
    "coordinates": [
     -5.8177,
     -35.0572
    ]
   }
  },
  {
   "type": "Feature",
   "properties": {
    "cell": 2925,
    "market_cell": 2788,
    "cost_mi": 351.1
   },
   "geometry": {
    "type": "Point",
    "coordinates": [
     31.8671,
     -34.2513
    ]
   }
  },
  {
   "type": "Feature",
   "properties": {
    "cell": 2926,
    "market_cell": 2788,
    "cost_mi": 487.5
   },
   "geometry": {
    "type": "Point",
    "coordinates": [
     33.4902,
     -35.0439
    ]
   }
  },
  {
   "type": "Feature",
   "properties": {
    "cell": 2927,
    "market_cell": 2788,
    "cost_mi": 443.2
   },
   "geometry": {
    "type": "Point",
    "coordinates": [
     37.9813,
     -34.1563
    ]
   }
  },
  {
   "type": "Feature",
   "properties": {
    "cell": 2928,
    "market_cell": 2788,
    "cost_mi": 633.6
   },
   "geometry": {
    "type": "Point",
    "coordinates": [
     41.1306,
     -34.8748
    ]
   }
  },
  {
   "type": "Feature",
   "properties": {
    "cell": 2929,
    "market_cell": 2788,
    "cost_mi": 639.6
   },
   "geometry": {
    "type": "Point",
    "coordinates": [
     43.2763,
     -34.4794
    ]
   }
  },
  {
   "type": "Feature",
   "properties": {
    "cell": 2930,
    "market_cell": 2788,
    "cost_mi": 790.7
   },
   "geometry": {
    "type": "Point",
    "coordinates": [
     40.3874,
     -37.3115
    ]
   }
  },
  {
   "type": "Feature",
   "properties": {
    "cell": 2931,
    "market_cell": 2788,
    "cost_mi": 670.5
   },
   "geometry": {
    "type": "Point",
    "coordinates": [
     39.7602,
     -36.076
    ]
   }
  },
  {
   "type": "Feature",
   "properties": {
    "cell": 2932,
    "market_cell": 2788,
    "cost_mi": 524.7
   },
   "geometry": {
    "type": "Point",
    "coordinates": [
     45.4316,
     -34.0822
    ]
   }
  },
  {
   "type": "Feature",
   "properties": {
    "cell": 2947,
    "market_cell": 2141,
    "cost_mi": 1748.3
   },
   "geometry": {
    "type": "Point",
    "coordinates": [
     -101.4095,
     -38.853
    ]
   }
  },
  {
   "type": "Feature",
   "properties": {
    "cell": 2948,
    "market_cell": 2141,
    "cost_mi": 1746.4
   },
   "geometry": {
    "type": "Point",
    "coordinates": [
     -99.6287,
     -39.3073
    ]
   }
  },
  {
   "type": "Feature",
   "properties": {
    "cell": 2949,
    "market_cell": 2141,
    "cost_mi": 1796.7
   },
   "geometry": {
    "type": "Point",
    "coordinates": [
     -97.8554,
     -39.7806
    ]
   }
  },
  {
   "type": "Feature",
   "properties": {
    "cell": 2950,
    "market_cell": 2141,
    "cost_mi": 1678.1
   },
   "geometry": {
    "type": "Point",
    "coordinates": [
     -95.7667,
     -36.899
    ]
   }
  },
  {
   "type": "Feature",
   "properties": {
    "cell": 2951,
    "market_cell": 2141,
    "cost_mi": 1905.2
   },
   "geometry": {
    "type": "Point",
    "coordinates": [
     -92.4387,
     -39.4194
    ]
   }
  },
  {
   "type": "Feature",
   "properties": {
    "cell": 2952,
    "market_cell": 2141,
    "cost_mi": 1795.1
   },
   "geometry": {
    "type": "Point",
    "coordinates": [
     -90.1162,
     -38.0091
    ]
   }
  },
  {
   "type": "Feature",
   "properties": {
    "cell": 2953,
    "market_cell": 2141,
    "cost_mi": 1953.0
   },
   "geometry": {
    "type": "Point",
    "coordinates": [
     -86.3094,
     -39.4441
    ]
   }
  },
  {
   "type": "Feature",
   "properties": {
    "cell": 2954,
    "market_cell": 2141,
    "cost_mi": 1961.9
   },
   "geometry": {
    "type": "Point",
    "coordinates": [
     -83.2304,
     -37.0454
    ]
   }
  },
  {
   "type": "Feature",
   "properties": {
    "cell": 2955,
    "market_cell": 3115,
    "cost_mi": 1985.5
   },
   "geometry": {
    "type": "Point",
    "coordinates": [
     -78.2851,
     -38.988
    ]
   }
  },
  {
   "type": "Feature",
   "properties": {
    "cell": 2956,
    "market_cell": 3115,
    "cost_mi": 1786.0
   },
   "geometry": {
    "type": "Point",
    "coordinates": [
     -74.75,
     -38.4139
    ]
   }
  },
  {
   "type": "Feature",
   "properties": {
    "cell": 2957,
    "market_cell": 3115,
    "cost_mi": 1624.9
   },
   "geometry": {
    "type": "Point",
    "coordinates": [
     -71.08,
     -38.1193
    ]
   }
  },
  {
   "type": "Feature",
   "properties": {
    "cell": 2958,
    "market_cell": 3115,
    "cost_mi": 1553.3
   },
   "geometry": {
    "type": "Point",
    "coordinates": [
     -69.8541,
     -39.3909
    ]
   }
  },
  {
   "type": "Feature",
   "properties": {
    "cell": 2959,
    "market_cell": 3115,
    "cost_mi": 1408.8
   },
   "geometry": {
    "type": "Point",
    "coordinates": [
     -66.2886,
     -39.3244
    ]
   }
  },
  {
   "type": "Feature",
   "properties": {
    "cell": 2960,
    "market_cell": 3115,
    "cost_mi": 1184.9
   },
   "geometry": {
    "type": "Point",
    "coordinates": [
     -60.9841,
     -37.0093
    ]
   }
  },
  {
   "type": "Feature",
   "properties": {
    "cell": 2961,
    "market_cell": 3115,
    "cost_mi": 1000.4
   },
   "geometry": {
    "type": "Point",
    "coordinates": [
     -56.8199,
     -38.2239
    ]
   }
  },
  {
   "type": "Feature",
   "properties": {
    "cell": 2962,
    "market_cell": 3115,
    "cost_mi": 1124.5
   },
   "geometry": {
    "type": "Point",
    "coordinates": [
     -59.8304,
     -39.4974
    ]
   }
  },
  {
   "type": "Feature",
   "properties": {
    "cell": 2963,
    "market_cell": 3115,
    "cost_mi": 951.3
   },
   "geometry": {
    "type": "Point",
    "coordinates": [
     -55.8829,
     -38.9918
    ]
   }
  },
  {
   "type": "Feature",
   "properties": {
    "cell": 2964,
    "market_cell": 3115,
    "cost_mi": 828.1
   },
   "geometry": {
    "type": "Point",
    "coordinates": [
     -52.8058,
     -39.5582
    ]
   }
  },
  {
   "type": "Feature",
   "properties": {
    "cell": 2965,
    "market_cell": 3115,
    "cost_mi": 675.7
   },
   "geometry": {
    "type": "Point",
    "coordinates": [
     -49.1415,
     -38.6515
    ]
   }
  },
  {
   "type": "Feature",
   "properties": {
    "cell": 2966,
    "market_cell": 3115,
    "cost_mi": 526.1
   },
   "geometry": {
    "type": "Point",
    "coordinates": [
     -45.4506,
     -38.623
    ]
   }
  },
  {
   "type": "Feature",
   "properties": {
    "cell": 2967,
    "market_cell": 3115,
    "cost_mi": 382.4
   },
   "geometry": {
    "type": "Point",
    "coordinates": [
     -42.1018,
     -37.4522
    ]
   }
  },
  {
   "type": "Feature",
   "properties": {
    "cell": 2968,
    "market_cell": 3115,
    "cost_mi": 260.6
   },
   "geometry": {
    "type": "Point",
    "coordinates": [
     -36.3677,
     -38.7276
    ]
   }
  },
  {
   "type": "Feature",
   "properties": {
    "cell": 2969,
    "market_cell": 3115,
    "cost_mi": 195.9
   },
   "geometry": {
    "type": "Point",
    "coordinates": [
     -34.9442,
     -39.4746
    ]
   }
  },
  {
   "type": "Feature",
   "properties": {
    "cell": 2970,
    "market_cell": 3115,
    "cost_mi": 374.0
   },
   "geometry": {
    "type": "Point",
    "coordinates": [
     -31.2171,
     -37.1423
    ]
   }
  },
  {
   "type": "Feature",
   "properties": {
    "cell": 2971,
    "market_cell": 3115,
    "cost_mi": 454.3
   },
   "geometry": {
    "type": "Point",
    "coordinates": [
     -27.1346,
     -38.4653
    ]
   }
  },
  {
   "type": "Feature",
   "properties": {
    "cell": 2972,
    "market_cell": 3115,
    "cost_mi": 590.1
   },
   "geometry": {
    "type": "Point",
    "coordinates": [
     -24.0272,
     -37.2032
    ]
   }
  },
  {
   "type": "Feature",
   "properties": {
    "cell": 2973,
    "market_cell": 3115,
    "cost_mi": 714.8
   },
   "geometry": {
    "type": "Point",
    "coordinates": [
     -20.952,
     -37.3229
    ]
   }
  },
  {
   "type": "Feature",
   "properties": {
    "cell": 2974,
    "market_cell": 3115,
    "cost_mi": 776.5
   },
   "geometry": {
    "type": "Point",
    "coordinates": [
     -18.086,
     -39.0241
    ]
   }
  },
  {
   "type": "Feature",
   "properties": {
    "cell": 2975,
    "market_cell": 3115,
    "cost_mi": 1025.7
   },
   "geometry": {
    "type": "Point",
    "coordinates": [
     -12.5705,
     -37.0701
    ]
   }
  },
  {
   "type": "Feature",
   "properties": {
    "cell": 2976,
    "market_cell": 3115,
    "cost_mi": 1142.5
   },
   "geometry": {
    "type": "Point",
    "coordinates": [
     -9.8602,
     -39.3776
    ]
   }
  },
  {
   "type": "Feature",
   "properties": {
    "cell": 2977,
    "market_cell": 3115,
    "cost_mi": 1203.3
   },
   "geometry": {
    "type": "Point",
    "coordinates": [
     -8.3778,
     -39.619
    ]
   }
  },
  {
   "type": "Feature",
   "properties": {
    "cell": 2978,
    "market_cell": 3115,
    "cost_mi": 1594.6
   },
   "geometry": {
    "type": "Point",
    "coordinates": [
     -4.187,
     -37.9616
    ]
   }
  },
  {
   "type": "Feature",
   "properties": {
    "cell": 2979,
    "market_cell": 3115,
    "cost_mi": 1595.8
   },
   "geometry": {
    "type": "Point",
    "coordinates": [
     -2.2807,
     -38.49
    ]
   }
  },
  {
   "type": "Feature",
   "properties": {
    "cell": 2980,
    "market_cell": 3115,
    "cost_mi": 1600.8
   },
   "geometry": {
    "type": "Point",
    "coordinates": [
     -0.3877,
     -39.0355
    ]
   }
  },
  {
   "type": "Feature",
   "properties": {
    "cell": 2981,
    "market_cell": 3115,
    "cost_mi": 1701.3
   },
   "geometry": {
    "type": "Point",
    "coordinates": [
     1.6915,
     -40.3907
    ]
   }
  },
  {
   "type": "Feature",
   "properties": {
    "cell": 2987,
    "market_cell": 2788,
    "cost_mi": 588.6
   },
   "geometry": {
    "type": "Point",
    "coordinates": [
     32.9428,
     -36.766
    ]
   }
  },
  {
   "type": "Feature",
   "properties": {
    "cell": 2988,
    "market_cell": 2788,
    "cost_mi": 755.6
   },
   "geometry": {
    "type": "Point",
    "coordinates": [
     35.674,
     -37.0264
    ]
   }
  },
  {
   "type": "Feature",
   "properties": {
    "cell": 2989,
    "market_cell": 2788,
    "cost_mi": 717.6
   },
   "geometry": {
    "type": "Point",
    "coordinates": [
     38.388,
     -37.2906
    ]
   }
  },
  {
   "type": "Feature",
   "properties": {
    "cell": 2990,
    "market_cell": 2788,
    "cost_mi": 956.7
   },
   "geometry": {
    "type": "Point",
    "coordinates": [
     39.6386,
     -39.7445
    ]
   }
  },
  {
   "type": "Feature",
   "properties": {
    "cell": 3015,
    "market_cell": 2141,
    "cost_mi": 1904.3
   },
   "geometry": {
    "type": "Point",
    "coordinates": [
     -98.4655,
     -43.0289
    ]
   }
  },
  {
   "type": "Feature",
   "properties": {
    "cell": 3016,
    "market_cell": 2141,
    "cost_mi": 1892.4
   },
   "geometry": {
    "type": "Point",
    "coordinates": [
     -96.9678,
     -41.6452
    ]
   }
  },
  {
   "type": "Feature",
   "properties": {
    "cell": 3017,
    "market_cell": 2141,
    "cost_mi": 1827.6
   },
   "geometry": {
    "type": "Point",
    "coordinates": [
     -95.4683,
     -40.2786
    ]
   }
  },
  {
   "type": "Feature",
   "properties": {
    "cell": 3018,
    "market_cell": 2141,
    "cost_mi": 1975.6
   },
   "geometry": {
    "type": "Point",
    "coordinates": [
     -93.8946,
     -41.4285
    ]
   }
  },
  {
   "type": "Feature",
   "properties": {
    "cell": 3019,
    "market_cell": 2141,
    "cost_mi": 1962.0
   },
   "geometry": {
    "type": "Point",
    "coordinates": [
     -91.7792,
     -41.7782
    ]
   }
  },
  {
   "type": "Feature",
   "properties": {
    "cell": 3020,
    "market_cell": 2141,
    "cost_mi": 1972.1
   },
   "geometry": {
    "type": "Point",
    "coordinates": [
     -89.6468,
     -42.1432
    ]
   }
  },
  {
   "type": "Feature",
   "properties": {
    "cell": 3021,
    "market_cell": 2141,
    "cost_mi": 2066.3
   },
   "geometry": {
    "type": "Point",
    "coordinates": [
     -86.5279,
     -41.936
    ]
   }
  },
  {
   "type": "Feature",
   "properties": {
    "cell": 3022,
    "market_cell": 3115,
    "cost_mi": 2095.7
   },
   "geometry": {
    "type": "Point",
    "coordinates": [
     -81.0751,
     -40.2424
    ]
   }
  },
  {
   "type": "Feature",
   "properties": {
    "cell": 3023,
    "market_cell": 3115,
    "cost_mi": 2013.7
   },
   "geometry": {
    "type": "Point",
    "coordinates": [
     -80.199,
     -41.3601
    ]
   }
  },
  {
   "type": "Feature",
   "properties": {
    "cell": 3024,
    "market_cell": 3115,
    "cost_mi": 1726.6
   },
   "geometry": {
    "type": "Point",
    "coordinates": [
     -74.0373,
     -41.3297
    ]
   }
  },
  {
   "type": "Feature",
   "properties": {
    "cell": 3025,
    "market_cell": 3115,
    "cost_mi": 1615.0
   },
   "geometry": {
    "type": "Point",
    "coordinates": [
     -71.2928,
     -41.1073
    ]
   }
  },
  {
   "type": "Feature",
   "properties": {
    "cell": 3026,
    "market_cell": 3115,
    "cost_mi": 1504.8
   },
   "geometry": {
    "type": "Point",
    "coordinates": [
     -68.8981,
     -41.4931
    ]
   }
  },
  {
   "type": "Feature",
   "properties": {
    "cell": 3027,
    "market_cell": 3115,
    "cost_mi": 1314.4
   },
   "geometry": {
    "type": "Point",
    "coordinates": [
     -64.2132,
     -41.1168
    ]
   }
  },
  {
   "type": "Feature",
   "properties": {
    "cell": 3028,
    "market_cell": 3115,
    "cost_mi": 1257.2
   },
   "geometry": {
    "type": "Point",
    "coordinates": [
     -62.8409,
     -40.7842
    ]
   }
  },
  {
   "type": "Feature",
   "properties": {
    "cell": 3029,
    "market_cell": 3115,
    "cost_mi": 1266.5
   },
   "geometry": {
    "type": "Point",
    "coordinates": [
     -62.3772,
     -42.7476
    ]
   }
  },
  {
   "type": "Feature",
   "properties": {
    "cell": 3031,
    "market_cell": 3115,
    "cost_mi": 836.7
   },
   "geometry": {
    "type": "Point",
    "coordinates": [
     -55.0504,
     -41.6946
    ]
   }
  },
  {
   "type": "Feature",
   "properties": {
    "cell": 3032,
    "market_cell": 3115,
    "cost_mi": 724.7
   },
   "geometry": {
    "type": "Point",
    "coordinates": [
     -52.3098,
     -42.0634
    ]
   }
  },
  {
   "type": "Feature",
   "properties": {
    "cell": 3033,
    "market_cell": 3115,
    "cost_mi": 544.9
   },
   "geometry": {
    "type": "Point",
    "coordinates": [
     -47.9575,
     -42.9244
    ]
   }
  },
  {
   "type": "Feature",
   "properties": {
    "cell": 3034,
    "market_cell": 3115,
    "cost_mi": 356.7
   },
   "geometry": {
    "type": "Point",
    "coordinates": [
     -43.4968,
     -42.97
    ]
   }
  },
  {
   "type": "Feature",
   "properties": {
    "cell": 3035,
    "market_cell": 3115,
    "cost_mi": 257.7
   },
   "geometry": {
    "type": "Point",
    "coordinates": [
     -41.064,
     -43.2133
    ]
   }
  },
  {
   "type": "Feature",
   "properties": {
    "cell": 3036,
    "market_cell": 3115,
    "cost_mi": 161.5
   },
   "geometry": {
    "type": "Point",
    "coordinates": [
     -37.7532,
     -40.7423
    ]
   }
  },
  {
   "type": "Feature",
   "properties": {
    "cell": 3037,
    "market_cell": 3115,
    "cost_mi": 48.1
   },
   "geometry": {
    "type": "Point",
    "coordinates": [
     -35.0696,
     -43.1202
    ]
   }
  },
  {
   "type": "Feature",
   "properties": {
    "cell": 3038,
    "market_cell": 3115,
    "cost_mi": 140.6
   },
   "geometry": {
    "type": "Point",
    "coordinates": [
     -32.405,
     -42.9757
    ]
   }
  },
  {
   "type": "Feature",
   "properties": {
    "cell": 3039,
    "market_cell": 3115,
    "cost_mi": 248.9
   },
   "geometry": {
    "type": "Point",
    "coordinates": [
     -29.7346,
     -42.8161
    ]
   }
  },
  {
   "type": "Feature",
   "properties": {
    "cell": 3040,
    "market_cell": 3115,
    "cost_mi": 283.6
   },
   "geometry": {
    "type": "Point",
    "coordinates": [
     -28.9003,
     -43.0099
    ]
   }
  },
  {
   "type": "Feature",
   "properties": {
    "cell": 3041,
    "market_cell": 3115,
    "cost_mi": 512.0
   },
   "geometry": {
    "type": "Point",
    "coordinates": [
     -23.2651,
     -42.9434
    ]
   }
  },
  {
   "type": "Feature",
   "properties": {
    "cell": 3042,
    "market_cell": 3115,
    "cost_mi": 592.7
   },
   "geometry": {
    "type": "Point",
    "coordinates": [
     -21.8852,
     -41.5045
    ]
   }
  },
  {
   "type": "Feature",
   "properties": {
    "cell": 3043,
    "market_cell": 3115,
    "cost_mi": 774.1
   },
   "geometry": {
    "type": "Point",
    "coordinates": [
     -17.9092,
     -42.7932
    ]
   }
  },
  {
   "type": "Feature",
   "properties": {
    "cell": 3044,
    "market_cell": 3115,
    "cost_mi": 860.6
   },
   "geometry": {
    "type": "Point",
    "coordinates": [
     -16.0599,
     -41.7212
    ]
   }
  },
  {
   "type": "Feature",
   "properties": {
    "cell": 3045,
    "market_cell": 3115,
    "cost_mi": 787.1
   },
   "geometry": {
    "type": "Point",
    "coordinates": [
     -17.9605,
     -44.6484
    ]
   }
  },
  {
   "type": "Feature",
   "properties": {
    "cell": 3046,
    "market_cell": 3115,
    "cost_mi": 946.5
   },
   "geometry": {
    "type": "Point",
    "coordinates": [
     -14.2202,
     -40.6511
    ]
   }
  },
  {
   "type": "Feature",
   "properties": {
    "cell": 3047,
    "market_cell": 3115,
    "cost_mi": 1042.7
   },
   "geometry": {
    "type": "Point",
    "coordinates": [
     -11.7456,
     -42.9757
    ]
   }
  },
  {
   "type": "Feature",
   "properties": {
    "cell": 3048,
    "market_cell": 3115,
    "cost_mi": 1126.1
   },
   "geometry": {
    "type": "Point",
    "coordinates": [
     -9.788,
     -40.5504
    ]
   }
  },
  {
   "type": "Feature",
   "properties": {
    "cell": 3049,
    "market_cell": 3115,
    "cost_mi": 1324.5
   },
   "geometry": {
    "type": "Point",
    "coordinates": [
     -5.6942,
     -42.6526
    ]
   }
  },
  {
   "type": "Feature",
   "properties": {
    "cell": 3050,
    "market_cell": 3115,
    "cost_mi": 1460.7
   },
   "geometry": {
    "type": "Point",
    "coordinates": [
     -2.4365,
     -41.8201
    ]
   }
  },
  {
   "type": "Feature",
   "properties": {
    "cell": 3051,
    "market_cell": 3115,
    "cost_mi": 1585.1
   },
   "geometry": {
    "type": "Point",
    "coordinates": [
     0.4352,
     -42.9016
    ]
   }
  },
  {
   "type": "Feature",
   "properties": {
    "cell": 3052,
    "market_cell": 3115,
    "cost_mi": 1728.8
   },
   "geometry": {
    "type": "Point",
    "coordinates": [
     3.7841,
     -41.7269
    ]
   }
  },
  {
   "type": "Feature",
   "properties": {
    "cell": 3090,
    "market_cell": 2141,
    "cost_mi": 2097.9
   },
   "geometry": {
    "type": "Point",
    "coordinates": [
     -87.9553,
     -44.7472
    ]
   }
  },
  {
   "type": "Feature",
   "properties": {
    "cell": 3091,
    "market_cell": 3115,
    "cost_mi": 2162.3
   },
   "geometry": {
    "type": "Point",
    "coordinates": [
     -84.8858,
     -45.9181
    ]
   }
  },
  {
   "type": "Feature",
   "properties": {
    "cell": 3092,
    "market_cell": 3115,
    "cost_mi": 2077.7
   },
   "geometry": {
    "type": "Point",
    "coordinates": [
     -83.0936,
     -45.9219
    ]
   }
  },
  {
   "type": "Feature",
   "properties": {
    "cell": 3093,
    "market_cell": 3115,
    "cost_mi": 1988.9
   },
   "geometry": {
    "type": "Point",
    "coordinates": [
     -81.3051,
     -45.9162
    ]
   }
  },
  {
   "type": "Feature",
   "properties": {
    "cell": 3094,
    "market_cell": 3115,
    "cost_mi": 1910.4
   },
   "geometry": {
    "type": "Point",
    "coordinates": [
     -79.3874,
     -45.6367
    ]
   }
  },
  {
   "type": "Feature",
   "properties": {
    "cell": 3095,
    "market_cell": 3115,
    "cost_mi": 1820.1
   },
   "geometry": {
    "type": "Point",
    "coordinates": [
     -77.4773,
     -45.3402
    ]
   }
  },
  {
   "type": "Feature",
   "properties": {
    "cell": 3096,
    "market_cell": 3115,
    "cost_mi": 1737.4
   },
   "geometry": {
    "type": "Point",
    "coordinates": [
     -75.5539,
     -46.0283
    ]
   }
  },
  {
   "type": "Feature",
   "properties": {
    "cell": 3097,
    "market_cell": 3115,
    "cost_mi": 1638.9
   },
   "geometry": {
    "type": "Point",
    "coordinates": [
     -73.4196,
     -45.9789
    ]
   }
  },
  {
   "type": "Feature",
   "properties": {
    "cell": 3098,
    "market_cell": 3115,
    "cost_mi": 1552.4
   },
   "geometry": {
    "type": "Point",
    "coordinates": [
     -71.2852,
     -45.9447
    ]
   }
  },
  {
   "type": "Feature",
   "properties": {
    "cell": 3099,
    "market_cell": 3115,
    "cost_mi": 1453.1
   },
   "geometry": {
    "type": "Point",
    "coordinates": [
     -69.4094,
     -44.886
    ]
   }
  },
  {
   "type": "Feature",
   "properties": {
    "cell": 3100,
    "market_cell": 3115,
    "cost_mi": 1376.7
   },
   "geometry": {
    "type": "Point",
    "coordinates": [
     -67.5278,
     -45.0285
    ]
   }
  },
  {
   "type": "Feature",
   "properties": {
    "cell": 3101,
    "market_cell": 3115,
    "cost_mi": 1299.9
   },
   "geometry": {
    "type": "Point",
    "coordinates": [
     -65.6386,
     -45.1654
    ]
   }
  },
  {
   "type": "Feature",
   "properties": {
    "cell": 3102,
    "market_cell": 3115,
    "cost_mi": 1256.7
   },
   "geometry": {
    "type": "Point",
    "coordinates": [
     -63.7646,
     -44.9335
    ]
   }
  },
  {
   "type": "Feature",
   "properties": {
    "cell": 3103,
    "market_cell": 3115,
    "cost_mi": 1183.5
   },
   "geometry": {
    "type": "Point",
    "coordinates": [
     -63.1754,
     -46.6441
    ]
   }
  },
  {
   "type": "Feature",
   "properties": {
    "cell": 3104,
    "market_cell": 3115,
    "cost_mi": 1181.0
   },
   "geometry": {
    "type": "Point",
    "coordinates": [
     -61.9096,
     -44.7035
    ]
   }
  },
  {
   "type": "Feature",
   "properties": {
    "cell": 3105,
    "market_cell": 3115,
    "cost_mi": 1095.5
   },
   "geometry": {
    "type": "Point",
    "coordinates": [
     -61.3129,
     -46.4161
    ]
   }
  },
  {
   "type": "Feature",
   "properties": {
    "cell": 3107,
    "market_cell": 3115,
    "cost_mi": 872.5
   },
   "geometry": {
    "type": "Point",
    "coordinates": [
     -55.6149,
     -43.6106
    ]
   }
  },
  {
   "type": "Feature",
   "properties": {
    "cell": 3108,
    "market_cell": 3115,
    "cost_mi": 868.0
   },
   "geometry": {
    "type": "Point",
    "coordinates": [
     -55.7061,
     -46.1119
    ]
   }
  },
  {
   "type": "Feature",
   "properties": {
    "cell": 3109,
    "market_cell": 3115,
    "cost_mi": 635.0
   },
   "geometry": {
    "type": "Point",
    "coordinates": [
     -49.9892,
     -45.4885
    ]
   }
  },
  {
   "type": "Feature",
   "properties": {
    "cell": 3110,
    "market_cell": 3115,
    "cost_mi": 473.7
   },
   "geometry": {
    "type": "Point",
    "coordinates": [
     -46.4066,
     -43.7512
    ]
   }
  },
  {
   "type": "Feature",
   "properties": {
    "cell": 3111,
    "market_cell": 3115,
    "cost_mi": 328.6
   },
   "geometry": {
    "type": "Point",
    "coordinates": [
     -43.5538,
     -45.9181
    ]
   }
  },
  {
   "type": "Feature",
   "properties": {
    "cell": 3112,
    "market_cell": 3115,
    "cost_mi": 184.2
   },
   "geometry": {
    "type": "Point",
    "coordinates": [
     -40.1708,
     -44.7928
    ]
   }
  },
  {
   "type": "Feature",
   "properties": {
    "cell": 3113,
    "market_cell": 3115,
    "cost_mi": 98.5
   },
   "geometry": {
    "type": "Point",
    "coordinates": [
     -37.2249,
     -46.0131
    ]
   }
  },
  {
   "type": "Feature",
   "properties": {
    "cell": 3114,
    "market_cell": 3115,
    "cost_mi": 156.8
   },
   "geometry": {
    "type": "Point",
    "coordinates": [
     -35.693,
     -48.0127
    ]
   }
  },
  {
   "type": "Feature",
   "properties": {
    "cell": 3115,
    "market_cell": 3115,
    "cost_mi": 0.0
   },
   "geometry": {
    "type": "Point",
    "coordinates": [
     -35.6721,
     -44.1428
    ]
   }
  },
  {
   "type": "Feature",
   "properties": {
    "cell": 3117,
    "market_cell": 3115,
    "cost_mi": 375.4
   },
   "geometry": {
    "type": "Point",
    "coordinates": [
     -27.2658,
     -44.578
    ]
   }
  },
  {
   "type": "Feature",
   "properties": {
    "cell": 3118,
    "market_cell": 3115,
    "cost_mi": 476.1
   },
   "geometry": {
    "type": "Point",
    "coordinates": [
     -25.3576,
     -44.8936
    ]
   }
  },
  {
   "type": "Feature",
   "properties": {
    "cell": 3119,
    "market_cell": 3115,
    "cost_mi": 507.2
   },
   "geometry": {
    "type": "Point",
    "coordinates": [
     -25.3348,
     -47.1954
    ]
   }
  },
  {
   "type": "Feature",
   "properties": {
    "cell": 3120,
    "market_cell": 3115,
    "cost_mi": 646.3
   },
   "geometry": {
    "type": "Point",
    "coordinates": [
     -21.0471,
     -45.4087
    ]
   }
  },
  {
   "type": "Feature",
   "properties": {
    "cell": 3121,
    "market_cell": 3115,
    "cost_mi": 788.7
   },
   "geometry": {
    "type": "Point",
    "coordinates": [
     -18.0251,
     -46.5149
    ]
   }
  },
  {
   "type": "Feature",
   "properties": {
    "cell": 3123,
    "market_cell": 3115,
    "cost_mi": 1180.4
   },
   "geometry": {
    "type": "Point",
    "coordinates": [
     -9.2787,
     -45.3155
    ]
   }
  },
  {
   "type": "Feature",
   "properties": {
    "cell": 3124,
    "market_cell": 3115,
    "cost_mi": 1248.5
   },
   "geometry": {
    "type": "Point",
    "coordinates": [
     -9.75,
     -47.4234
    ]
   }
  },
  {
   "type": "Feature",
   "properties": {
    "cell": 3125,
    "market_cell": 3115,
    "cost_mi": 1234.9
   },
   "geometry": {
    "type": "Point",
    "coordinates": [
     -7.9444,
     -45.1521
    ]
   }
  },
  {
   "type": "Feature",
   "properties": {
    "cell": 3126,
    "market_cell": 3115,
    "cost_mi": 1437.5
   },
   "geometry": {
    "type": "Point",
    "coordinates": [
     -3.9361,
     -46.3172
    ]
   }
  },
  {
   "type": "Feature",
   "properties": {
    "cell": 3127,
    "market_cell": 3115,
    "cost_mi": 1630.0
   },
   "geometry": {
    "type": "Point",
    "coordinates": [
     0.5493,
     -44.3024
    ]
   }
  },
  {
   "type": "Feature",
   "properties": {
    "cell": 3128,
    "market_cell": 3115,
    "cost_mi": 1693.2
   },
   "geometry": {
    "type": "Point",
    "coordinates": [
     2.3339,
     -44.7795
    ]
   }
  },
  {
   "type": "Feature",
   "properties": {
    "cell": 3129,
    "market_cell": 3115,
    "cost_mi": 1761.0
   },
   "geometry": {
    "type": "Point",
    "coordinates": [
     2.4327,
     -46.9293
    ]
   }
  },
  {
   "type": "Feature",
   "properties": {
    "cell": 3170,
    "market_cell": 3115,
    "cost_mi": 1081.5
   },
   "geometry": {
    "type": "Point",
    "coordinates": [
     -60.7066,
     -48.121
    ]
   }
  },
  {
   "type": "Feature",
   "properties": {
    "cell": 3171,
    "market_cell": 3115,
    "cost_mi": 947.9
   },
   "geometry": {
    "type": "Point",
    "coordinates": [
     -57.5288,
     -49.0106
    ]
   }
  },
  {
   "type": "Feature",
   "properties": {
    "cell": 3172,
    "market_cell": 3115,
    "cost_mi": 923.7
   },
   "geometry": {
    "type": "Point",
    "coordinates": [
     -57.1696,
     -50.7307
    ]
   }
  },
  {
   "type": "Feature",
   "properties": {
    "cell": 3173,
    "market_cell": 3115,
    "cost_mi": 876.1
   },
   "geometry": {
    "type": "Point",
    "coordinates": [
     -55.8031,
     -48.6076
    ]
   }
  },
  {
   "type": "Feature",
   "properties": {
    "cell": 3174,
    "market_cell": 3115,
    "cost_mi": 684.8
   },
   "geometry": {
    "type": "Point",
    "coordinates": [
     -51.3101,
     -50.0579
    ]
   }
  },
  {
   "type": "Feature",
   "properties": {
    "cell": 3175,
    "market_cell": 3115,
    "cost_mi": 542.0
   },
   "geometry": {
    "type": "Point",
    "coordinates": [
     -48.2083,
     -48.3833
    ]
   }
  },
  {
   "type": "Feature",
   "properties": {
    "cell": 3176,
    "market_cell": 3115,
    "cost_mi": 484.5
   },
   "geometry": {
    "type": "Point",
    "coordinates": [
     -45.5836,
     -49.1873
    ]
   }
  },
  {
   "type": "Feature",
   "properties": {
    "cell": 3177,
    "market_cell": 3115,
    "cost_mi": 328.7
   },
   "geometry": {
    "type": "Point",
    "coordinates": [
     -41.8053,
     -48.849
    ]
   }
  },
  {
   "type": "Feature",
   "properties": {
    "cell": 3178,
    "market_cell": 3115,
    "cost_mi": 264.0
   },
   "geometry": {
    "type": "Point",
    "coordinates": [
     -37.7038,
     -50.0712
    ]
   }
  },
  {
   "type": "Feature",
   "properties": {
    "cell": 3179,
    "market_cell": 3115,
    "cost_mi": 258.6
   },
   "geometry": {
    "type": "Point",
    "coordinates": [
     -34.1459,
     -49.9932
    ]
   }
  },
  {
   "type": "Feature",
   "properties": {
    "cell": 3183,
    "market_cell": 3115,
    "cost_mi": 600.4
   },
   "geometry": {
    "type": "Point",
    "coordinates": [
     -25.3025,
     -49.4971
    ]
   }
  },
  {
   "type": "Feature",
   "properties": {
    "cell": 3184,
    "market_cell": 3115,
    "cost_mi": 604.7
   },
   "geometry": {
    "type": "Point",
    "coordinates": [
     -26.9503,
     -50.7687
    ]
   }
  },
  {
   "type": "Feature",
   "properties": {
    "cell": 3185,
    "market_cell": 3115,
    "cost_mi": 728.7
   },
   "geometry": {
    "type": "Point",
    "coordinates": [
     -20.1994,
     -49.0714
    ]
   }
  },
  {
   "type": "Feature",
   "properties": {
    "cell": 3186,
    "market_cell": 3115,
    "cost_mi": 816.1
   },
   "geometry": {
    "type": "Point",
    "coordinates": [
     -18.0632,
     -48.773
    ]
   }
  },
  {
   "type": "Feature",
   "properties": {
    "cell": 3187,
    "market_cell": 3115,
    "cost_mi": 905.6
   },
   "geometry": {
    "type": "Point",
    "coordinates": [
     -16.136,
     -49.8564
    ]
   }
  },
  {
   "type": "Feature",
   "properties": {
    "cell": 3189,
    "market_cell": 3115,
    "cost_mi": 1182.5
   },
   "geometry": {
    "type": "Point",
    "coordinates": [
     -10.2251,
     -49.5409
    ]
   }
  },
  {
   "type": "Feature",
   "properties": {
    "cell": 3190,
    "market_cell": 3115,
    "cost_mi": 1096.9
   },
   "geometry": {
    "type": "Point",
    "coordinates": [
     -12.2208,
     -50.2365
    ]
   }
  },
  {
   "type": "Feature",
   "properties": {
    "cell": 3191,
    "market_cell": 3115,
    "cost_mi": 1335.0
   },
   "geometry": {
    "type": "Point",
    "coordinates": [
     -6.3594,
     -47.0471
    ]
   }
  },
  {
   "type": "Feature",
   "properties": {
    "cell": 3192,
    "market_cell": 3115,
    "cost_mi": 1437.7
   },
   "geometry": {
    "type": "Point",
    "coordinates": [
     -4.913,
     -49.1626
    ]
   }
  },
  {
   "type": "Feature",
   "properties": {
    "cell": 3193,
    "market_cell": 3115,
    "cost_mi": 1649.3
   },
   "geometry": {
    "type": "Point",
    "coordinates": [
     0.9788,
     -49.9058
    ]
   }
  },
  {
   "type": "Feature",
   "properties": {
    "cell": 3194,
    "market_cell": 3115,
    "cost_mi": 1720.6
   },
   "geometry": {
    "type": "Point",
    "coordinates": [
     2.5259,
     -49.0657
    ]
   }
  },
  {
   "type": "Feature",
   "properties": {
    "cell": 3235,
    "market_cell": 3115,
    "cost_mi": 951.5
   },
   "geometry": {
    "type": "Point",
    "coordinates": [
     -56.7933,
     -52.4357
    ]
   }
  },
  {
   "type": "Feature",
   "properties": {
    "cell": 3236,
    "market_cell": 3115,
    "cost_mi": 891.6
   },
   "geometry": {
    "type": "Point",
    "coordinates": [
     -55.0409,
     -53.5438
    ]
   }
  },
  {
   "type": "Feature",
   "properties": {
    "cell": 3237,
    "market_cell": 3115,
    "cost_mi": 976.0
   },
   "geometry": {
    "type": "Point",
    "coordinates": [
     -56.9795,
     -54.3041
    ]
   }
  },
  {
   "type": "Feature",
   "properties": {
    "cell": 3238,
    "market_cell": 3115,
    "cost_mi": 865.5
   },
   "geometry": {
    "type": "Point",
    "coordinates": [
     -55.7385,
     -50.592
    ]
   }
  },
  {
   "type": "Feature",
   "properties": {
    "cell": 3239,
    "market_cell": 3115,
    "cost_mi": 753.3
   },
   "geometry": {
    "type": "Point",
    "coordinates": [
     -50.0215,
     -53.2739
    ]
   }
  },
  {
   "type": "Feature",
   "properties": {
    "cell": 3240,
    "market_cell": 3115,
    "cost_mi": 658.7
   },
   "geometry": {
    "type": "Point",
    "coordinates": [
     -47.2865,
     -53.1371
    ]
   }
  },
  {
   "type": "Feature",
   "properties": {
    "cell": 3241,
    "market_cell": 3115,
    "cost_mi": 722.4
   },
   "geometry": {
    "type": "Point",
    "coordinates": [
     -44.3102,
     -52.6296
    ]
   }
  },
  {
   "type": "Feature",
   "properties": {
    "cell": 3242,
    "market_cell": 3115,
    "cost_mi": 424.8
   },
   "geometry": {
    "type": "Point",
    "coordinates": [
     -39.9902,
     -53.3157
    ]
   }
  },
  {
   "type": "Feature",
   "properties": {
    "cell": 3243,
    "market_cell": 3115,
    "cost_mi": 355.6
   },
   "geometry": {
    "type": "Point",
    "coordinates": [
     -37.413,
     -52.314
    ]
   }
  },
  {
   "type": "Feature",
   "properties": {
    "cell": 3244,
    "market_cell": 3115,
    "cost_mi": 310.2
   },
   "geometry": {
    "type": "Point",
    "coordinates": [
     -33.2431,
     -50.8923
    ]
   }
  },
  {
   "type": "Feature",
   "properties": {
    "cell": 3245,
    "market_cell": 3115,
    "cost_mi": 407.1
   },
   "geometry": {
    "type": "Point",
    "coordinates": [
     -30.9225,
     -51.472
    ]
   }
  },
  {
   "type": "Feature",
   "properties": {
    "cell": 3246,
    "market_cell": 3115,
    "cost_mi": 402.9
   },
   "geometry": {
    "type": "Point",
    "coordinates": [
     -31.869,
     -52.7227
    ]
   }
  },
  {
   "type": "Feature",
   "properties": {
    "cell": 3247,
    "market_cell": 3115,
    "cost_mi": 516.1
   },
   "geometry": {
    "type": "Point",
    "coordinates": [
     -28.5981,
     -52.0441
    ]
   }
  },
  {
   "type": "Feature",
   "properties": {
    "cell": 3248,
    "market_cell": 3115,
    "cost_mi": 713.6
   },
   "geometry": {
    "type": "Point",
    "coordinates": [
     -24.031,
     -53.3709
    ]
   }
  },
  {
   "type": "Feature",
   "properties": {
    "cell": 3249,
    "market_cell": 3115,
    "cost_mi": 843.0
   },
   "geometry": {
    "type": "Point",
    "coordinates": [
     -19.7908,
     -51.8636
    ]
   }
  },
  {
   "type": "Feature",
   "properties": {
    "cell": 3250,
    "market_cell": 3115,
    "cost_mi": 1012.9
   },
   "geometry": {
    "type": "Point",
    "coordinates": [
     -16.2234,
     -53.4374
    ]
   }
  },
  {
   "type": "Feature",
   "properties": {
    "cell": 3251,
    "market_cell": 3115,
    "cost_mi": 1007.0
   },
   "geometry": {
    "type": "Point",
    "coordinates": [
     -14.2145,
     -50.9379
    ]
   }
  },
  {
   "type": "Feature",
   "properties": {
    "cell": 3252,
    "market_cell": 3115,
    "cost_mi": 1118.4
   },
   "geometry": {
    "type": "Point",
    "coordinates": [
     -13.2281,
     -53.5058
    ]
   }
  },
  {
   "type": "Feature",
   "properties": {
    "cell": 3253,
    "market_cell": 3115,
    "cost_mi": 1189.2
   },
   "geometry": {
    "type": "Point",
    "coordinates": [
     -10.2727,
     -51.4188
    ]
   }
  },
  {
   "type": "Feature",
   "properties": {
    "cell": 3254,
    "market_cell": 3115,
    "cost_mi": 1361.6
   },
   "geometry": {
    "type": "Point",
    "coordinates": [
     -5.964,
     -50.7193
    ]
   }
  },
  {
   "type": "Feature",
   "properties": {
    "cell": 3255,
    "market_cell": 3115,
    "cost_mi": 1440.4
   },
   "geometry": {
    "type": "Point",
    "coordinates": [
     -4.0482,
     -51.0539
    ]
   }
  },
  {
   "type": "Feature",
   "properties": {
    "cell": 3256,
    "market_cell": 3115,
    "cost_mi": 1587.3
   },
   "geometry": {
    "type": "Point",
    "coordinates": [
     -0.8382,
     -52.7398
    ]
   }
  },
  {
   "type": "Feature",
   "properties": {
    "cell": 3289,
    "market_cell": 3115,
    "cost_mi": 1052.3
   },
   "geometry": {
    "type": "Point",
    "coordinates": [
     -57.1525,
     -56.1801
    ]
   }
  },
  {
   "type": "Feature",
   "properties": {
    "cell": 3290,
    "market_cell": 3115,
    "cost_mi": 968.2
   },
   "geometry": {
    "type": "Point",
    "coordinates": [
     -55.212,
     -55.4256
    ]
   }
  },
  {
   "type": "Feature",
   "properties": {
    "cell": 3291,
    "market_cell": 3115,
    "cost_mi": 887.6
   },
   "geometry": {
    "type": "Point",
    "coordinates": [
     -53.2791,
     -54.6615
    ]
   }
  },
  {
   "type": "Feature",
   "properties": {
    "cell": 3292,
    "market_cell": 3115,
    "cost_mi": 890.5
   },
   "geometry": {
    "type": "Point",
    "coordinates": [
     -52.3459,
     -55.7373
    ]
   }
  },
  {
   "type": "Feature",
   "properties": {
    "cell": 3293,
    "market_cell": 3115,
    "cost_mi": 832.0
   },
   "geometry": {
    "type": "Point",
    "coordinates": [
     -49.9854,
     -55.3685
    ]
   }
  },
  {
   "type": "Feature",
   "properties": {
    "cell": 3294,
    "market_cell": 3115,
    "cost_mi": 734.8
   },
   "geometry": {
    "type": "Point",
    "coordinates": [
     -47.6154,
     -54.9846
    ]
   }
  },
  {
   "type": "Feature",
   "properties": {
    "cell": 3295,
    "market_cell": 3115,
    "cost_mi": 781.5
   },
   "geometry": {
    "type": "Point",
    "coordinates": [
     -45.8174,
     -55.7886
    ]
   }
  },
  {
   "type": "Feature",
   "properties": {
    "cell": 3296,
    "market_cell": 3115,
    "cost_mi": 873.0
   },
   "geometry": {
    "type": "Point",
    "coordinates": [
     -43.2003,
     -56.9652
    ]
   }
  },
  {
   "type": "Feature",
   "properties": {
    "cell": 3297,
    "market_cell": 3115,
    "cost_mi": 571.2
   },
   "geometry": {
    "type": "Point",
    "coordinates": [
     -41.3757,
     -54.0057
    ]
   }
  },
  {
   "type": "Feature",
   "properties": {
    "cell": 3298,
    "market_cell": 3115,
    "cost_mi": 529.9
   },
   "geometry": {
    "type": "Point",
    "coordinates": [
     -37.5385,
     -56.6135
    ]
   }
  },
  {
   "type": "Feature",
   "properties": {
    "cell": 3299,
    "market_cell": 3115,
    "cost_mi": 481.5
   },
   "geometry": {
    "type": "Point",
    "coordinates": [
     -33.5035,
     -55.1119
    ]
   }
  },
  {
   "type": "Feature",
   "properties": {
    "cell": 3300,
    "market_cell": 3115,
    "cost_mi": 532.0
   },
   "geometry": {
    "type": "Point",
    "coordinates": [
     -31.9659,
     -55.9064
    ]
   }
  },
  {
   "type": "Feature",
   "properties": {
    "cell": 3301,
    "market_cell": 3115,
    "cost_mi": 721.8
   },
   "geometry": {
    "type": "Point",
    "coordinates": [
     -26.5588,
     -56.6952
    ]
   }
  },
  {
   "type": "Feature",
   "properties": {
    "cell": 3302,
    "market_cell": 3115,
    "cost_mi": 771.7
   },
   "geometry": {
    "type": "Point",
    "coordinates": [
     -23.2993,
     -54.6044
    ]
   }
  },
  {
   "type": "Feature",
   "properties": {
    "cell": 3303,
    "market_cell": 3115,
    "cost_mi": 868.4
   },
   "geometry": {
    "type": "Point",
    "coordinates": [
     -21.7351,
     -56.4082
    ]
   }
  },
  {
   "type": "Feature",
   "properties": {
    "cell": 3304,
    "market_cell": 3115,
    "cost_mi": 1056.3
   },
   "geometry": {
    "type": "Point",
    "coordinates": [
     -16.0999,
     -55.1899
    ]
   }
  },
  {
   "type": "Feature",
   "properties": {
    "cell": 3305,
    "market_cell": 3115,
    "cost_mi": 1229.2
   },
   "geometry": {
    "type": "Point",
    "coordinates": [
     -12.236,
     -56.0547
    ]
   }
  },
  {
   "type": "Feature",
   "properties": {
    "cell": 3306,
    "market_cell": 3115,
    "cost_mi": 1269.2
   },
   "geometry": {
    "type": "Point",
    "coordinates": [
     -13.5322,
     -57.8965
    ]
   }
  },
  {
   "type": "Feature",
   "properties": {
    "cell": 3307,
    "market_cell": 3115,
    "cost_mi": 1154.6
   },
   "geometry": {
    "type": "Point",
    "coordinates": [
     -14.3114,
     -56.8321
    ]
   }
  },
  {
   "type": "Feature",
   "properties": {
    "cell": 3308,
    "market_cell": 3115,
    "cost_mi": 1357.2
   },
   "geometry": {
    "type": "Point",
    "coordinates": [
     -9.0962,
     -56.4082
    ]
   }
  },
  {
   "type": "Feature",
   "properties": {
    "cell": 3309,
    "market_cell": 3115,
    "cost_mi": 1431.4
   },
   "geometry": {
    "type": "Point",
    "coordinates": [
     -6.6749,
     -56.1935
    ]
   }
  },
  {
   "type": "Feature",
   "properties": {
    "cell": 3310,
    "market_cell": 3115,
    "cost_mi": 1523.7
   },
   "geometry": {
    "type": "Point",
    "coordinates": [
     -4.6944,
     -55.0644
    ]
   }
  },
  {
   "type": "Feature",
   "properties": {
    "cell": 3311,
    "market_cell": 3115,
    "cost_mi": 1568.8
   },
   "geometry": {
    "type": "Point",
    "coordinates": [
     -2.7273,
     -53.9354
    ]
   }
  },
  {
   "type": "Feature",
   "properties": {
    "cell": 3347,
    "market_cell": 3115,
    "cost_mi": 838.7
   },
   "geometry": {
    "type": "Point",
    "coordinates": [
     -40.5927,
     -58.1512
    ]
   }
  },
  {
   "type": "Feature",
   "properties": {
    "cell": 3348,
    "market_cell": 3115,
    "cost_mi": 767.6
   },
   "geometry": {
    "type": "Point",
    "coordinates": [
     -38.848,
     -59.018
    ]
   }
  },
  {
   "type": "Feature",
   "properties": {
    "cell": 3349,
    "market_cell": 3115,
    "cost_mi": 663.6
   },
   "geometry": {
    "type": "Point",
    "coordinates": [
     -37.088,
     -59.8828
    ]
   }
  },
  {
   "type": "Feature",
   "properties": {
    "cell": 3350,
    "market_cell": 3115,
    "cost_mi": 668.9
   },
   "geometry": {
    "type": "Point",
    "coordinates": [
     -34.9898,
     -59.4931
    ]
   }
  },
  {
   "type": "Feature",
   "properties": {
    "cell": 3351,
    "market_cell": 3115,
    "cost_mi": 645.3
   },
   "geometry": {
    "type": "Point",
    "coordinates": [
     -32.8839,
     -59.1092
    ]
   }
  },
  {
   "type": "Feature",
   "properties": {
    "cell": 3352,
    "market_cell": 3115,
    "cost_mi": 678.7
   },
   "geometry": {
    "type": "Point",
    "coordinates": [
     -30.0121,
     -58.9552
    ]
   }
  },
  {
   "type": "Feature",
   "properties": {
    "cell": 3353,
    "market_cell": 3115,
    "cost_mi": 730.2
   },
   "geometry": {
    "type": "Point",
    "coordinates": [
     -27.8835,
     -58.6036
    ]
   }
  },
  {
   "type": "Feature",
   "properties": {
    "cell": 3354,
    "market_cell": 3115,
    "cost_mi": 801.7
   },
   "geometry": {
    "type": "Point",
    "coordinates": [
     -25.6199,
     -58.4287
    ]
   }
  },
  {
   "type": "Feature",
   "properties": {
    "cell": 3355,
    "market_cell": 3115,
    "cost_mi": 866.2
   },
   "geometry": {
    "type": "Point",
    "coordinates": [
     -23.3582,
     -58.2634
    ]
   }
  },
  {
   "type": "Feature",
   "properties": {
    "cell": 3356,
    "market_cell": 3115,
    "cost_mi": 929.5
   },
   "geometry": {
    "type": "Point",
    "coordinates": [
     -21.8605,
     -58.7062
    ]
   }
  },
  {
   "type": "Feature",
   "properties": {
    "cell": 3357,
    "market_cell": 3115,
    "cost_mi": 1006.9
   },
   "geometry": {
    "type": "Point",
    "coordinates": [
     -19.1389,
     -58.1436
    ]
   }
  },
  {
   "type": "Feature",
   "properties": {
    "cell": 3358,
    "market_cell": 3115,
    "cost_mi": 1139.9
   },
   "geometry": {
    "type": "Point",
    "coordinates": [
     -16.4001,
     -57.5981
    ]
   }
  },
  {
   "type": "Feature",
   "properties": {
    "cell": 3359,
    "market_cell": 3115,
    "cost_mi": 1371.4
   },
   "geometry": {
    "type": "Point",
    "coordinates": [
     -14.8265,
     -59.7516
    ]
   }
  },
  {
   "type": "Feature",
   "properties": {
    "cell": 3360,
    "market_cell": 3115,
    "cost_mi": 1367.8
   },
   "geometry": {
    "type": "Point",
    "coordinates": [
     -9.1247,
     -57.4765
    ]
   }
  }
 ]
}