cell,x,y,lon,lat,height,area_sq,biome,biome_cost,habitability,is_land,harbor,river,flux,pop,state,state_name,province,province_name,culture,culture_name,burg,burg_name,burg_pop,market_cell,cost_to_market_mi,supply_days
0,679.0,9.95,-33.4503,88.1088,10,595,Marine,10,0,0,0,0,0,0,0,Neutrals,0,,0,Wildlands,,,,,,
1,695.0,1.0,-30.4094,89.8099,75,351,Glacier,5000,0,1,1,0,0,0,0,Neutrals,0,,0,Wildlands,,,,,,
2,703.74,7.96,-28.7482,88.487,100,403,Glacier,5000,0,1,3,0,0,0,0,Neutrals,0,,0,Wildlands,,,,,,
3,729.62,5.47,-23.8295,88.9603,52,413,Glacier,5000,0,1,1,0,0,0,0,Neutrals,0,,0,Wildlands,,,,,,
4,742.25,2.12,-21.4291,89.597,52,528,Glacier,5000,0,1,1,0,0,0,0,Neutrals,0,,0,Wildlands,,,,,,
5,769.23,3.8,-16.3013,89.2777,80,429,Glacier,5000,0,1,1,0,0,0,0,Neutrals,0,,0,Wildlands,,,,,,
6,779.48,6.35,-14.3532,88.793,52,509,Glacier,5000,0,1,1,0,0,0,0,Neutrals,0,,0,Wildlands,,,,,,
7,808.15,12.32,-8.9042,87.6583,52,359,Glacier,5000,0,1,0,0,0,0,0,Neutrals,0,,0,Wildlands,,,,,,
8,815.86,10.85,-7.4389,87.9377,100,456,Glacier,5000,0,1,1,0,0,0,0,Neutrals,0,,0,Wildlands,,,,,,
9,844.07,3.62,-2.0773,89.3119,100,479,Glacier,5000,0,1,2,0,0,0,0,Neutrals,0,,0,Wildlands,,,,,,
10,850.57,9.54,-0.842,88.1867,64,335,Glacier,5000,0,1,1,0,0,0,0,Neutrals,0,,0,Wildlands,,,,,,
11,875.12,10.53,3.824,87.9985,46,297,Glacier,5000,0,1,1,0,0,0,0,Neutrals,0,,0,Wildlands,,,,,,
12,884.67,6.99,5.639,88.6714,63,465,Glacier,5000,0,1,2,0,0,0,0,Neutrals,0,,0,Wildlands,,,,,,
13,903.17,16.87,9.1551,86.7935,86,304,Glacier,5000,0,1,2,0,0,0,0,Neutrals,0,,0,Wildlands,,,,,,
14,921.13,8.5,12.5686,88.3844,66,492,Glacier,5000,0,1,3,0,0,0,0,Neutrals,0,,0,Wildlands,,,,,,
15,942.92,7.42,16.7099,88.5897,52,416,Glacier,5000,0,1,2,0,0,0,0,Neutrals,0,,0,Wildlands,,,,,,
16,962.45,6.52,20.4218,88.7607,53,589,Glacier,5000,0,1,3,0,0,0,0,Neutrals,0,,0,Wildlands,,,,,,
17,986.42,7.35,24.9775,88.603,42,526,Glacier,5000,0,1,2,0,0,0,0,Neutrals,0,,0,Wildlands,,,,,,
18,1005.94,15.56,28.6874,87.0424,53,275,Glacier,5000,0,1,2,0,0,0,0,Neutrals,0,,0,Wildlands,,,,,,
19,1010.23,1.04,29.5028,89.8023,43,535,Glacier,5000,0,1,2,0,0,0,0,Neutrals,0,,0,Wildlands,,,,,,
20,1042.96,14.03,35.7234,87.3333,48,370,Glacier,5000,0,1,3,0,0,0,0,Neutrals,0,,0,Wildlands,,,,,,
21,1052.67,13.93,37.5689,87.3523,71,313,Glacier,5000,0,1,3,0,0,0,0,Neutrals,0,,0,Wildlands,,,,,,
22,1068.84,11.53,40.6421,87.8084,10,571,Marine,10,0,0,0,0,0,0,0,Neutrals,0,,0,Wildlands,,,,,,
23,660.37,22.36,-36.9911,85.7499,10,3024,Marine,10,0,0,0,0,0,0,0,Neutrals,0,,0,Wildlands,,,,,,
24,686.23,31.28,-32.0762,84.0545,10,304,Marine,10,0,0,0,0,0,0,0,Neutrals,0,,0,Wildlands,,,,,,
25,696.6,29.2,-30.1053,84.4498,10,244,Marine,10,0,0,0,0,0,0,0,Neutrals,0,,0,Wildlands,,,,,,
26,706.94,27.11,-28.1401,84.8471,10,198,Marine,10,0,0,0,0,0,0,0,Neutrals,0,,0,Wildlands,,,,,,
27,715.1,36.4,-26.5892,83.0813,10,178,Marine,10,0,0,0,0,0,0,0,Neutrals,0,,0,Wildlands,,,,,,
28,720.91,21.93,-25.4849,85.8317,71,345,Glacier,5000,0,1,4,0,0,0,0,Neutrals,0,,0,Wildlands,,,,,,
29,749.46,29.52,-20.0588,84.389,10,292,Marine,10,0,0,0,0,0,0,0,Neutrals,0,,0,Wildlands,,,,,,
30,736.4,37.6,-22.5409,82.8532,10,288,Marine,10,0,0,0,0,0,0,0,Neutrals,0,,0,Wildlands,,,,,,
31,757.31,27.97,-18.5668,84.6836,79,267,Glacier,5000,0,1,4,0,0,0,0,Neutrals,0,,0,Wildlands,,,,,,
32,779.34,28.89,-14.3798,84.5088,10,256,Marine,10,0,0,0,0,0,0,0,Neutrals,0,,0,Wildlands,,,,,,
33,790.3,34.1,-12.2968,83.5185,10,209,Marine,10,0,0,0,0,0,0,0,Neutrals,0,,0,Wildlands,,,,,,
34,769.7,34.3,-16.212,83.4805,10,182,Marine,10,0,0,0,0,0,0,0,Neutrals,0,,0,Wildlands,,,,,,
35,804.95,26.29,-9.5124,85.003,60,264,Glacier,5000,0,1,5,0,0,0,0,Neutrals,0,,0,Wildlands,,,,,,
36,823.51,28.27,-5.9849,84.6266,10,227,Marine,10,0,0,0,0,0,0,0,Neutrals,0,,0,Wildlands,,,,,,
37,830.46,30.75,-4.664,84.1552,33,272,Glacier,5000,0,1,5,0,0,0,0,Neutrals,0,,0,Wildlands,,,,,,
38,849.56,25.66,-1.0339,85.1227,10,288,Marine,10,0,0,0,0,0,0,0,Neutrals,0,,0,Wildlands,,,,,,
39,845.4,39.1,-1.8246,82.5681,10,176,Marine,10,0,0,0,0,0,0,0,Neutrals,0,,0,Wildlands,,,,,,
40,870.64,19.97,2.9725,86.2042,49,288,Glacier,5000,0,1,5,0,0,0,0,Neutrals,0,,0,Wildlands,,,,,,
41,889.08,31.9,6.4772,83.9366,10,215,Marine,10,0,0,0,0,0,0,0,Neutrals,0,,0,Wildlands,,,,,,
42,877.5,36.2,4.2763,83.1193,10,235,Marine,10,0,0,0,0,0,0,0,Neutrals,0,,0,Wildlands,,,,,,
43,899.2,27.4,8.4006,84.792,10,231,Marine,10,0,0,0,0,0,0,0,Neutrals,0,,0,Wildlands,,,,,,
44,909.29,22.84,10.3183,85.6587,10,215,Marine,10,0,0,0,0,0,0,0,Neutrals,0,,0,Wildlands,,,,,,
45,925.22,23.96,13.3459,85.4458,10,192,Marine,10,0,0,0,0,0,0,0,Neutrals,0,,0,Wildlands,,,,,,
46,935.0,23.4,15.2047,85.5523,10,196,Marine,10,0,0,0,0,0,0,0,Neutrals,0,,0,Wildlands,,,,,,
47,944.84,22.81,17.0749,85.6644,10,228,Marine,10,0,0,0,0,0,0,0,Neutrals,0,,0,Wildlands,,,,,,
48,955.6,31.76,19.1199,83.9633,10,251,Marine,10,0,0,0,0,0,0,0,Neutrals,0,,0,Wildlands,,,,,,
49,971.3,32.4,22.1038,83.8416,10,431,Marine,10,0,0,0,0,0,0,0,Neutrals,0,,0,Wildlands,,,,,,
50,986.96,33.0,25.0801,83.7276,8,292,Marine,10,0,0,0,0,0,0,0,Neutrals,0,,0,Wildlands,,,,,,
51,998.0,32.8,27.1784,83.7656,8,144,Marine,10,0,0,0,0,0,0,0,Neutrals,0,,0,Wildlands,,,,,,
52,996.23,25.15,26.842,85.2196,40,186,Glacier,5000,0,1,3,0,0,0,0,Neutrals,0,,0,Wildlands,,,,,,
53,1009.13,32.56,29.2937,83.8112,10,164,Marine,10,0,0,0,0,0,0,0,Neutrals,0,,0,Wildlands,,,,,,
54,1021.2,25.8,31.5877,85.0961,10,200,Marine,10,0,0,0,0,0,0,0,Neutrals,0,,0,Wildlands,,,,,,
55,1021.7,35.3,31.6827,83.2904,10,174,Marine,10,0,0,0,0,0,0,0,Neutrals,0,,0,Wildlands,,,,,,
56,1033.17,19.13,33.8627,86.3639,10,257,Marine,10,0,0,0,0,0,0,0,Neutrals,0,,0,Wildlands,,,,,,
57,1033.8,28.6,33.9825,84.5639,10,136,Marine,10,0,0,0,0,0,0,0,Neutrals,0,,0,Wildlands,,,,,,
58,1060.72,30.62,39.0988,84.1799,10,216,Marine,10,0,0,0,0,0,0,0,Neutrals,0,,0,Wildlands,,,,,,
59,1047.5,34.4,36.5863,83.4615,10,321,Marine,10,0,0,0,0,0,0,0,Neutrals,0,,0,Wildlands,,,,,,
60,1071.31,33.8,41.1115,83.5755,10,269,Marine,10,0,0,0,0,0,0,0,Neutrals,0,,0,Wildlands,,,,,,
61,1082.23,23.93,43.187,85.4515,10,867,Marine,10,0,0,0,0,0,0,0,Neutrals,0,,0,Wildlands,,,,,,
62,1268.3,26.52,78.5512,84.9592,10,1181,Marine,10,0,0,0,0,0,0,0,Neutrals,0,,0,Wildlands,,,,,,
63,1289.1,34.41,82.5044,83.4596,10,467,Marine,10,0,0,0,0,0,0,0,Neutrals,0,,0,Wildlands,,,,,,
64,679.15,43.66,-33.4218,81.7014,10,2373,Marine,10,0,0,0,0,0,0,0,Neutrals,0,,0,Wildlands,,,,,,
65,707.91,45.53,-27.9557,81.3459,10,646,Marine,10,0,0,0,0,0,0,0,Neutrals,0,,0,Wildlands,,,,,,
66,723.33,45.74,-25.025,81.306,10,254,Marine,10,0,0,0,0,0,0,0,Neutrals,0,,0,Wildlands,,,,,,
67,740.51,51.61,-21.7598,80.1903,10,397,Marine,10,0,0,0,0,0,0,0,Neutrals,0,,0,Wildlands,,,,,,
68,759.99,39.63,-18.0575,82.4674,10,243,Marine,10,0,0,0,0,0,0,0,Neutrals,0,,0,Wildlands,,,,,,
69,780.93,37.84,-14.0776,82.8076,10,303,Marine,10,0,0,0,0,0,0,0,Neutrals,0,,0,Wildlands,,,,,,
70,801.33,39.32,-10.2004,82.5263,10,241,Marine,10,0,0,0,0,0,0,0,Neutrals,0,,0,Wildlands,,,,,,
71,812.97,38.97,-7.9882,82.5928,10,204,Marine,10,0,0,0,0,0,0,0,Neutrals,0,,0,Wildlands,,,,,,
72,821.9,49.1,-6.2909,80.6674,10,263,Marine,10,0,0,0,0,0,0,0,Neutrals,0,,0,Wildlands,,,,,,
73,841.25,52.45,-2.6133,80.0306,10,261,Marine,10,0,0,0,0,0,0,0,Neutrals,0,,0,Wildlands,,,,,,
74,850.3,44.9,-0.8933,81.4657,10,199,Marine,10,0,0,0,0,0,0,0,Neutrals,0,,0,Wildlands,,,,,,
75,859.34,37.32,0.8249,82.9064,10,161,Marine,10,0,0,0,0,0,0,0,Neutrals,0,,0,Wildlands,,,,,,
76,865.86,40.5,2.064,82.302,10,204,Marine,10,0,0,0,0,0,0,0,Neutrals,0,,0,Wildlands,,,,,,
77,892.35,45.03,7.0987,81.441,10,1152,Marine,10,0,0,0,0,0,0,0,Neutrals,0,,0,Wildlands,,,,,,
78,925.97,38.0,13.4885,82.7772,10,1168,Marine,10,0,0,0,0,0,0,0,Neutrals,0,,0,Wildlands,,,,,,
79,949.89,42.78,18.0346,81.8686,10,406,Marine,10,0,0,0,0,0,0,0,Neutrals,0,,0,Wildlands,,,,,,
80,956.66,48.09,19.3213,80.8593,10,1913,Marine,10,0,0,0,0,0,0,0,Neutrals,0,,0,Wildlands,,,,,,
81,996.16,51.38,26.8287,80.234,10,1172,Marine,10,0,0,0,0,0,0,0,Neutrals,0,,0,Wildlands,,,,,,
82,1010.76,45.1,29.6035,81.4277,10,339,Marine,10,0,0,0,0,0,0,0,Neutrals,0,,0,Wildlands,,,,,,
83,1034.34,38.08,34.0851,82.762,10,247,Marine,10,0,0,0,0,0,0,0,Neutrals,0,,0,Wildlands,,,,,,
84,1066.37,42.87,40.1727,81.8515,10,627,Marine,10,0,0,0,0,0,0,0,Neutrals,0,,0,Wildlands,,,,,,
85,1106.69,46.08,47.8358,81.2414,10,1089,Marine,10,0,0,0,0,0,0,0,Neutrals,0,,0,Wildlands,,,,,,
86,1138.45,45.56,53.8721,81.3402,10,977,Marine,10,0,0,0,0,0,0,0,Neutrals,0,,0,Wildlands,,,,,,
87,1165.55,39.53,59.0227,82.4864,10,1342,Marine,10,0,0,0,0,0,0,0,Neutrals,0,,0,Wildlands,,,,,,
88,1176.34,50.53,61.0734,80.3956,10,677,Marine,10,0,0,0,0,0,0,0,Neutrals,0,,0,Wildlands,,,,,,
89,1251.0,48.63,75.2632,80.7567,10,906,Marine,10,0,0,0,0,0,0,0,Neutrals,0,,0,Wildlands,,,,,,
90,1262.96,50.31,77.5363,80.4374,10,169,Marine,10,0,0,0,0,0,0,0,Neutrals,0,,0,Wildlands,,,,,,
91,1272.5,44.0,79.3494,81.6367,10,185,Marine,10,0,0,0,0,0,0,0,Neutrals,0,,0,Wildlands,,,,,,
92,1281.98,37.6,81.1512,82.8532,10,161,Marine,10,0,0,0,0,0,0,0,Neutrals,0,,0,Wildlands,,,,,,
93,1286.6,51.6,82.0292,80.1922,10,271,Marine,10,0,0,0,0,0,0,0,Neutrals,0,,0,Wildlands,,,,,,
94,1299.18,37.34,84.4202,82.9026,10,1109,Marine,10,0,0,0,0,0,0,0,Neutrals,0,,0,Wildlands,,,,,,
95,1355.19,37.89,95.0654,82.7981,10,1672,Marine,10,0,0,0,0,0,0,0,Neutrals,0,,0,Wildlands,,,,,,
96,1383.57,51.58,100.4592,80.196,10,398,Marine,10,0,0,0,0,0,0,0,Neutrals,0,,0,Wildlands,,,,,,
97,1400.81,39.39,103.7358,82.513,10,1184,Marine,10,0,0,0,0,0,0,0,Neutrals,0,,0,Wildlands,,,,,,
98,1428.34,38.54,108.9681,82.6746,10,1004,Marine,10,0,0,0,0,0,0,0,Neutrals,0,,0,Wildlands,,,,,,
99,1446.68,40.65,112.4538,82.2735,10,668,Marine,10,0,0,0,0,0,0,0,Neutrals,0,,0,Wildlands,,,,,,
100,1463.52,41.93,115.6544,82.0302,10,1278,Marine,10,0,0,0,0,0,0,0,Neutrals,0,,0,Wildlands,,,,,,
101,726.55,65.25,-24.413,77.5977,10,2317,Marine,10,0,0,0,0,0,0,0,Neutrals,0,,0,Wildlands,,,,,,
102,762.34,57.96,-17.6108,78.9833,10,2090,Marine,10,0,0,0,0,0,0,0,Neutrals,0,,0,Wildlands,,,,,,
103,802.52,61.05,-9.9743,78.396,10,1770,Marine,10,0,0,0,0,0,0,0,Neutrals,0,,0,Wildlands,,,,,,
104,819.19,65.61,-6.806,77.5293,10,1359,Marine,10,0,0,0,0,0,0,0,Neutrals,0,,0,Wildlands,,,,,,
105,830.77,59.13,-4.6051,78.7609,10,219,Marine,10,0,0,0,0,0,0,0,Neutrals,0,,0,Wildlands,,,,,,
106,872.22,59.66,3.2728,78.6602,10,1766,Marine,10,0,0,0,0,0,0,0,Neutrals,0,,0,Wildlands,,,,,,
107,1031.03,60.04,33.456,78.588,10,813,Marine,10,0,0,0,0,0,0,0,Neutrals,0,,0,Wildlands,,,,,,
108,1107.72,67.25,48.0316,77.2175,10,698,Marine,10,0,0,0,0,0,0,0,Neutrals,0,,0,Wildlands,,,,,,
109,1129.93,56.7,52.2528,79.2228,10,309,Marine,10,0,0,0,0,0,0,0,Neutrals,0,,0,Wildlands,,,,,,
110,1128.3,69.6,51.943,76.7709,10,259,Marine,10,0,0,0,0,0,0,0,Neutrals,0,,0,Wildlands,,,,,,
111,1146.38,60.07,55.3792,78.5823,10,238,Marine,10,0,0,0,0,0,0,0,Neutrals,0,,0,Wildlands,,,,,,
112,1156.6,63.1,57.3216,78.0063,10,213,Marine,10,0,0,0,0,0,0,0,Neutrals,0,,0,Wildlands,,,,,,
113,1166.8,66.13,59.2602,77.4304,10,173,Marine,10,0,0,0,0,0,0,0,Neutrals,0,,0,Wildlands,,,,,,
114,1169.7,74.7,59.8114,75.8015,10,79,Marine,10,0,0,0,0,0,0,0,Neutrals,0,,0,Wildlands,,,,,,
115,1166.6,75.4,59.2222,75.6684,10,101,Marine,10,0,0,0,0,0,0,0,Neutrals,0,,0,Wildlands,,,,,,
116,1183.25,69.84,62.3867,76.7252,10,196,Marine,10,0,0,0,0,0,0,0,Neutrals,0,,0,Wildlands,,,,,,
117,1193.0,71.4,64.2398,76.4287,10,164,Marine,10,0,0,0,0,0,0,0,Neutrals,0,,0,Wildlands,,,,,,
118,1190.86,60.96,63.833,78.4131,10,691,Marine,10,0,0,0,0,0,0,0,Neutrals,0,,0,Wildlands,,,,,,
119,1226.78,63.47,70.6599,77.936,10,987,Marine,10,0,0,0,0,0,0,0,Neutrals,0,,0,Wildlands,,,,,,
120,1249.93,62.08,75.0598,78.2002,10,323,Marine,10,0,0,0,0,0,0,0,Neutrals,0,,0,Wildlands,,,,,,
121,1269.3,55.31,78.7412,79.487,22,141,Snowy,50,50,1,4,0,0,2.68,9,Edhellon,21,Staple,4,HUMANS,,,,344,457.3,18.3
122,1270.9,65.1,79.0453,77.6262,22,208,Snowy,50,50,1,3,0,0,4.296,9,Edhellon,21,Staple,4,HUMANS,,,,344,402.7,16.1
123,1291.16,65.57,82.8959,77.5369,10,213,Marine,10,0,0,0,0,0,0,0,Neutrals,0,,0,Wildlands,,,,,,
124,1296.1,76.0,83.8348,75.5544,10,174,Marine,10,0,0,0,0,0,0,0,Neutrals,0,,0,Wildlands,,,,,,
125,1303.89,65.66,85.3154,77.5197,10,407,Marine,10,0,0,0,0,0,0,0,Neutrals,0,,0,Wildlands,,,,,,
126,1327.35,64.87,89.7741,77.6699,10,638,Marine,10,0,0,0,0,0,0,0,Neutrals,0,,0,Wildlands,,,,,,
127,1347.2,56.75,93.5468,79.2133,10,559,Marine,10,0,0,0,0,0,0,0,Neutrals,0,,0,Wildlands,,,,,,
128,1375.17,60.35,98.8627,78.529,10,325,Marine,10,0,0,0,0,0,0,0,Neutrals,0,,0,Wildlands,,,,,,
129,1372.7,72.3,98.3933,76.2577,10,211,Marine,10,0,0,0,0,0,0,0,Neutrals,0,,0,Wildlands,,,,,,
130,1391.49,55.47,101.9645,79.4566,10,188,Marine,10,0,0,0,0,0,0,0,Neutrals,0,,0,Wildlands,,,,,,
131,1400.8,60.5,103.7339,78.5005,10,213,Marine,10,0,0,0,0,0,0,0,Neutrals,0,,0,Wildlands,,,,,,
132,1410.03,65.48,105.4882,77.554,10,202,Marine,10,0,0,0,0,0,0,0,Neutrals,0,,0,Wildlands,,,,,,
133,1423.4,65.1,108.0292,77.6262,10,223,Marine,10,0,0,0,0,0,0,0,Neutrals,0,,0,Wildlands,,,,,,
134,1421.9,70.6,107.7442,76.5808,10,127,Marine,10,0,0,0,0,0,0,0,Neutrals,0,,0,Wildlands,,,,,,
135,1436.73,64.68,110.5627,77.706,10,213,Marine,10,0,0,0,0,0,0,0,Neutrals,0,,0,Wildlands,,,,,,
136,1446.2,60.2,112.3626,78.5576,10,239,Marine,10,0,0,0,0,0,0,0,Neutrals,0,,0,Wildlands,,,,,,
137,1455.66,55.62,114.1605,79.4281,10,176,Marine,10,0,0,0,0,0,0,0,Neutrals,0,,0,Wildlands,,,,,,
138,1465.0,58.3,115.9357,78.9187,10,191,Marine,10,0,0,0,0,0,0,0,Neutrals,0,,0,Wildlands,,,,,,
139,1474.35,60.91,117.7127,78.4226,7,158,Marine,10,0,0,0,0,0,0,0,Neutrals,0,,0,Wildlands,,,,,,
140,1478.83,62.25,118.5642,78.1679,10,441,Marine,10,0,0,0,0,0,0,0,Neutrals,0,,0,Wildlands,,,,,,
141,1492.8,71.5,121.2193,76.4097,10,420,Marine,10,0,0,0,0,0,0,0,Neutrals,0,,0,Wildlands,,,,,,
142,1518.09,58.79,126.0259,78.8256,10,1410,Marine,10,0,0,0,0,0,0,0,Neutrals,0,,0,Wildlands,,,,,,
143,1541.86,56.41,130.5436,79.2779,10,1338,Marine,10,0,0,0,0,0,0,0,Neutrals,0,,0,Wildlands,,,,,,
144,1560.76,63.33,134.1357,77.9626,10,1456,Marine,10,0,0,0,0,0,0,0,Neutrals,0,,0,Wildlands,,,,,,
145,491.1,83.48,-69.1623,74.1326,0,2072,Marine,10,0,0,0,0,0,0,0,Neutrals,0,,0,Wildlands,,,,,,
146,534.26,75.62,-60.9594,75.6266,0,5057,Marine,10,0,0,0,0,0,0,0,Neutrals,0,,0,Wildlands,,,,,,
147,844.48,73.31,-1.9994,76.0657,10,2498,Marine,10,0,0,0,0,0,0,0,Neutrals,0,,0,Wildlands,,,,,,
148,1034.97,85.74,34.2048,73.7031,10,538,Marine,10,0,0,0,0,0,0,0,Neutrals,0,,0,Wildlands,,,,,,
149,1058.77,79.74,38.7282,74.8435,10,360,Marine,10,0,0,0,0,0,0,0,Neutrals,0,,0,Wildlands,,,,,,
150,1064.81,76.17,39.8762,75.5221,10,712,Marine,10,0,0,0,0,0,0,0,Neutrals,0,,0,Wildlands,,,,,,
151,1110.69,88.62,48.5961,73.1556,10,306,Marine,10,0,0,0,0,0,0,0,Neutrals,0,,0,Wildlands,,,,,,
152,1126.68,82.46,51.6351,74.3265,10,302,Marine,10,0,0,0,0,0,0,0,Neutrals,0,,0,Wildlands,,,,,,
153,1147.57,74.44,55.6054,75.8509,23,232,Snowy,50,50,1,6,0,0,4.848,9,Edhellon,22,Chichbridia,4,HUMANS,,,,344,1844.5,73.8
154,1147.3,86.4,55.5541,73.5776,23,237,Snowy,50,50,1,2,0,0,4.848,9,Edhellon,22,Chichbridia,4,HUMANS,,,,344,1778.7,71.1
155,1166.49,84.73,59.2013,73.895,10,174,Marine,10,0,0,0,0,0,0,0,Neutrals,0,,0,Wildlands,,,,,,
156,1172.69,83.32,60.3797,74.163,10,138,Marine,10,0,0,0,0,0,0,0,Neutrals,0,,0,Wildlands,,,,,,
157,1202.7,72.94,66.0833,76.136,10,228,Marine,10,0,0,0,0,0,0,0,Neutrals,0,,0,Wildlands,,,,,,
158,1206.5,83.0,66.8056,74.2239,10,156,Marine,10,0,0,0,0,0,0,0,Neutrals,0,,0,Wildlands,,,,,,
159,1210.35,77.48,67.5373,75.2731,10,177,Marine,10,0,0,0,0,0,0,0,Neutrals,0,,0,Wildlands,,,,,,
160,1239.47,76.14,73.0718,75.5278,10,271,Marine,10,0,0,0,0,0,0,0,Neutrals,0,,0,Wildlands,,,,,,
161,1224.9,84.6,70.3026,73.9197,10,239,Marine,10,0,0,0,0,0,0,0,Neutrals,0,,0,Wildlands,,,,,,
162,1238.0,90.8,72.7924,72.7413,10,154,Marine,10,0,0,0,0,0,0,0,Neutrals,0,,0,Wildlands,,,,,,
163,1257.17,83.93,76.4358,74.0471,23,293,Snowy,50,50,1,2,0,0,5.973,9,Edhellon,21,Staple,4,HUMANS,,,,344,304.4,12.2
164,1272.59,74.82,79.3665,75.7787,23,198,Snowy,50,50,1,1,0,0,5.373,9,Edhellon,21,Staple,4,HUMANS,,,,344,348.5,13.9
165,1281.08,80.16,80.9801,74.7637,24,203,Snowy,50,50,1,2,0,0,4.459,9,Edhellon,21,Staple,4,HUMANS,,,,344,293.3,11.7
166,1300.97,86.4,84.7604,73.5776,10,150,Marine,10,0,0,0,0,0,0,0,Neutrals,0,,0,Wildlands,,,,,,
167,1316.0,86.2,87.617,73.6156,10,232,Marine,10,0,0,0,0,0,0,0,Neutrals,0,,0,Wildlands,,,,,,
168,1331.06,85.92,90.4792,73.6688,10,148,Marine,10,0,0,0,0,0,0,0,Neutrals,0,,0,Wildlands,,,,,,
169,1332.9,83.16,90.8289,74.1935,10,167,Marine,10,0,0,0,0,0,0,0,Neutrals,0,,0,Wildlands,,,,,,
170,1346.1,79.2,93.3377,74.9461,10,274,Marine,10,0,0,0,0,0,0,0,Neutrals,0,,0,Wildlands,,,,,,
171,1359.28,75.33,95.8427,75.6817,10,273,Marine,10,0,0,0,0,0,0,0,Neutrals,0,,0,Wildlands,,,,,,
172,1370.17,84.33,97.9124,73.9711,10,289,Marine,10,0,0,0,0,0,0,0,Neutrals,0,,0,Wildlands,,,,,,
173,1391.87,75.85,102.0367,75.5829,25,254,Snowy,50,50,1,5,125,171,7.563,9,Edhellon,25,Shoroughia,4,HUMANS,,,,242,518.3,20.7
174,1401.3,76.8,103.8289,75.4023,25,108,Snowy,50,50,1,2,0,0,2.086,9,Edhellon,25,Shoroughia,4,HUMANS,,,,242,463.7,18.5
175,1410.73,77.77,105.6212,75.218,27,126,Snowy,50,50,1,2,0,0,2.4,9,Edhellon,25,Shoroughia,4,HUMANS,,,,242,411.6,16.5
176,1402.7,84.4,104.095,73.9578,27,114,Snowy,50,50,1,0,0,0,4.783,9,Edhellon,25,Shoroughia,4,HUMANS,,,,242,430.4,17.2
177,1417.9,87.5,106.9839,73.3685,27,180,Snowy,50,50,1,2,0,0,3.394,9,Edhellon,25,Shoroughia,4,HUMANS,,,,242,345.1,13.8
178,1433.72,75.67,109.9906,75.6171,10,200,Marine,10,0,0,0,0,0,0,0,Neutrals,0,,0,Wildlands,,,,,,
179,1442.95,86.32,111.7449,73.5928,26,206,Temperate deciduous forest,70,100,1,1,0,0,8.523,9,Edhellon,25,Shoroughia,4,HUMANS,,,,242,280.7,11.2
180,1434.1,91.8,110.0629,72.5512,26,167,Snowy,50,50,1,1,0,0,4.219,9,Edhellon,25,Shoroughia,4,HUMANS,,,,242,250.6,10.0
181,1458.2,80.5,114.6433,74.699,26,343,Temperate deciduous forest,70,100,1,4,0,29,12.676,9,Edhellon,25,Shoroughia,4,HUMANS,,,,242,157.9,6.3
182,1473.53,74.77,117.5569,75.7882,23,207,Temperate deciduous forest,70,100,1,4,0,0,8.138,9,Edhellon,25,Shoroughia,4,HUMANS,,,,242,230.7,9.2
183,1478.04,84.56,118.414,73.9273,23,222,Temperate deciduous forest,70,100,1,1,0,13,13.75,9,Edhellon,25,Shoroughia,4,HUMANS,,,,242,147.7,5.9
184,1491.1,91.6,120.8962,72.5892,23,229,Snowy,50,50,1,2,210,57,5.497,9,Edhellon,25,Shoroughia,4,HUMANS,,,,242,198.3,7.9
185,1506.68,80.67,123.8573,74.6667,8,301,Marine,10,0,0,0,0,0,0,0,Neutrals,0,,0,Wildlands,,,,,,
186,1520.76,79.25,126.5333,74.9366,11,269,Marine,10,0,0,0,0,0,0,0,Neutrals,0,,0,Wildlands,,,,,,
187,1533.1,76.6,128.8787,75.4403,11,259,Marine,10,0,0,0,0,0,0,0,Neutrals,0,,0,Wildlands,,,,,,
188,1545.49,73.99,131.2335,75.9364,8,177,Marine,10,0,0,0,0,0,0,0,Neutrals,0,,0,Wildlands,,,,,,
189,1550.62,78.48,132.2085,75.083,10,224,Marine,10,0,0,0,0,0,0,0,Neutrals,0,,0,Wildlands,,,,,,
190,1551.9,91.7,132.4518,72.5702,10,243,Marine,10,0,0,0,0,0,0,0,Neutrals,0,,0,Wildlands,,,,,,
191,1581.78,78.14,138.1307,75.1476,10,3892,Marine,10,0,0,0,0,0,0,0,Neutrals,0,,0,Wildlands,,,,,,
192,436.07,102.66,-79.6212,70.487,0,3521,Marine,10,0,0,0,0,0,0,0,Neutrals,0,,0,Wildlands,,,,,,
193,471.17,91.5,-72.9501,72.6082,2,1755,Marine,10,0,0,0,0,0,0,0,Neutrals,0,,0,Wildlands,,,,,,
194,491.85,100.01,-69.0197,70.9907,0,227,Marine,10,0,0,0,0,0,0,0,Neutrals,0,,0,Wildlands,,,,,,
195,504.7,96.3,-66.5775,71.6959,0,239,Marine,10,0,0,0,0,0,0,0,Neutrals,0,,0,Wildlands,,,,,,
196,517.63,92.49,-64.12,72.4201,2,454,Marine,10,0,0,0,0,0,0,0,Neutrals,0,,0,Wildlands,,,,,,
197,515.0,105.1,-64.6199,70.0232,2,201,Marine,10,0,0,0,0,0,0,0,Neutrals,0,,0,Wildlands,,,,,,
198,1012.3,101.67,29.8962,70.6752,6,1235,Marine,10,0,0,0,0,0,0,0,Neutrals,0,,0,Wildlands,,,,,,
199,1032.69,99.46,33.7715,71.0952,6,254,Marine,10,0,0,0,0,0,0,0,Neutrals,0,,0,Wildlands,,,,,,
200,1045.9,98.4,36.2822,71.2967,6,225,Marine,10,0,0,0,0,0,0,0,Neutrals,0,,0,Wildlands,,,,,,
201,1059.13,97.42,38.7966,71.483,6,228,Marine,10,0,0,0,0,0,0,0,Neutrals,0,,0,Wildlands,,,,,,
202,1069.38,99.92,40.7447,71.0078,6,304,Marine,10,0,0,0,0,0,0,0,Neutrals,0,,0,Wildlands,,,,,,
203,1082.6,103.1,43.2573,70.4034,6,398,Marine,10,0,0,0,0,0,0,0,Neutrals,0,,0,Wildlands,,,,,,
204,1095.74,106.26,45.7547,69.8027,6,263,Marine,10,0,0,0,0,0,0,0,Neutrals,0,,0,Wildlands,,,,,,
205,1105.33,95.79,47.5773,71.7928,6,320,Marine,10,0,0,0,0,0,0,0,Neutrals,0,,0,Wildlands,,,,,,
206,1125.49,103.77,51.4089,70.276,23,212,Snowy,50,50,1,3,261,52,5.216,9,Edhellon,22,Chichbridia,4,HUMANS,,,,344,1832.6,73.3
207,1114.5,113.7,49.3202,68.3886,23,249,Snowy,50,50,1,2,232,580,9.88,9,Edhellon,22,Chichbridia,4,HUMANS,,,,344,1877.4,75.1
208,1136.3,101.1,53.4635,70.7835,23,199,Snowy,50,50,1,1,0,0,5.428,9,Edhellon,22,Chichbridia,4,HUMANS,,,,344,1759.4,70.4
209,1147.01,98.4,55.499,71.2967,23,195,Snowy,50,50,1,1,0,23,5.319,9,Edhellon,22,Chichbridia,4,HUMANS,,,,344,1712.7,68.5
210,1157.75,106.82,57.5402,69.6963,25,149,Snowy,50,50,1,1,0,0,4.309,9,Edhellon,22,Chichbridia,7,GODLINGS,,,,344,1637.6,65.5
211,1165.5,115.6,59.0132,68.0275,25,190,Snowy,50,50,1,0,0,21,3.989,9,Edhellon,22,Chichbridia,4,HUMANS,,,,344,1573.2,62.9
212,1171.3,99.4,60.1155,71.1067,25,205,Snowy,50,50,1,2,0,21,4.214,9,Edhellon,22,Chichbridia,4,HUMANS,,,,344,1582.8,63.3
213,1184.76,91.88,62.6737,72.536,25,264,Snowy,50,50,1,6,0,0,5.441,9,Edhellon,22,Chichbridia,4,HUMANS,,,,344,1613.5,64.5
214,1179.0,108.1,61.5789,69.453,25,199,Snowy,50,50,1,1,0,21,5.535,9,Edhellon,22,Chichbridia,4,HUMANS,,,,344,1518.9,60.8
215,1193.01,104.0,64.2417,70.2323,10,199,Marine,10,0,0,0,0,0,0,0,Neutrals,0,,0,Wildlands,,,,,,
216,1201.6,98.5,65.8743,71.2777,10,186,Marine,10,0,0,0,0,0,0,0,Neutrals,0,,0,Wildlands,,,,,,
217,1210.23,93.07,67.5145,72.3098,10,144,Marine,10,0,0,0,0,0,0,0,Neutrals,0,,0,Wildlands,,,,,,
218,1223.4,99.3,70.0175,71.1257,10,168,Marine,10,0,0,0,0,0,0,0,Neutrals,0,,0,Wildlands,,,,,,
219,1215.6,103.6,68.5351,70.3083,10,158,Marine,10,0,0,0,0,0,0,0,Neutrals,0,,0,Wildlands,,,,,,
220,1236.58,105.44,72.5225,69.9586,10,120,Marine,10,0,0,0,0,0,0,0,Neutrals,0,,0,Wildlands,,,,,,
221,1246.0,91.82,74.3129,72.5474,26,159,Snowy,50,50,1,2,0,0,6.825,9,Edhellon,21,Staple,4,HUMANS,,,,344,320.5,12.8
222,1242.7,102.0,73.6857,70.6125,26,160,Snowy,50,50,1,2,196,66,4.955,9,Edhellon,21,Staple,4,HUMANS,,,,344,273.4,10.9
223,1264.08,98.9,77.7491,71.2017,30,322,Snowy,50,50,1,0,0,0,5.625,9,Edhellon,21,Staple,4,HUMANS,,,,344,213.7,8.5
224,1285.86,91.87,81.8886,72.5379,37,340,Snowy,50,50,1,2,0,0,6.3,9,Edhellon,21,Staple,7,GODLINGS,,,,344,223.7,8.9
225,1302.25,93.06,85.0037,72.3117,28,195,Snowy,50,50,1,1,0,15,4.935,9,Edhellon,21,Staple,7,GODLINGS,,,,344,228.8,9.2
226,1311.8,94.6,86.8187,72.019,28,151,Snowy,50,50,1,2,252,35,4.04,9,Edhellon,21,Staple,4,HUMANS,,,,344,294.0,11.8
227,1321.38,96.1,88.6395,71.7339,27,140,Snowy,50,50,1,2,224,30,5.85,9,Edhellon,26,Gathersbia,4,HUMANS,,,,344,347.3,13.9
228,1329.8,103.5,90.2398,70.3273,27,175,Snowy,50,50,1,1,0,43,4.964,9,Edhellon,25,Shoroughia,8,SHIFTERS,,,,344,345.8,13.8
229,1348.88,96.4,93.8661,71.6769,30,248,Snowy,50,50,1,5,0,0,4.763,9,Edhellon,25,Shoroughia,8,SHIFTERS,,,,344,466.2,18.6
230,1355.46,104.28,95.1167,70.1791,34,119,Snowy,50,50,1,0,0,0,2.046,9,Edhellon,25,Shoroughia,4,HUMANS,,,,344,482.0,19.3
231,1346.8,107.5,93.4708,69.5671,34,93,Snowy,50,50,1,0,0,15,1.551,9,Edhellon,25,Shoroughia,8,SHIFTERS,,,,344,431.2,17.2
232,1365.5,104.2,97.0249,70.1943,34,142,Snowy,50,50,1,1,0,13,3.631,9,Edhellon,25,Shoroughia,4,HUMANS,,,,344,537.2,21.5
233,1375.54,104.17,98.933,70.2,35,167,Snowy,50,50,1,2,0,1,4.746,9,Edhellon,25,Shoroughia,4,HUMANS,,,,344,593.8,23.8
234,1368.6,110.3,97.614,69.0348,35,118,Snowy,50,50,1,1,0,1,3.382,9,Edhellon,25,Shoroughia,4,HUMANS,,,,344,546.4,21.9
235,1385.2,97.6,100.769,71.4488,35,230,Snowy,50,50,1,2,0,1,4.257,9,Edhellon,25,Shoroughia,4,HUMANS,,,,242,546.2,21.8
236,1394.76,91.09,102.586,72.6862,32,167,Snowy,50,50,1,0,125,171,3.656,9,Edhellon,25,Shoroughia,4,HUMANS,,,,242,477.9,19.1
237,1401.2,103.3,103.8099,70.3654,32,206,Snowy,50,50,1,1,125,170,7.801,9,Edhellon,25,Shoroughia,4,HUMANS,,,,242,451.4,18.1
238,1409.05,96.41,105.3019,71.675,35,146,Snowy,50,50,1,0,0,0,2.557,9,Edhellon,25,Shoroughia,4,HUMANS,,,,242,382.0,15.3
239,1425.16,97.31,108.3637,71.5039,33,173,Snowy,50,50,1,0,0,0,3.017,9,Edhellon,25,Shoroughia,4,HUMANS,,,,242,288.8,11.6
240,1416.4,106.4,106.6988,69.7761,33,173,Snowy,50,50,1,0,0,0,2.983,9,Edhellon,25,Shoroughia,4,HUMANS,,,,242,358.2,14.3
241,1445.69,100.17,112.2656,70.9603,32,262,Temperate deciduous forest,70,100,1,0,0,29,9.035,9,Edhellon,25,Shoroughia,4,HUMANS,,,,242,172.0,6.9
242,1465.98,99.48,116.1219,71.0914,28,317,Temperate deciduous forest,70,100,1,0,0,13,11.182,9,Edhellon,25,Shoroughia,4,HUMANS,9,Edhellon,901068,242,0.0,0.0
243,1481.72,98.78,119.1135,71.2245,25,265,Temperate deciduous forest,70,100,1,0,210,57,9.63,9,Edhellon,25,Shoroughia,4,HUMANS,,,,242,133.3,5.3
244,1504.07,98.6,123.3613,71.2587,23,227,Snowy,50,50,1,1,0,28,6.655,9,Edhellon,25,Shoroughia,4,HUMANS,,,,242,256.2,10.2
245,1509.2,106.5,124.3363,69.7571,23,140,Snowy,50,50,1,0,0,0,2.456,9,Edhellon,25,Shoroughia,4,HUMANS,,,,242,308.1,12.3
246,1519.73,100.32,126.3376,70.9318,23,234,Snowy,50,50,1,3,0,0,5.032,9,Edhellon,25,Shoroughia,4,HUMANS,,,,242,342.9,13.7
247,1532.5,95.9,128.7646,71.7719,23,239,Snowy,50,50,1,4,0,0,4.889,9,Edhellon,25,Shoroughia,4,HUMANS,,,,242,417.2,16.7
248,1545.33,91.39,131.2031,72.6291,23,163,Snowy,50,50,1,6,0,3,3.273,9,Edhellon,25,Shoroughia,4,HUMANS,,,,242,492.0,19.7
249,1553.13,104.98,132.6855,70.046,10,470,Marine,10,0,0,0,0,0,0,0,Neutrals,0,,0,Wildlands,,,,,,
250,1542.4,109.9,130.6462,69.1109,10,216,Marine,10,0,0,0,0,0,0,0,Neutrals,0,,0,Wildlands,,,,,,
251,1580.29,98.05,137.8475,71.3633,10,3319,Marine,10,0,0,0,0,0,0,0,Neutrals,0,,0,Wildlands,,,,,,
252,421.46,121.3,-82.398,66.944,0,3019,Marine,10,0,0,0,0,0,0,0,Neutrals,0,,0,Wildlands,,,,,,
253,441.28,116.96,-78.631,67.769,7,209,Marine,10,0,0,0,0,0,0,0,Neutrals,0,,0,Wildlands,,,,,,
254,437.2,128.6,-79.4064,65.5565,7,284,Marine,10,0,0,0,0,0,0,0,Neutrals,0,,0,Wildlands,,,,,,
255,452.1,114.1,-76.5746,68.3126,7,294,Marine,10,0,0,0,0,0,0,0,Neutrals,0,,0,Wildlands,,,,,,
256,462.9,111.17,-74.5219,68.8695,9,262,Marine,10,0,0,0,0,0,0,0,Neutrals,0,,0,Wildlands,,,,,,
257,472.2,112.2,-72.7544,68.6737,9,202,Marine,10,0,0,0,0,0,0,0,Neutrals,0,,0,Wildlands,,,,,,
258,481.59,113.24,-70.9697,68.476,1,173,Marine,10,0,0,0,0,0,0,0,Neutrals,0,,0,Wildlands,,,,,,
259,495.24,110.51,-68.3754,68.9949,31,183,Coastal,50,50,1,5,0,57,4.908,5,Kel'Esta,2,Ar'lond,4,HUMANS,,,,315,148.7,5.9
260,496.0,124.0,-68.231,66.4308,31,174,Coastal,50,50,1,1,0,84,6.47,5,Kel'Esta,2,Ar'lond,4,HUMANS,,,,315,74.4,3.0
261,489.1,120.5,-69.5424,67.0961,31,107,Coastal,50,50,1,1,0,57,3.933,5,Kel'Esta,2,Ar'lond,4,HUMANS,,,,315,116.9,4.7
262,512.41,117.66,-65.1121,67.6359,18,270,Marine,10,0,0,0,0,0,0,0,Neutrals,0,,0,Wildlands,,,,,,
263,525.2,130.2,-62.6813,65.2524,18,339,Marine,10,0,0,0,0,0,0,0,Neutrals,0,,0,Wildlands,,,,,,
264,530.9,109.58,-61.598,69.1717,10,891,Marine,10,0,0,0,0,0,0,0,Neutrals,0,,0,Wildlands,,,,,,
265,1018.96,116.64,31.162,67.8298,6,382,Marine,10,0,0,0,0,0,0,0,Neutrals,0,,0,Wildlands,,,,,,
266,1029.93,114.99,33.2469,68.1434,8,170,Marine,10,0,0,0,0,0,0,0,Neutrals,0,,0,Wildlands,,,,,,
267,1031.8,124.7,33.6023,66.2978,8,189,Marine,10,0,0,0,0,0,0,0,Neutrals,0,,0,Wildlands,,,,,,
268,1045.21,113.24,36.151,68.476,23,215,Snowy,50,50,1,5,0,40,4.357,9,Edhellon,22,Chichbridia,4,HUMANS,,,,344,2307.6,92.3
269,1055.4,118.4,38.0877,67.4952,23,177,Snowy,50,50,1,2,0,40,3.702,9,Edhellon,22,Chichbridia,4,HUMANS,,,,344,2244.8,89.8
270,1065.54,123.63,40.0149,66.5012,23,163,Snowy,50,50,1,1,0,30,4.746,9,Edhellon,22,Chichbridia,4,HUMANS,,,,344,2182.0,87.3
271,1079.6,124.2,42.6871,66.3928,23,287,Snowy,50,50,1,3,259,92,7.964,9,Edhellon,22,Chichbridia,4,HUMANS,,,,344,2104.6,84.2
272,1093.73,124.75,45.3727,66.2883,24,201,Snowy,50,50,1,1,0,30,5.509,9,Edhellon,22,Chichbridia,4,HUMANS,,,,344,2014.9,80.6
273,1103.52,123.58,47.2333,66.5107,24,152,Snowy,50,50,1,1,0,28,4.091,9,Edhellon,22,Chichbridia,4,HUMANS,,,,344,1960.6,78.4
274,1113.7,127.9,49.1681,65.6895,24,136,Taiga,200,18,1,0,0,28,0.921,9,Edhellon,22,Chichbridia,4,HUMANS,,,,344,2198.1,87.9
275,1131.14,112.22,52.4827,68.6699,25,200,Snowy,50,50,1,0,261,52,3.806,9,Edhellon,22,Chichbridia,7,GODLINGS,,,,344,1785.5,71.4
276,1135.56,124.5,53.3228,66.3358,31,231,Snowy,50,50,1,0,0,24,3.938,9,Edhellon,22,Chichbridia,7,GODLINGS,,,,344,1772.5,70.9
277,1156.43,111.67,57.2893,68.7744,30,219,Snowy,50,50,1,0,0,23,3.75,9,Edhellon,22,Chichbridia,7,GODLINGS,58,Wynt,422171,344,1634.3,65.4
278,1173.3,124.37,60.4956,66.3605,33,153,Snowy,50,50,1,0,0,21,6.969,9,Edhellon,22,Chichbridia,4,HUMANS,,,,344,1508.6,60.3
279,1169.4,133.5,59.7544,64.6251,33,172,Snowy,50,50,1,0,0,21,3.244,9,Edhellon,22,Chichbridia,4,HUMANS,,,,344,1510.0,60.4
280,1187.8,122.1,63.2515,66.792,33,189,Snowy,50,50,1,1,143,389,8.012,9,Edhellon,21,Staple,4,HUMANS,,,,344,1427.9,57.1
281,1181.8,133.1,62.1111,64.7012,33,145,Snowy,50,50,1,0,143,368,4.434,9,Edhellon,21,Staple,4,HUMANS,,,,344,1441.8,57.7
282,1202.21,119.82,65.9902,67.2253,35,223,Snowy,50,50,1,6,0,19,4.144,9,Edhellon,21,Staple,4,HUMANS,,,,344,1417.6,56.7
283,1196.3,130.8,64.867,65.1383,35,154,Snowy,50,50,1,1,0,19,4.091,9,Edhellon,21,Staple,4,HUMANS,,,,344,1349.0,54.0
284,1220.95,114.14,69.5519,68.305,10,189,Marine,10,0,0,0,0,0,0,0,Neutrals,0,,0,Wildlands,,,,,,
285,1214.7,124.5,68.364,66.3358,10,173,Marine,10,0,0,0,0,0,0,0,Neutrals,0,,0,Wildlands,,,,,,
286,1239.46,112.19,73.0699,68.6756,34,151,Snowy,50,50,1,2,0,30,8.714,9,Edhellon,21,Staple,4,HUMANS,,,,344,258.6,10.3
287,1233.1,122.9,71.8611,66.6399,34,204,Snowy,50,50,1,2,0,47,5.155,9,Edhellon,21,Staple,4,HUMANS,,,,344,269.1,10.8
288,1249.44,122.6,74.9667,66.6969,38,229,Snowy,50,50,1,0,0,19,4.623,9,Edhellon,21,Staple,4,HUMANS,,,,344,179.2,7.2
289,1264.27,111.7,77.7852,68.7687,37,331,Snowy,50,50,1,0,196,47,5.523,9,Edhellon,21,Staple,4,HUMANS,,,,344,143.3,5.7
290,1290.8,117.18,82.8275,67.7271,38,391,Snowy,50,50,1,0,0,15,6.563,9,Edhellon,21,Staple,4,HUMANS,,,,344,81.9,3.3
291,1305.96,117.32,85.7088,67.7005,25,338,Snowy,50,50,1,0,252,35,6.075,9,Edhellon,21,Staple,4,HUMANS,,,,344,177.3,7.1
292,1320.34,111.62,88.4418,68.7839,32,319,Snowy,50,50,1,0,224,30,5.642,9,Edhellon,26,Gathersbia,4,HUMANS,,,,344,277.3,11.1
293,1338.14,110.81,91.8249,68.9379,34,222,Snowy,50,50,1,0,0,28,3.529,9,Edhellon,25,Shoroughia,8,SHIFTERS,,,,344,380.2,15.2
294,1349.9,113.6,94.0599,68.4076,34,149,Snowy,50,50,1,0,0,15,2.659,9,Edhellon,25,Shoroughia,4,HUMANS,,,,344,446.6,17.9
295,1361.58,116.46,96.2798,67.864,37,160,Snowy,50,50,1,0,0,13,2.727,9,Edhellon,25,Shoroughia,4,HUMANS,63,Dunsleley,468,344,495.0,19.8
296,1384.26,118.64,100.5904,67.4496,0,236,Marine,10,0,0,0,0,169,0,0,Neutrals,0,,0,Wildlands,,,,,,
297,1388.78,124.46,101.4494,66.3434,13,148,Marine,10,0,0,0,0,0,0,0,Neutrals,0,,0,Wildlands,,,,,,
298,1407.54,115.57,105.0149,68.0332,37,224,Snowy,50,50,1,1,0,16,5.919,9,Edhellon,25,Shoroughia,4,HUMANS,,,,242,419.5,16.8
299,1401.5,124.9,103.867,66.2598,37,200,Snowy,50,50,1,2,125,52,6.785,9,Edhellon,25,Shoroughia,4,HUMANS,,,,242,492.7,19.7
300,1428.92,114.61,109.0784,68.2156,36,313,Snowy,50,50,1,0,0,29,5.216,9,Edhellon,25,Shoroughia,4,HUMANS,,,,242,298.9,12.0
301,1452.64,111.83,113.5865,68.744,34,285,Temperate deciduous forest,70,100,1,0,0,13,16.518,9,Edhellon,25,Shoroughia,4,HUMANS,,,,242,161.0,6.4
302,1465.65,119.14,116.0592,67.3546,33,400,Snowy,50,50,1,0,210,57,7.332,9,Edhellon,25,Shoroughia,4,HUMANS,,,,242,133.7,5.3
303,1490.92,116.76,120.862,67.807,29,335,Snowy,50,50,1,0,0,28,6.188,9,Edhellon,25,Shoroughia,4,HUMANS,,,,242,255.5,10.2
304,1509.69,118.12,124.4294,67.5485,23,171,Snowy,50,50,1,0,0,14,3.225,9,Edhellon,25,Shoroughia,4,HUMANS,,,,242,359.0,14.4
305,1514.3,114.35,125.3056,68.265,23,109,Snowy,50,50,1,1,0,24,3.164,9,Edhellon,25,Shoroughia,4,HUMANS,,,,242,359.5,14.4
306,1521.1,122.6,126.598,66.6969,23,171,Taiga,200,18,1,1,0,10,2.593,9,Edhellon,25,Shoroughia,4,HUMANS,,,,242,594.7,23.8
307,1531.76,114.91,128.624,68.1586,10,211,Marine,10,0,0,0,0,0,0,0,Neutrals,0,,0,Wildlands,,,,,,
308,1543.1,128.3,130.7792,65.6135,10,322,Marine,10,0,0,0,0,0,0,0,Neutrals,0,,0,Wildlands,,,,,,
309,433.05,140.25,-80.1952,63.3421,9,336,Marine,10,0,0,0,0,0,0,0,Neutrals,0,,0,Wildlands,,,,,,
310,466.13,136.83,-73.908,63.9922,30,232,Coastal,50,50,1,3,198,146,8.639,5,Kel'Esta,2,Ar'lond,4,HUMANS,,,,315,193.3,7.7
311,460.7,146.0,-74.9401,62.2492,30,215,Coastal,50,50,1,2,183,121,7.94,5,Kel'Esta,2,Ar'lond,4,HUMANS,,,,315,219.0,8.8
312,474.6,133.6,-72.2982,64.6061,30,164,Coastal,50,50,1,2,197,101,6.066,5,Kel'Esta,2,Ar'lond,4,HUMANS,,,,315,143.5,5.7
313,483.0,130.4,-70.7018,65.2144,34,143,Coastal,50,50,1,2,0,36,3.664,5,Kel'Esta,2,Ar'lond,4,HUMANS,,,,315,85.2,3.4
314,489.1,140.0,-69.5424,63.3897,34,159,Coastal,50,50,1,0,197,36,3.63,5,Kel'Esta,2,Ar'lond,4,HUMANS,,,,315,56.3,2.3
315,496.76,137.5,-68.0865,63.8648,35,139,Coastal,50,50,1,0,0,27,3.148,5,Kel'Esta,2,Ar'lond,4,HUMANS,13,Ar'lond,143046,315,0.0,0.0
316,509.38,138.47,-65.688,63.6805,36,291,Coastal,50,50,1,4,0,32,7.43,5,Kel'Esta,2,Ar'lond,4,HUMANS,,,,315,71.4,2.9
317,538.06,142.81,-60.2371,62.8555,10,220,Marine,10,0,0,0,0,0,0,0,Neutrals,0,,0,Wildlands,,,,,,
318,546.36,132.76,-58.6596,64.7658,10,1460,Marine,10,0,0,0,0,0,0,0,Neutrals,0,,0,Wildlands,,,,,,
319,627.84,130.23,-43.1737,65.2467,0,3738,Marine,10,0,0,0,0,0,0,0,Neutrals,0,,0,Wildlands,,,,,,
320,659.69,140.72,-37.1203,63.2528,1,600,Marine,10,0,0,0,0,0,0,0,Neutrals,0,,0,Wildlands,,,,,,
321,674.11,129.48,-34.3797,65.3892,10,1364,Marine,10,0,0,0,0,0,0,0,Neutrals,0,,0,Wildlands,,,,,,
322,688.92,128.03,-31.5649,65.6648,10,1614,Marine,10,0,0,0,0,0,0,0,Neutrals,0,,0,Wildlands,,,,,,
323,981.62,127.72,24.0652,65.7238,10,2361,Marine,10,0,0,0,0,0,0,0,Neutrals,0,,0,Wildlands,,,,,,
324,1012.72,139.75,29.976,63.4372,6,310,Marine,10,0,0,0,0,0,0,0,Neutrals,0,,0,Wildlands,,,,,,
325,1033.64,134.46,33.952,64.4427,10,206,Marine,10,0,0,0,0,0,0,0,Neutrals,0,,0,Wildlands,,,,,,
326,1024.7,141.4,32.2529,63.1235,10,229,Marine,10,0,0,0,0,0,0,0,Neutrals,0,,0,Wildlands,,,,,,
327,1052.99,127.51,37.6297,65.7637,23,206,Snowy,50,50,1,2,0,45,4.194,9,Edhellon,22,Chichbridia,4,HUMANS,,,,344,2254.3,90.2
328,1049.3,142.9,36.9284,62.8384,23,361,Taiga,200,18,1,1,199,113,8.592,9,Edhellon,22,Chichbridia,4,HUMANS,,,,344,2614.4,104.6
329,1066.93,129.44,40.2791,65.3968,26,232,Snowy,50,50,1,0,259,35,4.257,9,Edhellon,22,Chichbridia,4,HUMANS,,,,344,2185.7,87.4
330,1093.89,139.71,45.4031,63.4448,35,222,Taiga,200,18,1,1,0,28,3.699,9,Edhellon,22,Chichbridia,4,HUMANS,,,,344,2434.5,97.4
331,1087.7,148.2,44.2266,61.831,35,168,Taiga,200,18,1,2,0,28,2.761,9,Edhellon,22,Chichbridia,4,HUMANS,,,,344,2665.7,106.6
332,1107.13,133.51,47.9194,64.6232,33,199,Taiga,200,18,1,2,0,27,7.463,9,Edhellon,22,Chichbridia,4,HUMANS,,,,344,2245.4,89.8
333,1123.82,132.26,51.0915,64.8608,31,252,Taiga,200,18,1,2,232,552,9.057,9,Edhellon,22,Chichbridia,4,HUMANS,,,,344,2094.1,83.8
334,1139.0,134.22,53.9766,64.4883,36,257,Taiga,200,18,1,2,0,21,4.398,9,Edhellon,22,Chichbridia,4,HUMANS,,,,344,2027.6,81.1
335,1152.3,138.5,56.5044,63.6748,36,306,Taiga,200,18,1,2,0,21,5.131,9,Edhellon,22,Chichbridia,4,HUMANS,,,,344,1931.3,77.3
336,1165.55,142.7,59.0227,62.8765,36,182,Taiga,200,18,1,2,0,21,3.319,9,Edhellon,22,Chichbridia,4,HUMANS,,,,344,1745.9,69.8
337,1186.89,142.17,63.0785,62.9772,37,174,Taiga,200,18,1,0,143,328,2.562,9,Edhellon,21,Staple,4,HUMANS,,,,344,1675.1,67.0
338,1190.3,141.87,63.7266,63.0342,37,147,Taiga,200,18,1,0,0,19,1.002,9,Edhellon,21,Staple,4,HUMANS,,,,344,1587.8,63.5
339,1208.45,134.81,67.1762,64.3761,10,167,Marine,10,0,0,0,0,0,0,0,Neutrals,0,,0,Wildlands,,,,,,
340,1226.78,133.7,70.6599,64.5871,38,236,Taiga,200,18,1,1,0,28,8.842,9,Edhellon,21,Staple,4,HUMANS,,,,344,571.9,22.9
341,1219.7,142.1,69.3143,62.9905,38,200,Taiga,200,18,1,2,0,48,1.577,9,Edhellon,21,Staple,4,HUMANS,,,,344,813.6,32.5
342,1248.66,137.92,74.8184,63.785,39,246,Taiga,200,18,1,0,0,17,1.698,9,Edhellon,21,Staple,8,SHIFTERS,,,,344,484.7,19.4
343,1262.2,127.19,77.3918,65.8245,39,274,Snowy,50,50,1,0,0,16,4.858,9,Edhellon,21,Staple,7,GODLINGS,,,,344,104.7,4.2
344,1281.18,128.55,80.9991,65.566,39,340,Snowy,50,50,1,0,0,14,5.932,9,Edhellon,21,Staple,4,HUMANS,18,Brynja,71544,344,0.0,0.0
345,1307.58,137.58,86.0167,63.8496,39,327,Snowy,50,50,1,0,0,14,5.438,9,Edhellon,21,Staple,4,HUMANS,,,,344,153.5,6.1
346,1327.76,140.32,89.852,63.3288,39,425,Snowy,50,50,1,0,0,13,7.006,9,Edhellon,21,Staple,8,SHIFTERS,,,,344,265.5,10.6
347,1345.18,131.32,93.1629,65.0395,39,433,Snowy,50,50,1,0,0,13,7.552,9,Edhellon,25,Shoroughia,4,HUMANS,,,,344,373.3,14.9
348,1366.68,128.66,97.2491,65.5451,39,294,Snowy,50,50,1,2,0,11,8.607,9,Edhellon,25,Shoroughia,4,HUMANS,,,,344,492.5,19.7
349,1373.06,142.76,98.4617,62.865,39,156,Snowy,50,50,1,0,0,16,3.604,9,Edhellon,25,Shoroughia,4,HUMANS,,,,344,577.6,23.1
350,1384.2,138.5,100.5789,63.6748,39,201,Snowy,50,50,1,1,0,16,14.607,9,Edhellon,25,Shoroughia,4,HUMANS,,,,344,603.0,24.1
351,1395.42,134.31,102.7114,64.4712,39,161,Snowy,50,50,1,1,124,49,9.307,9,Edhellon,25,Shoroughia,4,HUMANS,,,,242,557.4,22.3
352,1412.61,141.01,105.9785,63.1977,39,247,Snowy,50,50,1,0,125,36,4.262,9,Edhellon,25,Shoroughia,4,HUMANS,,,,242,499.3,20.0
353,1428.12,129.27,108.9263,65.4291,39,325,Snowy,50,50,1,0,0,14,5.506,9,Edhellon,25,Shoroughia,4,HUMANS,,,,242,380.3,15.2
354,1447.96,131.63,112.6971,64.9806,38,415,Snowy,50,50,1,0,0,24,7.16,9,Edhellon,25,Shoroughia,4,HUMANS,,,,242,267.7,10.7
355,1471.42,141.82,117.1558,63.0437,37,384,Taiga,200,18,1,0,0,20,2.687,9,Edhellon,25,Shoroughia,8,SHIFTERS,,,,242,700.0,28.0
356,1489.29,129.82,120.5522,65.3246,34,331,Taiga,200,18,1,0,0,13,2.318,9,Edhellon,25,Shoroughia,4,HUMANS,,,,242,581.3,23.3
357,1502.77,133.54,123.1142,64.6175,32,383,Taiga,200,18,1,0,223,33,2.618,9,Edhellon,25,Shoroughia,4,HUMANS,,,,242,753.3,30.1
358,1527.97,130.89,127.9037,65.1212,23,215,Taiga,200,18,1,2,223,43,3.252,9,Edhellon,25,Shoroughia,4,HUMANS,,,,242,843.6,33.7
359,1539.15,140.74,130.0285,63.249,23,213,Taiga,200,18,1,3,177,82,7.466,9,Edhellon,24,Staplia,4,HUMANS,,,,242,1171.4,46.9
360,1554.47,141.63,132.9402,63.0798,10,519,Marine,10,0,0,0,0,0,0,0,Neutrals,0,,0,Wildlands,,,,,,
361,407.23,149.5,-85.1025,61.5839,10,1172,Marine,10,0,0,0,0,0,0,0,Neutrals,0,,0,Wildlands,,,,,,
362,415.84,148.99,-83.4661,61.6809,14,335,Marine,10,0,0,0,0,0,0,0,Neutrals,0,,0,Wildlands,,,,,,
363,435.51,158.0,-79.7276,59.9683,6,218,Marine,10,0,0,0,0,0,0,0,Neutrals,0,,0,Wildlands,,,,,,
364,430.4,166.0,-80.6988,58.4477,6,148,Marine,10,0,0,0,0,0,0,0,Neutrals,0,,0,Wildlands,,,,,,
365,455.31,155.07,-75.9645,60.5252,32,203,Coastal,50,50,1,2,0,53,5.707,5,Kel'Esta,2,Ar'lond,4,HUMANS,,,,315,279.9,11.2
366,445.5,163.4,-77.8289,58.9419,32,228,Coastal,50,50,1,1,0,53,13.896,5,Kel'Esta,2,Ar'lond,4,HUMANS,,,,315,350.7,14.0
367,470.55,144.93,-73.068,62.4526,35,233,Barrens,50,50,1,0,198,81,5.964,5,Kel'Esta,2,Ar'lond,4,HUMANS,,,,315,164.5,6.6
368,495.24,149.52,-68.3754,61.5801,37,203,Coastal,50,50,1,0,0,27,4.572,5,Kel'Esta,2,Ar'lond,4,HUMANS,,,,315,70.0,2.8
369,504.0,156.2,-66.7105,60.3105,37,206,Coastal,50,50,1,1,0,27,7.306,5,Kel'Esta,2,Ar'lond,4,HUMANS,,,,315,130.6,5.2
370,516.31,158.47,-64.3709,59.879,15,180,Marine,10,0,0,0,0,0,0,0,Neutrals,0,,0,Wildlands,,,,,,
371,530.49,150.07,-61.6759,61.4756,10,245,Marine,10,0,0,0,0,0,0,0,Neutrals,0,,0,Wildlands,,,,,,
372,547.93,158.33,-58.3613,59.9056,0,374,Marine,10,0,0,0,0,0,0,0,Neutrals,0,,0,Wildlands,,,,,,
373,574.79,158.57,-53.2563,59.86,0,618,Marine,10,0,0,0,0,0,0,0,Neutrals,0,,0,Wildlands,,,,,,
374,600.48,153.42,-48.3737,60.8389,0,932,Marine,10,0,0,0,0,0,0,0,Neutrals,0,,0,Wildlands,,,,,,
375,614.02,158.26,-45.8003,59.9189,0,187,Marine,10,0,0,0,0,0,0,0,Neutrals,0,,0,Wildlands,,,,,,
376,633.83,153.13,-42.0352,60.894,0,267,Marine,10,0,0,0,0,0,0,0,Neutrals,0,,0,Wildlands,,,,,,
377,642.7,156.4,-40.3494,60.2724,0,173,Marine,10,0,0,0,0,0,0,0,Neutrals,0,,0,Wildlands,,,,,,
378,623.5,158.3,-43.9985,59.9113,0,233,Marine,10,0,0,0,0,0,0,0,Neutrals,0,,0,Wildlands,,,,,,
379,651.59,159.63,-38.6598,59.6585,0,156,Marine,10,0,0,0,0,0,0,0,Neutrals,0,,0,Wildlands,,,,,,
380,675.49,156.42,-34.1174,60.2686,18,374,Marine,10,0,0,0,0,0,0,0,Neutrals,0,,0,Wildlands,,,,,,
381,692.42,158.86,-30.8997,59.8049,18,244,Marine,10,0,0,0,0,0,0,0,Neutrals,0,,0,Wildlands,,,,,,
382,702.3,164.4,-29.0219,58.7518,18,219,Marine,10,0,0,0,0,0,0,0,Neutrals,0,,0,Wildlands,,,,,,
383,705.63,144.92,-28.389,62.4545,10,1759,Marine,10,0,0,0,0,0,0,0,Neutrals,0,,0,Wildlands,,,,,,
384,895.42,147.61,7.6822,61.9432,10,2877,Marine,10,0,0,0,0,0,0,0,Neutrals,0,,0,Wildlands,,,,,,
385,909.41,156.04,10.3411,60.3409,10,622,Marine,10,0,0,0,0,0,0,0,Neutrals,0,,0,Wildlands,,,,,,
386,930.75,160.12,14.3969,59.5654,10,985,Marine,10,0,0,0,0,0,0,0,Neutrals,0,,0,Wildlands,,,,,,
387,960.56,159.22,20.0626,59.7364,10,688,Marine,10,0,0,0,0,0,0,0,Neutrals,0,,0,Wildlands,,,,,,
388,980.27,148.72,23.8086,61.7322,10,360,Marine,10,0,0,0,0,0,0,0,Neutrals,0,,0,Wildlands,,,,,,
389,991.76,147.88,25.9924,61.8919,10,225,Marine,10,0,0,0,0,0,0,0,Neutrals,0,,0,Wildlands,,,,,,
390,987.6,158.2,25.2018,59.9303,10,194,Marine,10,0,0,0,0,0,0,0,Neutrals,0,,0,Wildlands,,,,,,
391,1003.8,148.1,28.2807,61.8501,10,261,Marine,10,0,0,0,0,0,0,0,Neutrals,0,,0,Wildlands,,,,,,
392,1015.77,148.27,30.5557,61.8177,10,259,Marine,10,0,0,0,0,0,0,0,Neutrals,0,,0,Wildlands,,,,,,
393,1040.12,160.55,35.1836,59.4836,38,191,Taiga,200,18,1,3,0,72,1.628,9,Edhellon,22,Chichbridia,7,GODLINGS,,,,344,3202.8,128.1
394,1030.6,169.7,33.3743,57.7445,38,242,Taiga,200,18,1,1,0,84,4.313,9,Edhellon,22,Chichbridia,7,GODLINGS,,,,1820,3357.5,134.3
395,1045.58,158.36,36.2213,59.8999,34,192,Taiga,200,18,1,0,199,48,5.291,9,Edhellon,22,Chichbridia,7,GODLINGS,,,,344,3060.5,122.4
396,1078.19,149.64,42.4192,61.5573,38,300,Taiga,200,18,1,0,0,27,2.093,9,Edhellon,22,Chichbridia,7,GODLINGS,,,,344,2847.1,113.9
397,1081.49,156.77,43.0463,60.2021,39,168,Taiga,200,18,1,1,0,24,6.338,9,Edhellon,22,Chichbridia,7,GODLINGS,,,,344,2921.8,116.9
398,1082.1,170.0,43.1623,57.6874,39,205,Taiga,200,18,1,1,0,24,9.343,9,Edhellon,22,Chichbridia,7,GODLINGS,,,,1820,3087.1,123.5
399,1105.19,155.49,47.5507,60.4454,0,203,Marine,10,0,0,0,0,0,0,0,Neutrals,0,,0,Wildlands,,,,,,
400,1115.7,155.0,49.5482,60.5385,0,153,Marine,10,0,0,0,0,0,0,0,Neutrals,0,,0,Wildlands,,,,,,
401,1117.8,160.1,49.9474,59.5692,0,92,Marine,10,0,0,0,0,0,0,0,Neutrals,0,,0,Wildlands,,,,,,
402,1109.1,167.1,48.2939,58.2386,0,104,Marine,10,0,0,0,0,0,0,0,Neutrals,0,,0,Wildlands,,,,,,
403,1126.24,154.56,51.5515,60.6222,16,224,Marine,10,0,0,0,0,525,0,0,Neutrals,0,,0,Wildlands,,,,,,
404,1140.18,160.93,54.2009,59.4114,0,203,Marine,10,0,0,0,0,0,0,0,Neutrals,0,,0,Wildlands,,,,,,
405,1153.0,157.8,56.6374,60.0063,0,234,Marine,10,0,0,0,0,0,0,0,Neutrals,0,,0,Wildlands,,,,,,
406,1165.73,154.73,59.0569,60.5899,0,129,Marine,10,0,0,0,0,0,0,0,Neutrals,0,,0,Wildlands,,,,,,
407,1171.42,156.94,60.1383,60.1698,39,179,Taiga,200,18,1,1,0,36,8.496,9,Edhellon,21,Staple,4,HUMANS,,,,344,2110.1,84.4
408,1169.9,167.1,59.8494,58.2386,39,142,Taiga,200,18,1,2,0,36,2.55,9,Edhellon,21,Staple,8,SHIFTERS,,,,344,2158.3,86.3
409,1204.65,148.16,66.4539,61.8386,39,239,Taiga,200,18,1,1,0,22,3.651,9,Edhellon,21,Staple,4,HUMANS,,,,344,1243.1,49.7
410,1212.71,150.43,67.9858,61.4072,39,273,Taiga,200,18,1,1,0,28,4.219,9,Edhellon,21,Staple,7,GODLINGS,,,,344,1058.8,42.4
411,1233.67,159.93,71.9694,59.6015,39,391,Taiga,200,18,1,0,0,20,3.426,9,Edhellon,21,Staple,7,GODLINGS,,,,344,1070.6,42.8
412,1251.06,146.39,75.2746,62.1751,39,177,Taiga,200,18,1,0,0,21,1.146,9,Edhellon,21,Staple,8,SHIFTERS,,,,344,678.4,27.1
413,1249.3,159.8,74.9401,59.6262,39,200,Taiga,200,18,1,1,0,42,3.844,9,Edhellon,21,Staple,7,GODLINGS,,,,344,942.0,37.7
414,1262.1,147.5,77.3728,61.9641,39,200,Taiga,200,18,1,1,0,21,3.273,9,Edhellon,21,Staple,8,SHIFTERS,,,,344,551.5,22.1
415,1273.22,148.55,79.4863,61.7645,39,199,Taiga,200,18,1,1,0,21,3.769,9,Edhellon,21,Staple,4,HUMANS,,,,344,473.6,18.9
416,1282.6,163.5,81.269,58.9229,39,399,Taiga,200,18,1,2,0,53,18.318,9,Edhellon,21,Staple,4,HUMANS,,,,344,769.6,30.8
417,1282.0,144.95,81.155,62.4488,39,289,Taiga,200,18,1,0,0,17,2.421,9,Edhellon,21,Staple,4,HUMANS,,,,344,361.3,14.5
418,1305.41,145.39,85.6042,62.3652,39,353,Taiga,200,18,1,0,0,15,3.068,9,Edhellon,21,Staple,4,HUMANS,,,,344,331.8,13.3
419,1320.78,155.82,88.5254,60.3827,39,380,Taiga,200,18,1,0,0,14,2.639,9,Edhellon,21,Staple,7,GODLINGS,,,,344,639.4,25.6
420,1342.91,158.18,92.7314,59.9341,39,319,Taiga,200,18,1,0,141,73,9.418,9,Edhellon,21,Staple,4,HUMANS,,,,344,792.7,31.7
421,1363.43,149.95,96.6314,61.4984,39,345,Taiga,200,18,1,0,141,59,2.366,9,Edhellon,25,Shoroughia,4,HUMANS,,,,344,854.0,34.2
422,1377.96,150.83,99.393,61.3312,39,213,Taiga,200,18,1,0,0,15,6.231,9,Edhellon,25,Shoroughia,4,HUMANS,,,,344,785.3,31.4
423,1400.82,147.55,103.7377,61.9546,39,263,Taiga,200,18,1,0,124,33,2.69,9,Edhellon,25,Shoroughia,4,HUMANS,,,,242,795.9,31.8
424,1414.85,152.31,106.4042,61.0498,39,190,Taiga,200,18,1,0,0,26,1.296,9,Edhellon,25,Shoroughia,7,GODLINGS,,,,242,752.7,30.1
425,1429.9,146.89,109.2646,62.08,39,412,Taiga,200,18,1,0,0,14,2.755,9,Edhellon,25,Shoroughia,4,HUMANS,,,,242,769.9,30.8
426,1456.63,150.05,114.3449,61.4794,39,317,Taiga,200,18,1,0,0,10,2.175,9,Edhellon,25,Shoroughia,7,GODLINGS,,,,242,726.7,29.1
427,1459.57,151.37,114.9037,61.2285,39,259,Taiga,200,18,1,0,0,10,7.146,9,Edhellon,25,Shoroughia,8,SHIFTERS,,,,242,797.6,31.9
428,1484.18,157.08,119.581,60.1432,37,419,Taiga,200,18,1,0,0,23,10.611,9,Edhellon,24,Staplia,4,HUMANS,,,,242,1137.6,45.5
429,1499.47,158.66,122.487,59.8429,34,451,Taiga,200,18,1,0,177,56,3.819,9,Edhellon,24,Staplia,7,GODLINGS,,,,242,1338.6,53.5
430,1524.73,146.98,127.2879,62.0629,25,421,Taiga,200,18,1,0,177,66,4.418,9,Edhellon,24,Staplia,4,HUMANS,,,,242,1222.8,48.9
431,1541.62,157.86,130.498,59.9949,23,230,Taiga,200,18,1,2,0,13,2.342,9,Edhellon,24,Staplia,4,HUMANS,,,,242,1552.0,62.1
432,1542.2,167.1,130.6082,58.2386,23,157,Taiga,200,18,1,2,0,32,1.575,9,Edhellon,24,Staplia,4,HUMANS,,,,242,1755.6,70.2
433,1556.29,147.76,133.2861,61.9147,10,261,Marine,10,0,0,0,0,0,0,0,Neutrals,0,,0,Wildlands,,,,,,
434,1555.1,160.9,133.0599,59.4171,10,239,Marine,10,0,0,0,0,0,0,0,Neutrals,0,,0,Wildlands,,,,,,
435,1578.53,160.11,137.513,59.5673,10,3004,Marine,10,0,0,0,0,0,0,0,Neutrals,0,,0,Wildlands,,,,,,
436,335.47,164.76,-98.7411,58.6834,10,5719,Marine,10,0,0,0,0,0,0,0,Neutrals,0,,0,Wildlands,,,,,,
437,356.05,171.98,-94.8297,57.3111,10,291,Marine,10,0,0,0,0,0,0,0,Neutrals,0,,0,Wildlands,,,,,,
438,362.36,167.15,-93.6304,58.2291,10,1640,Marine,10,0,0,0,0,0,0,0,Neutrals,0,,0,Wildlands,,,,,,
439,396.92,171.04,-87.062,57.4898,15,597,Marine,10,0,0,0,0,0,0,0,Neutrals,0,,0,Wildlands,,,,,,
440,425.25,173.95,-81.6776,56.9366,0,154,Marine,10,0,0,0,0,0,0,0,Neutrals,0,,0,Wildlands,,,,,,
441,427.1,185.1,-81.326,54.8173,0,143,Marine,10,0,0,0,0,0,0,0,Neutrals,0,,0,Wildlands,,,,,,
442,413.8,178.0,-83.8538,56.1668,0,215,Marine,10,0,0,0,0,0,0,0,Neutrals,0,,0,Wildlands,,,,,,
443,435.72,171.69,-79.6877,57.3662,31,152,Coastal,50,50,1,4,0,66,4.329,5,Kel'Esta,2,Ar'lond,4,HUMANS,,,,315,421.2,16.8
444,463.44,164.26,-74.4193,58.7785,37,392,Barrens,50,50,1,0,183,56,10.236,5,Kel'Esta,2,Ar'lond,4,HUMANS,,,,315,283.5,11.3
445,483.8,178.5,-70.5497,56.0718,39,374,Barrens,50,50,1,0,0,27,8.386,5,Kel'Esta,2,Ar'lond,4,HUMANS,38,Tro'ter,207918,315,246.1,9.8
446,487.44,166.29,-69.8579,58.3926,38,374,Barrens,50,50,1,0,0,24,8.432,5,Kel'Esta,2,Ar'lond,4,HUMANS,,,,315,174.2,7.0
447,512.76,162.95,-65.0456,59.0275,39,127,Coastal,50,50,1,1,0,27,4.205,5,Kel'Esta,2,Ar'lond,4,HUMANS,,,,315,194.4,7.8
448,515.7,172.4,-64.4868,57.2313,39,235,Coastal,50,50,1,2,0,36,6.141,5,Kel'Esta,2,Ar'lond,4,HUMANS,,,,315,248.9,10.0
449,530.88,166.11,-61.6018,58.4268,10,237,Marine,10,0,0,0,0,0,0,0,Neutrals,0,,0,Wildlands,,,,,,
450,544.39,173.42,-59.0341,57.0374,0,203,Marine,10,0,0,0,0,0,0,0,Neutrals,0,,0,Wildlands,,,,,,
451,566.02,165.26,-54.9231,58.5884,0,238,Marine,10,0,0,0,0,0,0,0,Neutrals,0,,0,Wildlands,,,,,,
452,558.8,177.7,-56.2953,56.2239,0,227,Marine,10,0,0,0,0,0,0,0,Neutrals,0,,0,Wildlands,,,,,,
453,577.5,165.9,-52.7412,58.4667,0,171,Marine,10,0,0,0,0,0,0,0,Neutrals,0,,0,Wildlands,,,,,,
454,588.94,166.54,-50.567,58.3451,0,211,Marine,10,0,0,0,0,0,0,0,Neutrals,0,,0,Wildlands,,,,,,
455,601.0,165.0,-48.2749,58.6378,0,151,Marine,10,0,0,0,0,0,0,0,Neutrals,0,,0,Wildlands,,,,,,
456,598.66,177.53,-48.7196,56.2562,29,171,Coastal,50,50,1,3,0,46,5.073,5,Kel'Esta,1,Oem'rak,4,HUMANS,,,,461,301.2,12.0
457,609.7,185.4,-46.6213,54.7603,29,219,Coastal,50,50,1,1,0,66,7.867,5,Kel'Esta,1,Oem'rak,4,HUMANS,,,,461,226.7,9.1
458,590.9,184.3,-50.1944,54.9694,29,211,Coastal,50,50,1,2,168,96,7.426,5,Kel'Esta,1,Oem'rak,4,HUMANS,,,,461,342.2,13.7
459,613.07,163.52,-45.9808,58.9191,16,188,Marine,10,0,0,0,0,0,0,0,Neutrals,0,,0,Wildlands,,,,,,
460,641.98,166.68,-40.4863,58.3185,37,211,Coastal,50,50,1,5,0,40,11.832,5,Kel'Esta,1,Oem'rak,4,HUMANS,,,,461,90.3,3.6
461,650.2,180.9,-38.924,55.6156,37,274,Coastal,50,50,1,1,0,40,10.546,5,Kel'Esta,1,Oem'rak,4,HUMANS,5,Oem'rek,560794,461,0.0,0.0
462,631.4,179.9,-42.4971,55.8057,37,339,Coastal,50,50,1,2,0,40,8.239,5,Kel'Esta,1,Oem'rak,4,HUMANS,,,,461,103.5,4.1
463,659.32,163.31,-37.1906,58.959,12,264,Marine,10,0,0,0,0,0,0,0,Neutrals,0,,0,Wildlands,,,,,,
464,677.98,174.66,-33.6442,56.8017,30,198,Coastal,50,50,1,2,0,38,5.266,5,Kel'Esta,1,Oem'rak,4,HUMANS,,,,461,179.3,7.2
465,683.2,182.4,-32.652,55.3305,30,80,Coastal,50,50,1,0,238,38,2.072,5,Kel'Esta,1,Oem'rak,4,HUMANS,,,,461,197.1,7.9
466,668.2,184.9,-35.5029,54.8553,30,186,Coastal,50,50,1,1,0,59,7.304,5,Kel'Esta,1,Oem'rak,4,HUMANS,,,,461,101.4,4.1
467,689.27,167.65,-31.4984,58.1341,29,152,Coastal,50,50,1,3,0,16,4.12,5,Kel'Esta,1,Oem'rak,4,HUMANS,,,,461,252.4,10.1
468,688.8,178.9,-31.5877,55.9958,29,170,Coastal,50,50,1,3,0,16,4.17,5,Kel'Esta,1,Oem'rak,4,HUMANS,,,,461,233.4,9.3
469,712.23,170.0,-27.1346,57.6874,14,213,Marine,10,0,0,0,0,0,0,0,Neutrals,0,,0,Wildlands,,,,,,
470,713.2,183.3,-26.9503,55.1595,14,278,Marine,10,0,0,0,0,0,0,0,Neutrals,0,,0,Wildlands,,,,,,
471,724.01,169.18,-24.8958,57.8433,10,2687,Marine,10,0,0,0,0,0,0,0,Neutrals,0,,0,Wildlands,,,,,,
472,832.95,176.27,-4.1908,56.4957,10,3524,Marine,10,0,0,0,0,0,0,0,Neutrals,0,,0,Wildlands,,,,,,
473,861.77,171.25,1.2867,57.4498,10,1119,Marine,10,0,0,0,0,0,0,0,Neutrals,0,,0,Wildlands,,,,,,
474,870.15,170.29,2.8794,57.6323,10,471,Marine,10,0,0,0,0,0,0,0,Neutrals,0,,0,Wildlands,,,,,,
475,892.57,169.75,7.1405,57.735,10,314,Marine,10,0,0,0,0,0,0,0,Neutrals,0,,0,Wildlands,,,,,,
476,880.7,179.4,4.8845,55.9007,10,251,Marine,10,0,0,0,0,0,0,0,Neutrals,0,,0,Wildlands,,,,,,
477,903.0,168.9,9.1228,57.8965,10,195,Marine,10,0,0,0,0,0,0,0,Neutrals,0,,0,Wildlands,,,,,,
478,913.48,167.96,11.1146,58.0752,10,209,Marine,10,0,0,0,0,0,0,0,Neutrals,0,,0,Wildlands,,,,,,
479,926.51,169.1,13.5911,57.8585,10,211,Marine,10,0,0,0,0,0,0,0,Neutrals,0,,0,Wildlands,,,,,,
480,938.2,176.4,15.8129,56.471,10,267,Marine,10,0,0,0,0,0,0,0,Neutrals,0,,0,Wildlands,,,,,,
481,948.47,163.75,17.7648,58.8754,10,371,Marine,10,0,0,0,0,0,0,0,Neutrals,0,,0,Wildlands,,,,,,
482,983.43,168.49,24.4092,57.9744,10,232,Marine,10,0,0,0,0,0,0,0,Neutrals,0,,0,Wildlands,,,,,,
483,984.3,178.2,24.5746,56.1288,10,156,Marine,10,0,0,0,0,0,0,0,Neutrals,0,,0,Wildlands,,,,,,
484,997.25,174.17,27.0358,56.8948,39,223,Taiga,200,18,1,6,0,40,6.491,9,Edhellon,22,Chichbridia,4,HUMANS,,,,1820,3689.7,147.6
485,1009.2,176.5,29.307,56.452,39,216,Taiga,200,18,1,2,0,40,2.179,9,Edhellon,22,Chichbridia,4,HUMANS,,,,1820,3490.3,139.6
486,1004.6,181.5,28.4327,55.5016,39,117,Taiga,200,18,1,1,0,40,1.909,9,Edhellon,22,Chichbridia,4,HUMANS,,,,1820,3461.4,138.5
487,1021.18,178.91,31.5839,55.9939,39,180,Taiga,200,18,1,0,0,27,1.526,9,Edhellon,22,Chichbridia,4,HUMANS,,,,1820,3221.5,128.9
488,1039.42,171.57,35.0506,57.389,39,189,Taiga,200,18,1,0,0,20,1.309,9,Edhellon,22,Chichbridia,7,GODLINGS,,,,1820,3376.8,135.1
489,1053.07,168.8,37.6449,57.9155,38,260,Taiga,200,18,1,0,0,21,6.469,9,Edhellon,22,Chichbridia,4,HUMANS,19,Gammidge,903704,344,3371.4,134.9
490,1066.64,170.08,40.224,57.6722,39,362,Taiga,200,18,1,0,0,20,10.01,9,Edhellon,22,Chichbridia,4,HUMANS,,,,1820,3140.0,125.6
491,1096.81,165.46,45.958,58.5504,18,194,Marine,10,0,0,0,0,0,0,0,Neutrals,0,,0,Wildlands,,,,,,
492,1105.0,172.1,47.5146,57.2883,18,116,Marine,10,0,0,0,0,0,0,0,Neutrals,0,,0,Wildlands,,,,,,
493,1113.1,178.67,49.0541,56.0395,14,96,Marine,10,0,0,0,0,0,0,0,Neutrals,0,,0,Wildlands,,,,,,
494,1121.7,171.7,50.6886,57.3643,14,106,Marine,10,0,0,0,0,0,0,0,Neutrals,0,,0,Wildlands,,,,,,
495,1130.39,164.8,52.3402,58.6758,13,102,Marine,10,0,0,0,0,0,0,0,Neutrals,0,,0,Wildlands,,,,,,
496,1136.18,169.84,53.4406,57.7178,39,152,Taiga,200,18,1,2,0,33,2.744,9,Edhellon,23,Floksia,4,HUMANS,,,,344,2935.2,117.4
497,1127.2,177.2,51.7339,56.3189,39,140,Taiga,200,18,1,2,0,33,2.335,9,Edhellon,23,Floksia,4,HUMANS,,,,1820,2820.0,112.8
498,1152.3,173.6,56.5044,57.0032,39,272,Taiga,200,18,1,2,0,33,9.938,9,Edhellon,23,Floksia,4,HUMANS,,,,344,2571.0,102.8
499,1168.47,177.34,59.5776,56.2923,39,147,Taiga,200,18,1,0,0,22,0.961,9,Edhellon,23,Floksia,8,SHIFTERS,,,,344,2246.5,89.9
500,1179.75,168.98,61.7215,57.8813,39,168,Taiga,200,18,1,0,143,224,2.386,9,Edhellon,21,Staple,8,SHIFTERS,,,,344,1937.6,77.5
501,1190.32,168.58,63.7304,57.9573,39,346,Taiga,200,18,1,0,143,309,5.898,9,Edhellon,21,Staple,8,SHIFTERS,,,,344,1704.9,68.2
502,1211.88,178.85,67.8281,56.0053,39,366,Taiga,200,18,1,0,158,57,2.536,9,Edhellon,21,Staple,4,HUMANS,,,,344,1696.4,67.9
503,1232.48,177.97,71.7433,56.1725,39,274,Taiga,200,18,1,1,0,14,5.063,9,Edhellon,21,Staple,4,HUMANS,,,,344,1468.3,58.7
504,1247.54,173.21,74.6056,57.0773,39,191,Taiga,200,18,1,3,0,16,8.782,9,Edhellon,21,Staple,4,HUMANS,,,,344,1239.6,49.6
505,1262.79,163.82,77.5039,58.8621,0,273,Marine,10,0,0,0,0,0,0,0,Neutrals,0,,0,Wildlands,,,,,,
506,1291.91,178.37,83.0385,56.0965,39,210,Taiga,200,18,1,0,0,19,2.179,9,Edhellon,21,Staple,4,HUMANS,,,,344,1155.5,46.2
507,1300.39,176.38,84.6501,56.4748,39,408,Taiga,200,18,1,0,0,13,3.401,9,Edhellon,21,Staple,4,HUMANS,,,,344,1022.5,40.9
508,1329.11,171.18,90.1086,57.4631,39,323,Taiga,200,18,1,0,0,11,2.291,9,Edhellon,21,Staple,7,GODLINGS,,,,344,1023.9,41.0
509,1341.11,164.48,92.3893,58.7366,39,201,Taiga,200,18,1,0,141,102,1.645,9,Edhellon,21,Staple,4,HUMANS,,,,344,936.9,37.5
510,1358.95,174.67,95.78,56.7998,47,353,Taiga,200,18,1,0,0,10,1.851,9,Edhellon,24,Staplia,4,HUMANS,,,,344,1400.0,56.0
511,1373.01,166.79,98.4522,58.2976,45,292,Taiga,200,18,1,0,0,11,1.468,9,Edhellon,24,Staplia,4,HUMANS,,,,344,1208.0,48.3
512,1389.37,165.21,101.5615,58.5979,45,404,Taiga,200,18,1,0,0,9,2.025,9,Edhellon,24,Staplia,8,SHIFTERS,,,,344,1249.7,50.0
513,1412.22,163.59,105.9044,58.9058,39,285,Taiga,200,18,1,0,0,9,1.902,9,Edhellon,24,Staplia,7,GODLINGS,,,,242,1007.5,40.3
514,1425.37,169.46,108.4037,57.7901,39,356,Taiga,200,18,1,0,0,13,2.448,9,Edhellon,24,Staplia,4,HUMANS,,,,242,1195.3,47.8
515,1443.29,177.86,111.8095,56.1935,39,418,Taiga,200,18,1,0,0,8,2.843,9,Edhellon,24,Staplia,4,HUMANS,,,,242,1405.3,56.2
516,1467.55,176.33,116.4203,56.4843,39,304,Taiga,200,18,1,0,0,10,2.134,9,Edhellon,24,Staplia,4,HUMANS,,,,242,1374.1,55.0
517,1488.37,179.09,120.3773,55.9597,37,320,Taiga,200,18,1,0,177,45,2.196,9,Edhellon,24,Staplia,4,HUMANS,,,,242,1642.5,65.7
518,1510.77,176.54,124.6346,56.4444,36,321,Taiga,200,18,1,0,0,10,2.813,9,Edhellon,24,Staplia,7,GODLINGS,,,,242,1827.2,73.1
519,1523.05,172.96,126.9686,57.1248,30,323,Taiga,200,18,1,0,0,19,10.17,9,Edhellon,24,Staplia,4,HUMANS,61,Konom,260448,242,1867.1,74.7
520,1542.79,176.33,130.7203,56.4843,25,155,Taiga,200,18,1,2,0,13,1.585,9,Edhellon,24,Staplia,4,HUMANS,,,,242,1969.3,78.8
521,1543.8,186.7,130.9123,54.5132,25,151,Wetland,150,10,1,1,0,13,1.977,9,Edhellon,24,Staplia,4,HUMANS,,,,242,2141.2,85.6
522,1553.88,173.99,132.8281,56.929,10,229,Marine,10,0,0,0,0,0,0,0,Neutrals,0,,0,Wildlands,,,,,,
523,1579.11,176.46,137.6232,56.4596,10,2390,Marine,10,0,0,0,0,0,0,0,Neutrals,0,,0,Wildlands,,,,,,
524,302.9,183.11,-104.9313,55.1956,10,6827,Marine,10,0,0,0,0,0,0,0,Neutrals,0,,0,Wildlands,,,,,,
525,313.14,182.57,-102.9851,55.2982,11,512,Marine,10,0,0,0,0,0,0,0,Neutrals,0,,0,Wildlands,,,,,,
526,340.22,187.18,-97.8383,54.422,16,285,Marine,10,0,0,0,0,0,0,0,Neutrals,0,,0,Wildlands,,,,,,
527,332.7,193.5,-99.2675,53.2207,16,201,Marine,10,0,0,0,0,0,0,0,Neutrals,0,,0,Wildlands,,,,,,
528,355.48,189.75,-94.938,53.9335,15,230,Marine,10,0,0,0,0,0,0,0,Neutrals,0,,0,Wildlands,,,,,,
529,365.13,195.37,-93.1039,52.8653,17,184,Marine,10,0,0,0,0,0,0,0,Neutrals,0,,0,Wildlands,,,,,,
530,379.2,197.3,-90.4298,52.4984,17,153,Marine,10,0,0,0,0,0,0,0,Neutrals,0,,0,Wildlands,,,,,,
531,380.0,195.0,-90.2778,52.9356,17,257,Marine,10,0,0,0,0,0,0,0,Neutrals,0,,0,Wildlands,,,,,,
532,394.86,194.59,-87.4535,53.0135,0,182,Marine,10,0,0,0,0,0,0,0,Neutrals,0,,0,Wildlands,,,,,,
533,402.29,182.05,-86.0414,55.397,18,201,Marine,10,0,0,0,0,0,0,0,Neutrals,0,,0,Wildlands,,,,,,
534,415.6,189.1,-83.5117,54.057,18,212,Marine,10,0,0,0,0,0,0,0,Neutrals,0,,0,Wildlands,,,,,,
535,428.88,196.24,-80.9877,52.6999,0,153,Marine,10,0,0,0,0,0,0,0,Neutrals,0,,0,Wildlands,,,,,,
536,422.8,204.4,-82.1433,51.1489,0,199,Marine,10,0,0,0,0,0,0,0,Neutrals,0,,0,Wildlands,,,,,,
537,440.6,186.08,-78.7602,54.631,36,302,Coastal,50,50,1,2,0,19,7.405,5,Kel'Esta,2,Ar'lond,4,HUMANS,,,,315,457.2,18.3
538,441.9,199.8,-78.5132,52.0232,36,231,Coastal,50,50,1,2,0,18,5.914,5,Kel'Esta,2,Ar'lond,4,HUMANS,,,,315,533.0,21.3
539,463.66,194.96,-74.3775,52.9432,40,244,Wetland,150,10,1,0,0,8,1.112,5,Kel'Esta,2,Ar'lond,4,HUMANS,,,,315,500.4,20.0
540,470.33,187.73,-73.1098,54.3174,40,323,Barrens,50,50,1,0,0,9,7.789,5,Kel'Esta,2,Ar'lond,4,HUMANS,,,,315,338.1,13.5
541,499.28,196.98,-67.6076,52.5592,40,363,Barrens,50,50,1,0,0,9,8.386,5,Kel'Esta,2,Ar'lond,4,HUMANS,,,,315,382.0,15.3
542,518.59,181.77,-63.9376,55.4503,40,170,Coastal,50,50,1,2,0,15,4.347,5,Kel'Esta,2,Ar'lond,4,HUMANS,,,,315,304.1,12.2
543,515.1,190.9,-64.6009,53.7149,40,215,Coastal,50,50,1,1,0,15,7.375,5,Kel'Esta,2,Ar'lond,4,HUMANS,,,,315,353.2,14.1
544,533.08,182.16,-61.1836,55.3761,16,222,Marine,10,0,0,0,0,0,0,0,Neutrals,0,,0,Wildlands,,,,,,
545,542.3,186.1,-59.4313,54.6272,16,205,Marine,10,0,0,0,0,0,0,0,Neutrals,0,,0,Wildlands,,,,,,
546,551.52,190.1,-57.6789,53.8669,0,283,Marine,10,0,0,0,0,0,0,0,Neutrals,0,,0,Wildlands,,,,,,
547,572.44,186.56,-53.7029,54.5398,29,269,Coastal,50,50,1,4,161,125,10.183,5,Kel'Esta,1,Oem'rak,4,HUMANS,,,,461,444.5,17.8
548,583.1,191.12,-51.6769,53.6731,29,191,Wetland,150,10,1,0,0,44,1.337,5,Kel'Esta,1,Oem'rak,4,HUMANS,,,,461,513.2,20.5
549,607.79,194.58,-46.9844,53.0154,34,242,Wetland,150,10,1,0,168,50,1.64,5,Kel'Esta,1,Oem'rak,4,HUMANS,,,,461,412.7,16.5
550,620.75,193.17,-44.5212,53.2834,36,268,Barrens,50,50,1,0,0,20,6.226,5,Kel'Esta,1,Oem'rak,4,HUMANS,,,,461,197.1,7.9
551,644.07,195.88,-40.089,52.7683,38,268,Wetland,150,10,1,0,0,14,1.895,5,Kel'Esta,1,Oem'rak,4,HUMANS,,,,461,273.7,10.9
552,658.37,195.12,-37.3712,52.9128,35,170,Coastal,50,50,1,0,0,21,11.129,5,Kel'Esta,1,Oem'rak,4,HUMANS,14,Bodmouthton,249,461,90.2,3.6
553,655.9,207.7,-37.8406,50.5216,35,187,Coastal,50,50,1,2,0,77,5.854,5,Kel'Esta,1,Oem'rak,4,HUMANS,,,,461,160.7,6.4
554,667.9,192.9,-35.5599,53.3347,35,112,Coastal,50,50,1,1,0,21,4.044,5,Kel'Esta,1,Oem'rak,4,HUMANS,,,,461,144.0,5.8
555,677.39,190.58,-33.7563,53.7757,27,98,Coastal,50,50,1,2,238,55,3.446,5,Kel'Esta,1,Oem'rak,4,HUMANS,,,,461,172.8,6.9
556,688.42,190.2,-31.6599,53.8479,29,153,Coastal,50,50,1,4,0,14,3.943,5,Kel'Esta,1,Oem'rak,4,HUMANS,,,,461,236.6,9.5
557,714.26,196.6,-26.7488,52.6315,6,225,Marine,10,0,0,0,0,0,0,0,Neutrals,0,,0,Wildlands,,,,,,
558,705.5,198.8,-28.4137,52.2133,6,179,Marine,10,0,0,0,0,0,0,0,Neutrals,0,,0,Wildlands,,,,,,
559,728.23,194.66,-24.0937,53.0002,10,1873,Marine,10,0,0,0,0,0,0,0,Neutrals,0,,0,Wildlands,,,,,,
560,848.84,196.73,-1.1708,52.6068,10,198,Marine,10,0,0,0,0,0,0,0,Neutrals,0,,0,Wildlands,,,,,,
561,839.4,198.5,-2.9649,52.2703,10,234,Marine,10,0,0,0,0,0,0,0,Neutrals,0,,0,Wildlands,,,,,,
562,858.8,192.9,0.7222,53.3347,10,165,Marine,10,0,0,0,0,0,0,0,Neutrals,0,,0,Wildlands,,,,,,
563,868.83,189.01,2.6285,54.0741,10,193,Marine,10,0,0,0,0,0,0,0,Neutrals,0,,0,Wildlands,,,,,,
564,863.1,196.8,1.5395,52.5935,10,100,Marine,10,0,0,0,0,0,0,0,Neutrals,0,,0,Wildlands,,,,,,
565,895.88,193.75,7.7696,53.1732,39,229,Dead Forrest,50,0,1,2,0,9,0,12,Dead Forrest,0,,6,DEMONS,,,,1715,2732.3,109.3
566,886.4,197.6,5.9678,52.4414,39,195,Dead Forrest,50,0,1,2,0,9,0,12,Dead Forrest,0,,6,DEMONS,,,,1715,2726.3,109.1
567,906.44,189.15,9.7766,54.0475,39,212,Dead Forrest,50,0,1,3,0,7,0,12,Dead Forrest,0,,10,HALFLINGS,,,,1715,2733.7,109.3
568,915.5,192.1,11.4985,53.4868,39,153,Dead Forrest,50,0,1,2,0,3,0,12,Dead Forrest,0,,10,HALFLINGS,,,,1715,2704.6,108.2
569,924.46,195.01,13.2015,52.9337,39,187,Dead Forrest,50,0,1,2,0,13,0,12,Dead Forrest,0,,10,HALFLINGS,,,,1715,2671.9,106.9
570,936.1,201.7,15.4137,51.6621,39,226,Dead Forrest,50,0,1,3,0,25,0,12,Dead Forrest,0,,10,HALFLINGS,,,,1715,2644.6,105.8
571,949.82,183.75,18.0213,55.0739,10,279,Marine,10,0,0,0,0,0,0,0,Neutrals,0,,0,Wildlands,,,,,,
572,953.1,195.7,18.6447,52.8025,10,208,Marine,10,0,0,0,0,0,0,0,Neutrals,0,,0,Wildlands,,,,,,
573,969.16,185.68,21.6971,54.7071,10,340,Marine,10,0,0,0,0,0,0,0,Neutrals,0,,0,Wildlands,,,,,,
574,985.13,187.93,24.7323,54.2794,10,126,Marine,10,0,0,0,0,0,0,0,Neutrals,0,,0,Wildlands,,,,,,
575,993.08,192.23,26.2433,53.4621,10,141,Marine,10,0,0,0,0,0,0,0,Neutrals,0,,0,Wildlands,,,,,,
576,997.1,201.5,27.0073,51.7001,10,151,Marine,10,0,0,0,0,0,0,0,Neutrals,0,,0,Wildlands,,,,,,
577,984.2,197.5,24.5556,52.4604,10,111,Marine,10,0,0,0,0,0,0,0,Neutrals,0,,0,Wildlands,,,,,,
578,1011.96,188.89,29.8316,54.0969,39,259,Taiga,200,18,1,3,0,5,9.137,9,Edhellon,22,Chichbridia,4,HUMANS,,,,1820,3231.9,129.3
579,1029.37,188.32,33.1405,54.2053,39,234,Taiga,200,18,1,0,0,5,1.589,9,Edhellon,22,Chichbridia,4,HUMANS,,,,1820,2947.0,117.9
580,1034.7,199.0,34.1535,52.1753,39,261,Temperate deciduous forest,70,100,1,2,0,5,9.057,9,Edhellon,22,Chichbridia,4,HUMANS,,,,1820,2684.4,107.4
581,1048.25,190.96,36.7288,53.7035,39,394,Taiga,200,18,1,0,0,4,2.673,9,Edhellon,22,Chichbridia,4,HUMANS,,,,1820,2929.8,117.2
582,1073.61,196.18,41.5487,52.7113,39,308,Taiga,200,18,1,0,0,8,2.107,9,Edhellon,22,Chichbridia,4,HUMANS,,,,1820,2545.6,101.8
583,1082.7,183.16,43.2763,55.1861,39,238,Taiga,200,18,1,0,0,13,2.046,9,Edhellon,22,Chichbridia,7,GODLINGS,,,,1820,2797.3,111.9
584,1095.1,185.1,45.633,54.8173,39,232,Taiga,200,18,1,2,0,13,4.238,9,Edhellon,22,Chichbridia,4,HUMANS,,,,1820,2706.2,108.2
585,1107.48,187.05,47.986,54.4467,39,227,Taiga,200,18,1,2,0,13,3.836,9,Edhellon,22,Chichbridia,4,HUMANS,,,,1820,2624.0,105.0
586,1118.28,184.59,50.0386,54.9143,39,183,Taiga,200,18,1,2,0,14,3.0,9,Edhellon,22,Chichbridia,4,HUMANS,,,,1820,2565.2,102.6
587,1136.41,190.94,53.4844,53.7073,39,269,Taiga,200,18,1,0,0,9,1.821,9,Edhellon,23,Floksia,4,HUMANS,,,,1820,2515.0,100.6
588,1155.6,191.03,57.1316,53.6902,39,354,Taiga,200,18,1,0,143,161,3.641,9,Edhellon,23,Floksia,4,HUMANS,,,,1820,2333.2,93.3
589,1173.64,180.91,60.5602,55.6137,39,238,Taiga,200,18,1,0,143,185,2.475,9,Edhellon,23,Floksia,8,SHIFTERS,,,,344,2232.5,89.3
590,1192.35,184.8,64.1162,54.8743,42,396,Taiga,200,18,1,0,0,11,2.086,9,Edhellon,23,Floksia,4,HUMANS,,,,344,2091.5,83.7
591,1216.8,186.05,68.7632,54.6367,39,260,Taiga,200,18,1,0,158,41,1.691,9,Edhellon,21,Staple,4,HUMANS,,,,344,1868.4,74.7
592,1229.02,190.32,71.0857,53.8251,39,194,Taiga,200,18,1,2,0,15,3.273,9,Edhellon,21,Staple,4,HUMANS,,,,344,1750.5,70.0
593,1227.3,199.2,70.7588,52.1373,39,191,Taiga,200,18,1,1,0,15,3.375,9,Edhellon,21,Staple,4,HUMANS,59,Temlik,474079,344,1949.5,78.0
594,1251.04,181.91,75.2708,55.4237,0,181,Marine,10,0,0,0,0,0,0,0,Neutrals,0,,0,Wildlands,,,,,,
595,1258.1,192.0,76.6126,53.5058,0,90,Marine,10,0,0,0,0,0,0,0,Neutrals,0,,0,Wildlands,,,,,,
596,1251.5,198.0,75.3582,52.3654,0,242,Marine,10,0,0,0,0,0,0,0,Neutrals,0,,0,Wildlands,,,,,,
597,1262.87,181.71,77.5192,55.4617,0,231,Marine,10,0,0,0,0,0,0,0,Neutrals,0,,0,Wildlands,,,,,,
598,1264.0,191.9,77.7339,53.5248,0,114,Marine,10,0,0,0,0,0,0,0,Neutrals,0,,0,Wildlands,,,,,,
599,1280.4,189.97,80.8509,53.8917,39,302,Taiga,200,18,1,3,0,30,5.775,9,Edhellon,21,Staple,4,HUMANS,,,,344,1353.9,54.2
600,1298.29,190.67,84.251,53.7586,39,367,Taiga,200,18,1,0,0,13,9.792,9,Edhellon,21,Staple,4,HUMANS,,,,344,1340.2,53.6
601,1330.23,186.87,90.3215,54.4809,39,465,Taiga,200,18,1,0,141,215,5.453,9,Edhellon,24,Staplia,4,HUMANS,62,Amerscombe,3633,344,1381.9,55.3
602,1344.99,183.85,93.1268,55.0549,39,258,Taiga,200,18,1,0,141,116,2.191,9,Edhellon,24,Staplia,4,HUMANS,,,,344,1371.5,54.9
603,1352.96,194.88,94.6415,52.9584,39,281,Taiga,200,18,1,0,0,44,1.862,9,Edhellon,24,Staplia,4,HUMANS,,,,344,1670.8,66.8
604,1378.78,186.63,99.5488,54.5265,49,435,Taiga,200,18,1,0,0,15,2.219,9,Edhellon,24,Staplia,8,SHIFTERS,,,,344,1708.1,68.3
605,1396.21,193.15,102.8615,53.2872,43,281,Taiga,200,18,1,0,0,20,1.417,9,Edhellon,24,Staplia,4,HUMANS,,,,242,1851.9,74.1
606,1409.3,184.52,105.3494,54.9276,39,395,Taiga,200,18,1,0,0,20,2.741,9,Edhellon,24,Staplia,7,GODLINGS,,,,242,1472.4,58.9
607,1428.43,187.54,108.9852,54.3535,39,330,Taiga,200,18,1,0,0,22,2.264,9,Edhellon,24,Staplia,4,HUMANS,,,,242,1598.8,64.0
608,1456.42,181.64,114.305,55.475,39,343,Taiga,200,18,1,0,0,29,2.318,9,Edhellon,24,Staplia,4,HUMANS,,,,242,1467.2,58.7
609,1470.01,184.81,116.8879,54.8724,39,216,Taiga,200,18,1,0,0,24,1.493,9,Edhellon,24,Staplia,4,HUMANS,,,,242,1568.4,62.7
610,1483.38,193.6,119.4289,53.2017,38,163,Taiga,200,18,1,1,0,29,2.727,9,Edhellon,24,Staplia,4,HUMANS,,,,242,1920.4,76.8
611,1472.9,202.2,117.4371,51.5671,38,217,Wetland,150,10,1,2,0,58,3.36,9,Edhellon,24,Staplia,4,HUMANS,,,,242,1859.3,74.4
612,1495.87,189.89,121.8028,53.9069,35,210,Taiga,200,18,1,0,0,28,1.357,9,Edhellon,24,Staplia,4,HUMANS,,,,242,1931.8,77.3
613,1498.7,199.9,122.3406,52.0042,35,209,Wetland,150,10,1,1,0,28,2.85,9,Edhellon,24,Staplia,4,HUMANS,,,,242,2103.5,84.1
614,1523.08,186.84,126.9743,54.4866,32,363,Taiga,200,18,1,0,227,57,3.188,9,Edhellon,24,Staplia,4,HUMANS,,,,242,2192.3,87.7
615,1544.74,196.97,131.0909,52.5611,24,152,Wetland,150,10,1,3,227,112,2.347,9,Edhellon,24,Staplia,4,HUMANS,,,,242,2323.4,92.9
616,1533.4,205.5,128.9357,50.9398,24,244,Wetland,150,10,1,3,0,55,7.968,9,Edhellon,24,Staplia,4,HUMANS,,,,242,2544.2,101.8
617,1552.23,185.76,132.5145,54.6919,10,195,Marine,10,0,0,0,0,0,0,0,Neutrals,0,,0,Wildlands,,,,,,
618,1574.08,195.01,136.6673,52.9337,10,2532,Marine,10,0,0,0,0,0,0,0,Neutrals,0,,0,Wildlands,,,,,,
619,304.75,211.08,-104.5797,49.8792,14,1442,Marine,10,0,0,0,0,0,0,0,Neutrals,0,,0,Wildlands,,,,,,
620,315.0,205.5,-102.6316,50.9398,14,196,Marine,10,0,0,0,0,0,0,0,Neutrals,0,,0,Wildlands,,,,,,
621,320.91,213.93,-101.5083,49.3375,27,116,Coastal,50,50,1,4,0,19,2.932,5,Kel'Esta,3,Str'amar,4,HUMANS,,,,715,153.8,6.2
622,334.4,215.7,-98.9444,49.0011,27,141,Coastal,50,50,1,2,0,19,3.74,5,Kel'Esta,3,Str'amar,4,HUMANS,,,,715,79.0,3.2
623,333.6,209.9,-99.0965,50.1035,27,126,Coastal,50,50,1,2,0,19,3.235,5,Kel'Esta,3,Str'amar,4,HUMANS,,,,715,111.2,4.4
624,325.23,199.84,-100.6873,52.0156,19,174,Marine,10,0,0,0,0,0,0,0,Neutrals,0,,0,Wildlands,,,,,,
625,346.21,205.78,-96.6999,50.8866,26,164,Coastal,50,50,1,3,0,15,4.372,5,Kel'Esta,3,Str'amar,4,HUMANS,,,,715,66.5,2.7
626,355.2,203.9,-94.9912,51.2439,26,93,Coastal,50,50,1,2,0,15,2.376,5,Kel'Esta,3,Str'amar,4,HUMANS,,,,715,95.6,3.8
627,364.17,202.0,-93.2864,51.6051,26,144,Coastal,50,50,1,2,0,22,7.609,5,Kel'Esta,3,Str'amar,4,HUMANS,,,,715,124.6,5.0
628,356.1,209.7,-94.8202,50.1415,26,89,Coastal,50,50,1,0,0,22,2.174,5,Kel'Esta,3,Str'amar,4,HUMANS,,,,715,63.3,2.5
629,393.18,199.27,-87.7728,52.124,0,110,Marine,10,0,0,0,0,0,0,0,Neutrals,0,,0,Wildlands,,,,,,
630,386.8,215.9,-88.9854,48.963,0,277,Marine,10,0,0,0,0,0,0,0,Neutrals,0,,0,Wildlands,,,,,,
631,399.49,205.01,-86.5735,51.0329,22,189,Coastal,50,50,1,6,0,17,5.404,5,Kel'Esta,3,Str'amar,4,HUMANS,,,,715,559.4,22.4
632,399.9,215.8,-86.4956,48.982,22,161,Coastal,50,50,1,3,0,17,4.191,5,Kel'Esta,3,Str'amar,4,HUMANS,,,,715,500.0,20.0
633,416.66,212.52,-83.3102,49.6055,0,171,Marine,10,0,0,0,0,0,0,0,Neutrals,0,,0,Wildlands,,,,,,
634,426.8,221.7,-81.383,47.8606,0,171,Marine,10,0,0,0,0,0,0,0,Neutrals,0,,0,Wildlands,,,,,,
635,416.8,222.3,-83.2836,47.7466,0,131,Marine,10,0,0,0,0,0,0,0,Neutrals,0,,0,Wildlands,,,,,,
636,443.25,213.6,-78.2566,49.4002,28,209,Coastal,50,50,1,3,0,10,5.484,5,Kel'Esta,2,Ar'lond,4,HUMANS,,,,315,577.3,23.1
637,451.36,211.79,-76.7152,49.7442,40,236,Coastal,50,50,1,0,0,8,5.307,5,Kel'Esta,2,Ar'lond,4,HUMANS,,,,315,531.6,21.3
638,469.35,202.75,-73.2961,51.4625,40,295,Barrens,50,50,1,0,0,8,6.916,5,Kel'Esta,2,Ar'lond,4,HUMANS,,,,315,420.9,16.8
639,500.64,208.19,-67.3491,50.4285,40,223,Wetland,150,10,1,0,0,8,1.02,5,Kel'Esta,2,Ar'lond,4,HUMANS,,,,315,568.3,22.7
640,511.63,199.95,-65.2604,51.9947,40,165,Coastal,50,50,1,0,0,9,3.86,5,Kel'Esta,2,Ar'lond,4,HUMANS,,,,315,406.5,16.3
641,523.5,206.8,-63.0044,50.6927,40,315,Coastal,50,50,1,2,0,26,7.91,5,Kel'Esta,2,Ar'lond,4,HUMANS,,,,315,452.1,18.1
642,535.36,213.59,-60.7503,49.4021,40,267,Coastal,50,50,1,2,103,54,8.492,5,Kel'Esta,2,Ar'lond,4,HUMANS,,,,315,539.3,21.6
643,556.28,211.87,-56.7743,49.729,40,257,Coastal,50,50,1,1,0,17,9.765,5,Kel'Esta,1,Oem'rak,4,HUMANS,,,,461,653.8,26.2
644,564.9,207.5,-55.136,50.5597,40,230,Coastal,50,50,1,1,0,17,18.045,5,Kel'Esta,1,Oem'rak,4,HUMANS,,,,461,600.6,24.0
645,573.52,203.22,-53.4977,51.3732,37,143,Barrens,50,50,1,0,0,15,3.86,5,Kel'Esta,1,Oem'rak,4,HUMANS,,,,461,554.7,22.2
646,577.4,202.46,-52.7602,51.5176,35,213,Barrens,50,50,1,0,161,45,5.231,5,Kel'Esta,1,Oem'rak,4,HUMANS,,,,461,549.9,22.0
647,599.36,209.54,-48.5865,50.1719,37,389,Barrens,50,50,1,0,0,25,9.705,5,Kel'Esta,1,Oem'rak,4,HUMANS,,,,461,466.1,18.6
648,627.16,210.01,-43.3029,50.0826,38,333,Barrens,50,50,1,0,168,37,17.227,5,Kel'Esta,1,Oem'rak,4,HUMANS,,,,461,313.2,12.5
649,642.0,210.62,-40.4825,49.9666,39,131,Barrens,50,50,1,0,0,15,3.033,5,Kel'Esta,1,Oem'rak,4,HUMANS,,,,461,246.6,9.9
650,649.17,212.88,-39.1197,49.5371,39,84,Coastal,50,50,1,0,0,27,1.838,5,Kel'Esta,1,Oem'rak,4,HUMANS,,,,461,212.1,8.5
651,677.03,199.99,-33.8247,51.9871,5,151,Marine,10,0,0,0,0,0,0,0,Neutrals,0,,0,Wildlands,,,,,,
652,673.5,214.9,-34.4956,49.1531,5,291,Marine,10,0,0,0,0,0,0,0,Neutrals,0,,0,Wildlands,,,,,,
653,686.9,200.5,-31.9488,51.8902,5,169,Marine,10,0,0,0,0,0,0,0,Neutrals,0,,0,Wildlands,,,,,,
654,696.75,201.05,-30.0768,51.7856,0,184,Marine,10,0,0,0,0,0,0,0,Neutrals,0,,0,Wildlands,,,,,,
655,803.48,211.43,-9.7918,49.8127,10,1646,Marine,10,0,0,0,0,0,0,0,Neutrals,0,,0,Wildlands,,,,,,
656,822.04,200.86,-6.2643,51.8218,10,519,Marine,10,0,0,0,0,0,0,0,Neutrals,0,,0,Wildlands,,,,,,
657,829.89,200.18,-4.7724,51.951,10,167,Marine,10,0,0,0,0,0,0,0,Neutrals,0,,0,Wildlands,,,,,,
658,826.1,212.4,-5.4927,49.6283,10,240,Marine,10,0,0,0,0,0,0,0,Neutrals,0,,0,Wildlands,,,,,,
659,857.41,204.58,0.458,51.1147,10,216,Marine,10,0,0,0,0,0,0,0,Neutrals,0,,0,Wildlands,,,,,,
660,876.94,201.43,4.1699,51.7134,39,157,Dead Forrest,50,0,1,2,0,14,0,12,Dead Forrest,0,,6,DEMONS,,,,1715,2748.0,109.9
661,873.9,211.0,3.5921,49.8944,39,202,Dead Forrest,50,0,1,2,0,14,0,12,Dead Forrest,0,,6,DEMONS,,,,1715,2724.5,109.0
662,896.28,213.93,7.8456,49.3375,39,341,Dead Forrest,50,0,1,0,0,5,0,12,Dead Forrest,0,,6,DEMONS,,,,1715,2621.3,104.9
663,914.07,199.73,11.2268,52.0365,39,228,Dead Forrest,50,0,1,0,0,4,0,12,Dead Forrest,0,,10,HALFLINGS,,,,1715,2661.9,106.5
664,926.57,203.1,13.6025,51.396,39,139,Dead Forrest,50,0,1,0,0,7,0,12,Dead Forrest,0,,10,HALFLINGS,,,,1715,2625.9,105.0
665,947.74,208.43,17.626,50.3829,39,184,Dead Forrest,50,0,1,2,0,17,0,12,Dead Forrest,0,,6,DEMONS,,,,1715,2570.7,102.8
666,956.28,207.68,19.2491,50.5254,10,103,Marine,10,0,0,0,0,0,0,0,Neutrals,0,,0,Wildlands,,,,,,
667,965.8,205.2,21.0585,50.9968,10,182,Marine,10,0,0,0,0,0,0,0,Neutrals,0,,0,Wildlands,,,,,,
668,975.33,202.7,22.8697,51.472,10,141,Marine,10,0,0,0,0,0,0,0,Neutrals,0,,0,Wildlands,,,,,,
669,988.2,206.7,25.3158,50.7117,10,105,Marine,10,0,0,0,0,0,0,0,Neutrals,0,,0,Wildlands,,,,,,
670,980.5,212.7,23.8523,49.5713,10,169,Marine,10,0,0,0,0,0,0,0,Neutrals,0,,0,Wildlands,,,,,,
671,1001.02,210.74,27.7523,49.9438,10,109,Marine,10,0,0,0,0,0,0,0,Neutrals,0,,0,Wildlands,,,,,,
672,993.3,216.7,26.2851,48.811,10,93,Marine,10,0,0,0,0,0,0,0,Neutrals,0,,0,Wildlands,,,,,,
673,1009.28,212.2,29.3222,49.6663,10,263,Marine,10,0,0,0,0,0,0,0,Neutrals,0,,0,Wildlands,,,,,,
674,1039.97,209.59,35.1551,50.1624,39,194,Temperate deciduous forest,70,100,1,1,0,5,8.438,9,Edhellon,22,Chichbridia,4,HUMANS,,,,1820,2593.3,103.7
675,1053.23,210.27,37.6753,50.0332,39,391,Temperate deciduous forest,70,100,1,0,0,3,13.126,9,Edhellon,22,Chichbridia,4,HUMANS,,,,1820,2491.1,99.6
676,1078.62,201.33,42.5009,51.7324,39,281,Temperate deciduous forest,70,100,1,0,143,31,9.682,9,Edhellon,22,Chichbridia,7,GODLINGS,,,,1820,2387.6,95.5
677,1093.83,205.02,45.3917,51.031,39,272,Temperate deciduous forest,70,100,1,0,143,41,14.837,9,Edhellon,22,Chichbridia,7,GODLINGS,,,,1820,2267.1,90.7
678,1101.59,210.69,46.8665,49.9533,39,301,Temperate deciduous forest,70,100,1,0,143,63,10.811,9,Edhellon,23,Floksia,7,GODLINGS,,,,1820,2193.1,87.7
679,1123.48,206.47,51.0269,50.7554,39,336,Temperate deciduous forest,70,100,1,0,143,73,19.407,9,Edhellon,23,Floksia,7,GODLINGS,,,,1820,2070.4,82.8
680,1137.08,201.77,53.6117,51.6488,39,277,Taiga,200,18,1,0,143,132,2.429,9,Edhellon,23,Floksia,4,HUMANS,,,,1820,2375.6,95.0
681,1158.44,209.43,57.6713,50.1928,42,315,Temperate deciduous forest,70,100,1,0,0,10,10.603,9,Edhellon,23,Floksia,4,HUMANS,,,,1820,1911.6,76.5
682,1182.04,203.06,62.1567,51.4036,44,341,Taiga,200,18,1,0,0,11,1.79,9,Edhellon,23,Floksia,7,GODLINGS,,,,1820,2153.7,86.1
683,1191.18,211.0,63.8939,49.8944,46,311,Temperate deciduous forest,70,100,1,0,0,10,10.194,9,Edhellon,23,Floksia,7,GODLINGS,,,,1820,1887.3,75.5
684,1210.42,211.47,67.5506,49.8051,41,356,Temperate deciduous forest,70,100,1,0,0,26,18.865,9,Edhellon,23,Floksia,8,SHIFTERS,,,,1820,1837.7,73.5
685,1225.55,208.04,70.4262,50.457,39,191,Taiga,200,18,1,0,0,19,1.302,9,Edhellon,21,Staple,4,HUMANS,,,,1820,2026.4,81.1
686,1236.1,213.1,72.4313,49.4952,39,211,Temperate deciduous forest,70,100,1,2,0,38,9.307,9,Edhellon,21,Staple,4,HUMANS,,,,1820,1768.9,70.8
687,1252.01,214.08,75.4551,49.309,0,191,Marine,10,0,0,0,0,0,0,0,Neutrals,0,,0,Wildlands,,,,,,
688,1265.1,202.02,77.943,51.6013,0,269,Marine,10,0,0,0,0,358,0,0,Neutrals,0,,0,Wildlands,,,,,,
689,1288.57,205.82,82.4037,50.879,39,293,Taiga,200,18,1,1,0,13,4.961,9,Edhellon,23,Floksia,4,HUMANS,,,,344,1736.2,69.4
690,1303.84,211.74,85.3058,49.7537,39,407,Taiga,200,18,1,0,141,257,13.163,9,Edhellon,23,Floksia,4,HUMANS,,,,344,1831.6,73.3
691,1330.47,212.42,90.3671,49.6245,42,282,Taiga,200,18,1,0,0,15,6.849,9,Edhellon,24,Staplia,7,GODLINGS,,,,344,1986.2,79.4
692,1333.59,210.81,90.9601,49.9305,39,299,Taiga,200,18,1,0,0,17,2.114,9,Edhellon,24,Staplia,7,GODLINGS,,,,344,1913.8,76.6
693,1360.54,200.55,96.0822,51.8807,47,412,Taiga,200,18,1,0,0,15,2.092,9,Edhellon,24,Staplia,7,GODLINGS,,,,344,1920.7,76.8
694,1385.0,211.16,100.731,49.864,41,360,Taiga,200,18,1,0,0,36,3.017,9,Edhellon,24,Staplia,4,HUMANS,,,,344,2264.8,90.6
695,1394.86,203.2,102.605,51.377,43,224,Taiga,200,18,1,0,0,19,1.541,9,Edhellon,24,Staplia,7,GODLINGS,,,,242,2075.0,83.0
696,1411.49,210.47,105.7656,49.9951,39,336,Taiga,200,18,1,0,120,110,10.656,9,Edhellon,24,Staplia,4,HUMANS,,,,242,2057.4,82.3
697,1428.04,202.78,108.9111,51.4568,39,466,Taiga,200,18,1,0,120,48,3.232,9,Edhellon,24,Staplia,4,HUMANS,20,Eydis,33636,242,1946.1,77.8
698,1453.96,212.42,113.8374,49.6245,39,321,Wetland,150,10,1,0,0,23,1.067,9,Edhellon,24,Staplia,4,HUMANS,,,,242,1976.7,79.1
699,1462.42,210.71,115.4453,49.9495,39,220,Wetland,150,10,1,2,0,41,3.014,9,Edhellon,24,Staplia,4,HUMANS,,,,242,1956.9,78.3
700,1484.8,202.72,119.6988,51.4682,0,136,Marine,10,0,0,0,0,0,0,0,Neutrals,0,,0,Wildlands,,,,,,
701,1482.0,212.9,119.1667,49.5333,0,197,Marine,10,0,0,0,0,0,0,0,Neutrals,0,,0,Wildlands,,,,,,
702,1501.56,209.99,122.8842,50.0864,30,212,Wetland,150,10,1,3,0,29,2.918,9,Edhellon,24,Staplia,4,HUMANS,,,,242,2276.5,91.1
703,1511.8,212.0,124.8304,49.7043,30,190,Wetland,150,10,1,0,0,29,5.419,9,Edhellon,24,Staplia,7,GODLINGS,,,,242,2397.7,95.9
704,1522.12,214.1,126.7918,49.3052,25,218,Wetland,150,10,1,1,0,55,3.421,9,Edhellon,24,Staplia,7,GODLINGS,,,,242,2571.5,102.9
705,1544.34,214.68,131.0149,49.1949,10,178,Marine,10,0,0,0,0,0,0,0,Neutrals,0,,0,Wildlands,,,,,,
706,1549.9,207.3,132.0716,50.5977,10,170,Marine,10,0,0,0,0,0,0,0,Neutrals,0,,0,Wildlands,,,,,,
707,1555.54,200.0,133.1436,51.9852,10,239,Marine,10,0,0,0,0,0,0,0,Neutrals,0,,0,Wildlands,,,,,,
708,121.22,220.14,-139.4611,48.1571,8,6087,Marine,10,0,0,0,0,0,0,0,Neutrals,0,,0,Wildlands,,,,,,
709,133.82,219.92,-137.0664,48.1989,11,3069,Marine,10,0,0,0,0,0,0,0,Neutrals,0,,0,Wildlands,,,,,,
710,169.89,219.22,-130.211,48.332,0,5068,Marine,10,0,0,0,0,0,0,0,Neutrals,0,,0,Wildlands,,,,,,
711,207.68,219.97,-123.0287,48.1894,0,5701,Marine,10,0,0,0,0,0,0,0,Neutrals,0,,0,Wildlands,,,,,,
712,311.67,217.21,-103.2645,48.714,16,346,Marine,10,0,0,0,0,0,0,0,Neutrals,0,,0,Wildlands,,,,,,
713,320.6,223.4,-101.5673,47.5375,16,300,Marine,10,0,0,0,0,0,0,0,Neutrals,0,,0,Wildlands,,,,,,
714,329.43,229.61,-99.889,46.3571,16,263,Marine,10,0,0,0,0,0,0,0,Neutrals,0,,0,Wildlands,,,,,,
715,347.97,217.44,-96.3654,48.6703,25,148,Coastal,50,50,1,0,0,10,3.74,5,Kel'Esta,3,Str'amar,4,HUMANS,12,Str'amar,38313,715,0.0,0.0
716,346.0,232.5,-96.7398,45.8078,25,173,Coastal,50,50,1,2,0,20,4.88,5,Kel'Esta,3,Str'amar,4,HUMANS,,,,715,83.5,3.3
717,357.4,218.5,-94.5731,48.4688,25,116,Coastal,50,50,1,0,0,10,3.143,5,Kel'Esta,3,Str'amar,4,HUMANS,,,,715,52.2,2.1
718,355.8,233.6,-94.8772,45.5987,25,147,Coastal,50,50,1,0,0,10,8.602,5,Kel'Esta,3,Str'amar,4,HUMANS,,,,715,98.8,4.0
719,366.9,219.59,-92.7675,48.2617,25,234,Coastal,50,50,1,3,0,43,6.479,5,Kel'Esta,3,Str'amar,4,HUMANS,,,,715,104.8,4.2
720,365.3,234.7,-93.0716,45.3897,25,181,Coastal,50,50,1,1,0,11,7.187,5,Kel'Esta,3,Str'amar,4,HUMANS,,,,715,151.4,6.1
721,380.46,232.55,-90.1904,45.7983,0,239,Marine,10,0,0,0,0,0,0,0,Neutrals,0,,0,Wildlands,,,,,,
722,400.21,226.63,-86.4367,46.9235,22,165,Coastal,50,50,1,4,0,11,4.549,5,Kel'Esta,3,Str'amar,4,HUMANS,,,,715,440.4,17.6
723,400.4,236.5,-86.4006,45.0475,22,100,Coastal,50,50,1,2,0,11,2.757,5,Kel'Esta,3,Str'amar,4,HUMANS,,,,715,410.7,16.4
724,395.4,235.9,-87.3509,45.1616,22,109,Coastal,50,50,1,1,0,11,4.154,5,Kel'Esta,3,Str'amar,4,HUMANS,,,,715,383.0,15.3
725,416.84,232.14,-83.276,45.8762,0,92,Marine,10,0,0,0,0,0,0,0,Neutrals,0,,0,Wildlands,,,,,,
726,426.9,231.6,-81.364,45.9789,0,62,Marine,10,0,0,0,0,0,0,0,Neutrals,0,,0,Wildlands,,,,,,
727,436.92,230.96,-79.4596,46.1005,0,137,Marine,10,0,0,0,0,0,0,0,Neutrals,0,,0,Wildlands,,,,,,
728,426.3,234.0,-81.4781,45.5227,0,77,Marine,10,0,0,0,0,0,0,0,Neutrals,0,,0,Wildlands,,,,,,
729,454.45,227.69,-76.1279,46.7221,23,227,Wetland,150,10,1,0,211,53,1.537,5,Kel'Esta,2,Ar'lond,4,HUMANS,,,,315,810.9,32.4
730,447.0,233.6,-77.5439,45.5987,23,163,Coastal,50,50,1,1,211,93,7.398,5,Kel'Esta,2,Ar'lond,4,HUMANS,,,,715,696.1,27.8
731,475.13,217.39,-72.1975,48.6798,37,395,Barrens,50,50,1,0,211,38,9.19,5,Kel'Esta,2,Ar'lond,4,HUMANS,,,,315,519.5,20.8
732,493.39,220.79,-68.727,48.0336,40,307,Barrens,50,50,1,0,0,7,6.824,5,Kel'Esta,2,Ar'lond,4,HUMANS,,,,315,629.3,25.2
733,506.0,220.98,-66.3304,47.9975,40,339,Wetland,150,10,1,0,0,8,1.553,5,Kel'Esta,2,Ar'lond,4,HUMANS,,,,315,765.7,30.6
734,524.46,229.54,-62.8219,46.3704,40,431,Barrens,50,50,1,0,103,35,21.937,5,Kel'Esta,2,Ar'lond,4,HUMANS,,,,315,589.3,23.6
735,544.23,217.19,-59.0645,48.7178,40,258,Coastal,50,50,1,1,0,11,9.962,5,Kel'Esta,1,Oem'rak,4,HUMANS,,,,315,591.9,23.7
736,566.77,231.33,-54.7806,46.0302,40,277,Barrens,50,50,1,0,0,10,8.005,5,Kel'Esta,1,Oem'rak,4,HUMANS,,,,461,732.1,29.3
737,584.25,229.58,-51.4583,46.3628,39,360,Wetland,150,10,1,0,161,30,2.412,5,Kel'Esta,1,Oem'rak,4,HUMANS,,,,461,802.0,32.1
738,601.88,224.87,-48.1076,47.2581,40,241,Barrens,50,50,1,0,0,11,6.344,5,Kel'Esta,1,Oem'rak,4,HUMANS,,,,461,488.9,19.6
739,613.96,226.5,-45.8117,46.9483,40,282,Barrens,50,50,1,0,0,11,16.726,5,Kel'Esta,1,Oem'rak,4,HUMANS,,,,461,421.8,16.9
740,638.44,218.25,-41.1591,48.5164,40,193,Barrens,50,50,1,0,0,11,5.105,5,Kel'Esta,1,Oem'rak,4,HUMANS,,,,461,279.7,11.2
741,653.33,220.24,-38.3291,48.1381,39,195,Coastal,50,50,1,3,0,19,4.979,5,Kel'Esta,1,Oem'rak,4,HUMANS,,,,461,238.2,9.5
742,644.0,229.9,-40.1023,46.302,39,206,Coastal,50,50,1,2,0,19,5.181,5,Kel'Esta,1,Oem'rak,4,HUMANS,,,,461,312.0,12.5
743,670.03,229.74,-35.1551,46.3324,0,333,Marine,10,0,0,0,0,0,0,0,Neutrals,0,,0,Wildlands,,,,,,
744,659.9,238.6,-37.0804,44.6484,0,318,Marine,10,0,0,0,0,0,0,0,Neutrals,0,,0,Wildlands,,,,,,
745,688.4,227.36,-31.6637,46.7848,0,801,Marine,10,0,0,0,0,0,0,0,Neutrals,0,,0,Wildlands,,,,,,
746,706.75,217.3,-28.1762,48.6969,1,1582,Marine,10,0,0,0,0,0,0,0,Neutrals,0,,0,Wildlands,,,,,,
747,790.69,229.33,-12.2227,46.4103,10,1248,Marine,10,0,0,0,0,0,0,0,Neutrals,0,,0,Wildlands,,,,,,
748,822.3,224.7,-6.2149,47.2904,10,248,Marine,10,0,0,0,0,0,0,0,Neutrals,0,,0,Wildlands,,,,,,
749,819.0,235.8,-6.8421,45.1806,10,280,Marine,10,0,0,0,0,0,0,0,Neutrals,0,,0,Wildlands,,,,,,
750,838.52,226.49,-3.1322,46.9502,39,232,Dead Forrest,50,0,1,3,0,2,0,12,Dead Forrest,0,,6,DEMONS,,,,1715,2899.6,116.0
751,846.97,224.29,-1.5262,47.3683,39,224,Dead Forrest,50,0,1,3,0,10,0,12,Dead Forrest,0,,10,HALFLINGS,78,Faquen,1072,1715,2851.5,114.1
752,858.9,222.5,0.7412,47.7086,39,229,Dead Forrest,50,0,1,1,0,22,0,12,Dead Forrest,0,,10,HALFLINGS,,,,1715,2785.2,111.4
753,870.85,220.64,3.0124,48.0621,39,211,Dead Forrest,50,0,1,1,0,17,0,12,Dead Forrest,0,,10,HALFLINGS,,,,1715,2718.7,108.7
754,894.13,225.39,7.437,47.1592,39,289,Dead Forrest,50,0,1,0,0,9,0,12,Dead Forrest,0,,10,HALFLINGS,,,,1715,2588.0,103.5
755,909.25,232.79,10.3107,45.7527,39,313,Dead Forrest,50,0,1,0,0,2,0,12,Dead Forrest,0,,6,DEMONS,,,,1715,2495.4,99.8
756,925.37,217.85,13.3744,48.5924,39,372,Dead Forrest,50,0,1,0,0,5,0,12,Dead Forrest,0,,10,HALFLINGS,,,,1715,2544.5,101.8
757,939.82,227.68,16.1208,46.724,39,402,Dead Forrest,50,0,1,0,0,8,0,12,Dead Forrest,0,,10,HALFLINGS,,,,1715,2456.2,98.2
758,955.98,217.38,19.1921,48.6817,39,182,Dead Forrest,50,0,1,2,0,22,0,12,Dead Forrest,0,,4,HUMANS,,,,1715,2561.2,102.4
759,962.9,226.3,20.5073,46.9863,39,278,Temperate deciduous forest,70,100,1,3,0,14,9.594,9,Edhellon,22,Chichbridia,4,HUMANS,,,,1715,2499.1,100.0
760,985.66,222.72,24.833,47.6667,10,209,Marine,10,0,0,0,0,0,0,0,Neutrals,0,,0,Wildlands,,,,,,
761,997.03,223.86,26.994,47.4501,10,183,Marine,10,0,0,0,0,0,0,0,Neutrals,0,,0,Wildlands,,,,,,
762,1009.0,224.2,29.269,47.3854,10,208,Marine,10,0,0,0,0,0,0,0,Neutrals,0,,0,Wildlands,,,,,,
763,1021.01,224.57,31.5516,47.3151,10,276,Marine,10,0,0,0,0,0,0,0,Neutrals,0,,0,Wildlands,,,,,,
764,1041.22,218.33,35.3927,48.5012,39,207,Temperate deciduous forest,70,100,1,2,0,5,7.016,9,Edhellon,22,Chichbridia,4,HUMANS,,,,1820,2593.5,103.7
765,1047.82,228.67,36.6471,46.5358,39,311,Temperate deciduous forest,70,100,1,2,0,13,16.989,9,Edhellon,22,Chichbridia,4,HUMANS,,,,1820,2499.1,100.0
766,1078.87,226.08,42.5484,47.0281,45,321,Temperate deciduous forest,70,100,1,0,0,8,11.524,9,Edhellon,22,Chichbridia,8,SHIFTERS,,,,1820,2259.2,90.4
767,1081.55,227.05,43.0577,46.8437,43,193,Temperate deciduous forest,70,100,1,0,0,11,6.58,9,Edhellon,22,Chichbridia,8,SHIFTERS,,,,1820,2236.1,89.4
768,1104.97,226.61,47.5089,46.9273,43,470,Temperate deciduous forest,70,100,1,0,0,8,15.955,9,Edhellon,23,Floksia,4,HUMANS,,,,1820,2055.7,82.2
769,1130.1,219.39,52.2851,48.2997,39,382,Temperate deciduous forest,70,100,1,0,0,41,19.869,9,Edhellon,23,Floksia,4,HUMANS,,,,1820,1946.6,77.9
770,1141.5,230.4,54.4518,46.207,39,265,Temperate deciduous forest,70,100,1,0,0,9,9.137,9,Edhellon,23,Floksia,4,HUMANS,21,Brandr,141360,1820,1831.4,73.3
771,1158.98,218.43,57.774,48.4822,43,309,Temperate deciduous forest,70,100,1,0,0,8,16.91,9,Edhellon,23,Floksia,4,HUMANS,,,,1820,1842.2,73.7
772,1178.63,217.72,61.5086,48.6171,48,307,Temperate deciduous forest,70,100,1,0,0,8,16.201,9,Edhellon,23,Floksia,7,GODLINGS,,,,1820,1846.1,73.8
773,1202.98,229.42,66.1365,46.3932,41,303,Temperate deciduous forest,70,100,1,0,0,21,10.092,9,Edhellon,23,Floksia,4,HUMANS,,,,1820,1697.8,67.9
774,1214.4,226.85,68.307,46.8817,39,210,Temperate deciduous forest,70,100,1,0,0,11,6.989,9,Edhellon,23,Floksia,4,HUMANS,,,,1820,1709.2,68.4
775,1233.34,228.18,71.9067,46.6289,39,242,Temperate deciduous forest,70,100,1,0,0,10,13.31,9,Edhellon,23,Floksia,4,HUMANS,,,,1820,1650.9,66.0
776,1246.65,218.12,74.4364,48.5411,39,118,Temperate deciduous forest,70,100,1,1,0,15,5.23,9,Edhellon,23,Floksia,4,HUMANS,,,,1735,1708.7,68.3
777,1252.1,226.6,75.4722,46.9293,39,170,Temperate deciduous forest,70,100,1,1,0,15,10.407,9,Edhellon,23,Floksia,4,HUMANS,,,,1735,1631.0,65.2
778,1267.55,225.19,78.4086,47.1973,39,329,Temperate deciduous forest,70,100,1,2,0,20,14.537,9,Edhellon,23,Floksia,4,HUMANS,,,,1735,1628.5,65.1
779,1281.06,219.67,80.9763,48.2465,39,404,Taiga,200,18,1,1,141,626,22.389,9,Edhellon,23,Floksia,8,SHIFTERS,,,,1735,1961.6,78.5
780,1305.54,225.94,85.6289,47.0547,42,383,Taiga,200,18,1,0,0,13,2.564,9,Edhellon,23,Floksia,4,HUMANS,,,,1735,2161.6,86.5
781,1330.57,227.84,90.3861,46.6936,44,216,Taiga,200,18,1,0,0,14,6.0,9,Edhellon,24,Staplia,4,HUMANS,,,,344,2342.4,93.7
782,1339.44,228.21,92.0719,46.6232,41,242,Taiga,200,18,1,0,0,16,1.222,9,Edhellon,24,Staplia,4,HUMANS,,,,344,2337.8,93.5
783,1356.36,226.12,95.2877,47.0205,39,406,Taiga,200,18,1,0,0,16,2.761,9,Edhellon,24,Staplia,8,SHIFTERS,,,,344,2490.8,99.6
784,1372.38,227.8,98.3325,46.7012,39,408,Taiga,200,18,1,0,0,17,3.554,9,Edhellon,24,Staplia,8,SHIFTERS,,,,1735,2455.1,98.2
785,1397.25,223.41,103.0592,47.5356,39,332,Taiga,200,18,1,0,120,184,13.33,9,Edhellon,24,Staplia,4,HUMANS,,,,242,2480.7,99.2
786,1413.35,225.81,106.1192,47.0794,39,299,Wetland,150,10,1,0,0,20,1.56,9,Edhellon,24,Staplia,8,SHIFTERS,,,,242,2312.3,92.5
787,1436.04,229.52,110.4316,46.3742,39,339,Wetland,150,10,1,0,0,26,1.163,9,Edhellon,24,Staplia,4,HUMANS,,,,242,2385.4,95.4
788,1456.14,219.0,114.2518,48.3738,38,187,Wetland,150,10,1,1,0,46,2.441,9,Edhellon,24,Staplia,4,HUMANS,,,,242,2091.0,83.6
789,1460.24,232.37,115.031,45.8325,34,144,Wetland,150,10,1,1,0,53,2.317,9,Edhellon,24,Staplia,4,HUMANS,,,,242,2321.8,92.9
790,1479.18,222.98,118.6307,47.6173,0,312,Marine,10,0,0,0,0,934,0,0,Neutrals,0,,0,Wildlands,,,,,,
791,1509.72,222.05,124.4351,47.7941,23,146,Wetland,150,10,1,0,0,58,0.948,9,Edhellon,24,Staplia,4,HUMANS,,,,242,2516.8,100.7
792,1505.6,231.2,123.652,46.0549,23,189,Wetland,150,10,1,1,121,963,8.687,9,Edhellon,24,Staplia,4,HUMANS,,,,242,2644.8,105.8
793,1516.1,230.7,125.6477,46.1499,23,187,Wetland,150,10,1,2,121,1068,7.253,9,Edhellon,24,Staplia,4,HUMANS,,,,242,2706.1,108.2
794,1537.14,219.78,129.6465,48.2256,10,211,Marine,10,0,0,0,0,0,0,0,Neutrals,0,,0,Wildlands,,,,,,
795,1534.0,235.3,129.0497,45.2756,10,279,Marine,10,0,0,0,0,0,0,0,Neutrals,0,,0,Wildlands,,,,,,
796,1562.95,226.56,134.5519,46.9369,10,2865,Marine,10,0,0,0,0,0,0,0,Neutrals,0,,0,Wildlands,,,,,,
797,84.55,245.07,-146.4306,43.4186,7,2332,Marine,10,0,0,0,0,0,0,0,Neutrals,0,,0,Wildlands,,,,,,
798,115.77,244.88,-140.4969,43.4547,9,316,Marine,10,0,0,0,0,0,0,0,Neutrals,0,,0,Wildlands,,,,,,
799,114.0,254.7,-140.8333,41.5882,9,149,Marine,10,0,0,0,0,0,0,0,Neutrals,0,,0,Wildlands,,,,,,
800,106.7,253.4,-142.2208,41.8353,9,210,Marine,10,0,0,0,0,0,0,0,Neutrals,0,,0,Wildlands,,,,,,
801,125.9,240.8,-138.5716,44.2302,9,230,Marine,10,0,0,0,0,0,0,0,Neutrals,0,,0,Wildlands,,,,,,
802,135.99,236.72,-136.6539,45.0057,11,244,Marine,10,0,0,0,0,0,0,0,Neutrals,0,,0,Wildlands,,,,,,
803,148.78,242.19,-134.2231,43.966,11,311,Marine,10,0,0,0,0,0,0,0,Neutrals,0,,0,Wildlands,,,,,,
804,161.1,247.6,-131.8816,42.9377,11,253,Marine,10,0,0,0,0,0,0,0,Neutrals,0,,0,Wildlands,,,,,,
805,182.34,244.41,-127.8447,43.544,0,341,Marine,10,0,0,0,0,0,0,0,Neutrals,0,,0,Wildlands,,,,,,
806,192.9,246.5,-125.8377,43.1468,0,254,Marine,10,0,0,0,0,0,0,0,Neutrals,0,,0,Wildlands,,,,,,
807,203.41,248.55,-123.8402,42.7571,0,327,Marine,10,0,0,0,0,0,0,0,Neutrals,0,,0,Wildlands,,,,,,
808,221.19,235.28,-120.461,45.2794,0,1772,Marine,10,0,0,0,0,0,0,0,Neutrals,0,,0,Wildlands,,,,,,
809,338.36,241.66,-98.1918,44.0667,6,177,Marine,10,0,0,0,0,0,0,0,Neutrals,0,,0,Wildlands,,,,,,
810,344.01,247.55,-97.118,42.9472,23,136,Coastal,50,50,1,3,0,10,3.667,5,Kel'Esta,3,Str'amar,4,HUMANS,,,,715,167.0,6.7
811,353.9,248.6,-95.2383,42.7476,23,161,Coastal,50,50,1,2,0,10,4.356,5,Kel'Esta,3,Str'amar,4,HUMANS,,,,715,181.9,7.3
812,363.69,249.74,-93.3776,42.5309,22,142,Coastal,50,50,1,1,0,19,5.367,5,Kel'Esta,3,Str'amar,4,HUMANS,,,,715,197.6,7.9
813,377.1,247.4,-90.8289,42.9757,22,158,Coastal,50,50,1,1,0,26,6.066,5,Kel'Esta,3,Str'amar,4,HUMANS,,,,715,246.7,9.9
814,368.6,257.6,-92.4444,41.037,22,137,Coastal,50,50,1,1,0,16,4.926,5,Kel'Esta,3,Str'amar,4,HUMANS,,,,715,248.5,9.9
815,390.59,245.13,-88.2651,43.4072,24,147,Coastal,50,50,1,1,0,25,5.514,5,Kel'Esta,3,Str'amar,4,HUMANS,,,,715,325.7,13.0
816,382.0,255.3,-89.8977,41.4741,24,145,Wetland,150,10,1,0,0,17,1.02,5,Kel'Esta,3,Str'amar,4,HUMANS,,,,715,407.8,16.3
817,400.54,246.39,-86.374,43.1677,27,184,Coastal,50,50,1,1,0,18,11.111,5,Kel'Esta,3,Str'amar,4,HUMANS,,,,715,385.0,15.4
818,415.73,236.94,-83.487,44.9639,14,140,Marine,10,0,0,0,0,0,0,0,Neutrals,0,,0,Wildlands,,,,,,
819,439.47,239.44,-78.975,44.4887,27,164,Coastal,50,50,1,2,0,13,4.271,5,Kel'Esta,2,Ar'lond,4,HUMANS,,,,715,631.7,25.3
820,427.7,246.3,-81.212,43.1848,27,196,Coastal,50,50,1,2,0,22,4.701,5,Kel'Esta,2,Ar'lond,4,HUMANS,,,,715,556.7,22.3
821,464.93,238.17,-74.1361,44.7301,26,241,Barrens,50,50,1,0,0,21,5.939,5,Kel'Esta,2,Ar'lond,4,HUMANS,,,,315,646.8,25.9
822,472.06,241.17,-72.781,44.1599,40,278,Barrens,50,50,1,0,0,12,15.054,5,Kel'Esta,2,Ar'lond,4,HUMANS,,,,315,661.2,26.4
823,488.44,242.04,-69.6678,43.9945,40,378,Barrens,50,50,1,0,0,7,8.845,5,Kel'Esta,2,Ar'lond,4,HUMANS,37,Bre'ken,35807,315,685.1,27.4
824,510.69,250.48,-65.439,42.3903,40,364,Barrens,50,50,1,0,0,15,9.402,5,Kel'Esta,2,Ar'lond,4,HUMANS,,,,315,727.1,29.1
825,529.27,248.54,-61.9077,42.759,40,299,Barrens,50,50,1,0,0,10,19.056,5,Kel'Esta,1,Oem'rak,4,HUMANS,,,,315,697.1,27.9
826,553.06,235.55,-57.3863,45.2281,40,406,Barrens,50,50,1,0,0,10,25.03,5,Kel'Esta,1,Oem'rak,4,HUMANS,36,Tar'ia,117216,315,704.0,28.2
827,564.28,240.97,-55.2538,44.1979,40,252,Barrens,50,50,1,0,0,10,13.158,5,Kel'Esta,1,Oem'rak,4,HUMANS,,,,461,736.8,29.5
828,589.2,243.29,-50.5175,43.7569,40,307,Barrens,50,50,1,0,0,10,7.076,5,Kel'Esta,1,Oem'rak,4,HUMANS,,,,461,599.1,24.0
829,604.64,240.08,-47.583,44.3671,40,272,Barrens,50,50,1,0,0,10,6.925,5,Kel'Esta,1,Oem'rak,4,HUMANS,,,,461,512.4,20.5
830,619.04,238.75,-44.8462,44.6199,40,221,Barrens,50,50,1,0,0,11,5.611,5,Kel'Esta,1,Oem'rak,4,HUMANS,,,,461,473.6,18.9
831,634.64,239.53,-41.8813,44.4716,40,205,Coastal,50,50,1,1,0,28,6.893,5,Kel'Esta,1,Oem'rak,4,HUMANS,,,,461,387.7,15.5
832,640.5,249.2,-40.7675,42.6336,40,125,Coastal,50,50,1,1,0,17,4.239,5,Kel'Esta,1,Oem'rak,4,HUMANS,,,,461,449.9,18.0
833,626.5,249.7,-43.4284,42.5385,40,158,Barrens,50,50,1,0,0,17,3.722,5,Kel'Esta,1,Oem'rak,4,HUMANS,,,,461,459.4,18.4
834,649.8,247.43,-39.0,42.97,16,149,Marine,10,0,0,0,0,0,0,0,Neutrals,0,,0,Wildlands,,,,,,
835,652.9,256.5,-38.4108,41.246,16,161,Marine,10,0,0,0,0,0,0,0,Neutrals,0,,0,Wildlands,,,,,,
836,794.0,250.16,-11.5936,42.4511,10,283,Marine,10,0,0,0,0,0,0,0,Neutrals,0,,0,Wildlands,,,,,,
837,815.79,246.97,-7.4522,43.0574,10,202,Marine,10,0,0,0,0,0,0,0,Neutrals,0,,0,Wildlands,,,,,,
838,836.07,244.31,-3.5978,43.563,42,301,Dead Forrest,50,0,1,2,0,1,0,12,Dead Forrest,0,,6,DEMONS,,,,1715,2888.3,115.5
839,851.78,241.32,-0.612,44.1314,41,387,Dead Forrest,50,0,1,0,0,7,0,12,Dead Forrest,0,,6,DEMONS,,,,1715,2798.2,111.9
840,873.06,236.3,3.4325,45.0855,41,351,Dead Forrest,50,0,1,0,0,5,0,12,Dead Forrest,0,,10,HALFLINGS,,,,1715,2677.9,107.1
841,885.44,241.36,5.7854,44.1238,39,406,Dead Forrest,50,0,1,0,150,34,0,12,Dead Forrest,0,,10,HALFLINGS,,,,1715,2600.7,104.0
842,912.31,242.23,10.8923,43.9584,39,314,Dead Forrest,50,0,1,0,0,2,0,12,Dead Forrest,0,,6,DEMONS,,,,1715,2440.8,97.6
843,927.49,245.15,13.7773,43.4034,39,290,Dead Forrest,50,0,1,0,0,4,0,12,Dead Forrest,0,,4,HUMANS,,,,1715,2393.9,95.8
844,940.1,250.94,16.174,42.3029,39,307,Dead Forrest,50,0,1,0,0,5,0,12,Dead Forrest,0,,4,HUMANS,,,,1715,2328.3,93.1
845,969.82,235.18,21.8225,45.2984,39,217,Temperate deciduous forest,70,100,1,1,0,7,13.133,9,Edhellon,22,Chichbridia,4,HUMANS,,,,1715,2412.4,96.5
846,973.26,240.09,22.4763,44.3652,39,263,Temperate deciduous forest,70,100,1,1,0,17,11.123,9,Edhellon,22,Chichbridia,4,HUMANS,,,,1715,2366.3,94.7
847,990.2,243.9,25.6959,43.641,39,303,Temperate deciduous forest,70,100,1,2,0,17,10.703,9,Edhellon,22,Chichbridia,4,HUMANS,57,Krassen,148814,1715,2337.5,93.5
848,1007.04,247.64,28.8965,42.9301,39,284,Temperate deciduous forest,70,100,1,5,0,11,10.238,9,Edhellon,22,Chichbridia,4,HUMANS,,,,1715,2361.4,94.5
849,1001.8,257.6,27.9006,41.037,39,205,Temperate deciduous forest,70,100,1,1,0,11,4.475,1,Asra,42,Broverham,4,HUMANS,,,,1715,2274.8,91.0
850,1024.29,237.14,32.175,44.9259,10,242,Marine,10,0,0,0,0,0,0,0,Neutrals,0,,0,Wildlands,,,,,,
851,1024.5,249.5,32.2149,42.5766,10,161,Marine,10,0,0,0,0,0,0,0,Neutrals,0,,0,Wildlands,,,,,,
852,1039.31,242.08,35.0297,43.9869,10,205,Marine,10,0,0,0,0,0,0,0,Neutrals,0,,0,Wildlands,,,,,,
853,1032.0,252.0,33.6404,42.1014,10,125,Marine,10,0,0,0,0,0,0,0,Neutrals,0,,0,Wildlands,,,,,,
854,1054.89,243.78,37.9908,43.6638,39,182,Temperate deciduous forest,70,100,1,1,0,7,4.301,1,Asra,42,Broverham,4,HUMANS,,,,1820,2418.8,96.8
855,1047.9,252.0,36.6623,42.1014,39,156,Temperate deciduous forest,70,100,1,2,0,2,3.093,1,Asra,42,Broverham,4,HUMANS,,,,1820,2403.8,96.2
856,1063.51,246.21,39.6291,43.2019,47,250,Temperate deciduous forest,70,100,1,0,0,5,4.279,1,Asra,42,Broverham,4,HUMANS,,,,1820,2349.8,94.0
857,1081.21,237.69,42.9931,44.8213,49,358,Temperate deciduous forest,70,100,1,0,0,5,12.376,9,Edhellon,22,Chichbridia,4,HUMANS,,,,1820,2235.9,89.4
858,1115.02,246.41,49.419,43.1639,39,303,Temperate deciduous forest,70,100,1,0,0,14,10.432,9,Edhellon,23,Floksia,8,SHIFTERS,,,,1820,1867.7,74.7
859,1129.17,249.51,52.1083,42.5747,39,326,Temperate deciduous forest,70,100,1,0,0,8,18.056,9,Edhellon,23,Floksia,4,HUMANS,,,,1820,1756.1,70.2
860,1141.27,237.87,54.408,44.7871,39,288,Temperate deciduous forest,70,100,1,0,0,7,9.785,9,Edhellon,23,Floksia,4,HUMANS,,,,1820,1780.4,71.2
861,1162.9,241.14,58.519,44.1656,39,404,Temperate deciduous forest,70,100,1,0,146,38,13.705,9,Edhellon,23,Floksia,4,HUMANS,,,,1820,1647.0,65.9
862,1175.2,235.04,60.8567,45.325,43,379,Temperate deciduous forest,70,100,1,0,0,8,13.399,9,Edhellon,23,Floksia,4,HUMANS,,,,1820,1693.1,67.7
863,1200.53,243.62,65.6709,43.6942,39,394,Temperate deciduous forest,70,100,1,0,0,17,21.296,9,Edhellon,23,Floksia,8,SHIFTERS,,,,1820,1581.3,63.3
864,1221.18,236.07,69.5956,45.1293,39,298,Temperate deciduous forest,70,100,1,0,145,47,10.194,9,Edhellon,23,Floksia,8,SHIFTERS,,,,1820,1621.1,64.8
865,1239.06,242.13,72.9939,43.9774,39,394,Temperate deciduous forest,70,100,1,0,145,92,14.247,9,Edhellon,23,Floksia,8,SHIFTERS,,,,1820,1534.8,61.4
866,1257.55,235.01,76.508,45.3307,39,240,Temperate deciduous forest,70,100,1,0,0,13,7.91,9,Edhellon,23,Floksia,4,HUMANS,,,,1735,1553.9,62.2
867,1262.23,251.08,77.3975,42.2762,39,303,Temperate deciduous forest,70,100,1,0,0,13,10.126,9,Edhellon,23,Floksia,7,GODLINGS,,,,1735,1425.0,57.0
868,1289.0,250.32,82.4854,42.4207,39,387,Temperate deciduous forest,70,100,1,0,144,640,28.065,9,Edhellon,23,Floksia,4,HUMANS,,,,1735,1464.8,58.6
869,1309.73,240.21,86.4253,44.3423,39,318,Taiga,200,18,1,0,144,664,7.422,9,Edhellon,23,Floksia,8,SHIFTERS,,,,1735,1914.5,76.6
870,1324.16,239.21,89.1678,44.5324,43,265,Taiga,200,18,1,0,0,13,6.418,9,Edhellon,23,Floksia,4,HUMANS,,,,1735,2178.3,87.1
871,1339.58,245.37,92.0985,43.3616,40,331,Wetland,150,10,1,0,0,76,1.785,9,Edhellon,27,Falisia,4,HUMANS,,,,1735,2091.1,83.6
872,1360.45,248.29,96.0651,42.8065,39,310,Wetland,150,10,1,0,0,15,1.03,9,Edhellon,27,Falisia,7,GODLINGS,,,,1735,2179.9,87.2
873,1374.81,246.51,98.7943,43.1449,39,361,Wetland,150,10,1,0,120,324,4.284,9,Edhellon,27,Falisia,4,HUMANS,,,,1735,2040.0,81.6
874,1399.52,242.09,103.4906,43.985,39,315,Wetland,150,10,1,0,120,248,11.169,9,Edhellon,27,Falisia,4,HUMANS,,,,1735,2180.2,87.2
875,1406.55,239.14,104.8268,44.5457,39,235,Wetland,150,10,1,0,121,64,2.475,9,Edhellon,24,Staplia,8,SHIFTERS,,,,1735,2306.0,92.2
876,1428.25,239.38,108.951,44.5001,39,379,Wetland,150,10,1,0,121,152,2.502,9,Edhellon,24,Staplia,4,HUMANS,,,,1735,2538.8,101.6
877,1447.3,236.32,112.5716,45.0817,36,299,Wetland,150,10,1,0,121,245,8.984,9,Edhellon,24,Staplia,4,HUMANS,,,,242,2423.9,97.0
878,1460.8,235.56,115.1374,45.2262,27,94,Wetland,150,10,1,0,121,312,1.134,9,Edhellon,24,Staplia,4,HUMANS,,,,242,2387.2,95.5
879,1461.6,249.7,115.2895,42.5385,27,223,Wetland,150,10,1,0,0,67,1.507,9,Edhellon,24,Staplia,7,GODLINGS,,,,242,2620.9,104.8
880,1469.8,239.5,116.848,44.4773,27,152,Wetland,150,10,1,1,121,379,7.16,9,Edhellon,24,Staplia,8,SHIFTERS,,,,242,2530.6,101.2
881,1478.75,243.38,118.549,43.7398,23,141,Wetland,150,10,1,1,0,32,2.132,9,Edhellon,24,Staplia,8,SHIFTERS,,,,242,2691.5,107.7
882,1470.6,253.6,117.0,41.7973,23,186,Wetland,150,10,1,1,41,304,4.884,9,Edhellon,24,Staplia,7,GODLINGS,,,,242,2763.6,110.5
883,1490.2,241.8,120.7251,44.0401,23,186,Wetland,150,10,1,1,0,32,6.171,9,Edhellon,24,Staplia,7,GODLINGS,,,,242,2882.2,115.3
884,1485.9,249.3,119.9079,42.6146,23,128,Wetland,150,10,1,1,0,32,1.705,9,Edhellon,24,Staplia,7,GODLINGS,,,,242,2844.7,113.8
885,1501.55,240.27,122.8823,44.3309,23,132,Wetland,150,10,1,0,0,28,0.65,9,Edhellon,24,Staplia,7,GODLINGS,,,,242,2808.6,112.3
886,1516.12,243.56,125.6515,43.7056,23,181,Wetland,150,10,1,2,0,81,1.449,9,Edhellon,24,Staplia,4,HUMANS,,,,242,2912.6,116.5
887,1504.6,249.4,123.462,42.5956,23,114,Wetland,150,10,1,0,271,53,2.911,9,Edhellon,24,Staplia,8,SHIFTERS,,,,242,2979.5,119.2
888,1517.6,255.6,125.9327,41.4171,23,136,Wetland,150,10,1,2,273,106,1.923,9,Edhellon,24,Staplia,4,HUMANS,,,,242,3124.7,125.0
889,1509.6,255.4,124.4123,41.4551,23,114,Wetland,150,10,1,0,273,53,0.552,9,Edhellon,24,Staplia,8,SHIFTERS,,,,242,3108.3,124.3
890,1530.93,250.72,128.4662,42.3447,10,286,Marine,10,0,0,0,0,0,0,0,Neutrals,0,,0,Wildlands,,,,,,
891,1551.46,238.78,132.3681,44.6141,10,764,Marine,10,0,0,0,0,0,0,0,Neutrals,0,,0,Wildlands,,,,,,
892,59.48,256.32,-151.1953,41.2803,11,2938,Marine,10,0,0,0,0,0,0,0,Neutrals,0,,0,Wildlands,,,,,,
893,81.75,265.08,-146.9627,39.6152,8,281,Marine,10,0,0,0,0,0,0,0,Neutrals,0,,0,Wildlands,,,,,,
894,81.3,279.8,-147.0482,36.8173,8,243,Marine,10,0,0,0,0,0,0,0,Neutrals,0,,0,Wildlands,,,,,,
895,97.61,261.85,-143.9484,40.2291,10,293,Marine,10,0,0,0,0,0,0,0,Neutrals,0,,0,Wildlands,,,,,,
896,112.32,264.48,-141.1526,39.7293,10,229,Marine,10,0,0,0,0,0,0,0,Neutrals,0,,0,Wildlands,,,,,,
897,137.23,258.11,-136.4183,40.94,50,265,Temperate rainforest,90,90,1,5,0,26,11.219,5,Kel'Esta,4,Cass'tow,4,HUMANS,,,,,,
898,127.9,270.7,-138.1915,38.547,50,267,Temperate rainforest,90,90,1,4,0,26,19.444,5,Kel'Esta,4,Cass'tow,4,HUMANS,,,,,,
899,146.0,255.8,-134.7515,41.3791,50,180,Temperate rainforest,90,90,1,3,0,26,8.163,5,Kel'Esta,4,Cass'tow,4,HUMANS,,,,,,
900,154.78,253.52,-133.0827,41.8125,75,182,Temperate rainforest,90,90,1,6,0,29,11.793,5,Kel'Esta,4,Cass'tow,4,HUMANS,,,,,,
901,173.44,253.08,-129.5363,41.8961,0,165,Marine,10,0,0,0,0,0,0,0,Neutrals,0,,0,Wildlands,,,,,,
902,175.1,262.4,-129.2208,40.1246,0,145,Marine,10,0,0,0,0,0,0,0,Neutrals,0,,0,Wildlands,,,,,,
903,185.13,258.75,-127.3145,40.8184,55,154,Temperate rainforest,90,90,1,5,0,66,10.399,5,Kel'Esta,4,Cass'tow,4,HUMANS,,,,,,
904,188.2,267.6,-126.731,39.1362,55,174,Temperate rainforest,90,90,1,5,0,66,12.131,5,Kel'Esta,4,Cass'tow,4,HUMANS,,,,,,
905,214.16,261.83,-121.7971,40.2329,0,188,Marine,10,0,0,0,0,0,0,0,Neutrals,0,,0,Wildlands,,,,,,
906,219.61,259.49,-120.7613,40.6777,0,302,Marine,10,0,0,0,0,0,0,0,Neutrals,0,,0,Wildlands,,,,,,
907,235.21,268.52,-117.7963,38.9614,0,898,Marine,10,0,0,0,0,0,0,0,Neutrals,0,,0,Wildlands,,,,,,
908,291.32,263.13,-107.1322,39.9859,10,1630,Marine,10,0,0,0,0,0,0,0,Neutrals,0,,0,Wildlands,,,,,,
909,318.9,265.43,-101.8904,39.5487,10,295,Marine,10,0,0,0,0,0,0,0,Neutrals,0,,0,Wildlands,,,,,,
910,327.09,255.26,-100.3338,41.4817,10,375,Marine,10,0,0,0,0,0,0,0,Neutrals,0,,0,Wildlands,,,,,,
911,340.0,260.7,-97.8801,40.4477,10,159,Marine,10,0,0,0,0,0,0,0,Neutrals,0,,0,Wildlands,,,,,,
912,332.7,265.3,-99.2675,39.5734,10,125,Marine,10,0,0,0,0,0,0,0,Neutrals,0,,0,Wildlands,,,,,,
913,352.88,266.1,-95.4322,39.4213,10,166,Marine,10,0,0,0,0,0,0,0,Neutrals,0,,0,Wildlands,,,,,,
914,373.42,265.43,-91.5284,39.5487,24,118,Wetland,150,10,1,0,0,7,0.799,5,Kel'Esta,3,Str'amar,4,HUMANS,,,,715,407.8,16.3
915,376.4,274.0,-90.962,37.9197,24,145,Temperate deciduous forest,70,100,1,0,0,7,6.948,5,Kel'Esta,3,Str'amar,4,HUMANS,,,,715,448.7,17.9
916,392.84,262.29,-87.8374,40.1455,27,255,Wetland,150,10,1,0,0,8,1.181,5,Kel'Esta,3,Str'amar,4,HUMANS,,,,715,632.7,25.3
917,406.82,267.31,-85.1804,39.1913,30,318,Barrens,50,50,1,0,0,8,7.237,5,Kel'Esta,3,Str'amar,4,HUMANS,31,Al'der,165414,715,514.2,20.6
918,415.87,253.11,-83.4604,41.8904,29,302,Barrens,50,50,1,1,0,17,10.718,5,Kel'Esta,3,Str'amar,4,HUMANS,,,,715,481.7,19.3
919,439.44,257.34,-78.9807,41.0864,32,350,Barrens,50,50,1,0,0,9,8.018,5,Kel'Esta,2,Ar'lond,4,HUMANS,,,,715,623.3,24.9
920,452.5,255.96,-76.4985,41.3487,33,330,Barrens,50,50,1,0,0,12,7.444,5,Kel'Esta,2,Ar'lond,4,HUMANS,,,,715,697.3,27.9
921,473.07,264.2,-72.589,39.7825,40,412,Wetland,150,10,1,0,0,5,1.93,5,Kel'Esta,2,Ar'lond,4,HUMANS,,,,315,1041.6,41.7
922,487.51,257.57,-69.8446,41.0427,40,352,Wetland,150,10,1,0,0,5,1.59,5,Kel'Esta,2,Ar'lond,4,HUMANS,,,,315,941.8,37.7
923,515.96,256.77,-64.4374,41.1947,40,250,Glades,50,50,1,0,0,5,6.192,5,Kel'Esta,1,Oem'rak,4,HUMANS,,,,315,772.3,30.9
924,529.93,255.38,-61.7823,41.4589,40,248,Wetland,150,10,1,0,0,9,2.307,5,Kel'Esta,1,Oem'rak,4,HUMANS,,,,315,810.5,32.4
925,550.47,268.39,-57.8785,38.9861,39,383,Barrens,50,50,1,0,192,46,9.755,5,Kel'Esta,1,Oem'rak,4,HUMANS,,,,461,865.0,34.6
926,572.81,253.4,-53.6326,41.8353,40,299,Barrens,50,50,1,0,0,8,6.939,5,Kel'Esta,1,Oem'rak,4,HUMANS,,,,461,705.1,28.2
927,580.15,261.67,-52.2376,40.2634,40,259,Barrens,50,50,1,0,0,8,5.951,5,Kel'Esta,1,Oem'rak,4,HUMANS,,,,461,711.8,28.5
928,602.54,262.33,-47.9822,40.1379,40,340,Barrens,50,50,1,0,0,18,7.743,5,Kel'Esta,1,Oem'rak,4,HUMANS,,,,461,618.9,24.8
929,618.38,259.81,-44.9716,40.6169,40,200,Coastal,50,50,1,0,0,9,10.78,5,Kel'Esta,1,Oem'rak,4,HUMANS,,,,461,530.7,21.2
930,616.0,269.5,-45.424,38.7751,40,196,Coastal,50,50,1,2,0,18,5.105,5,Kel'Esta,1,Oem'rak,4,HUMANS,,,,461,585.6,23.4
931,632.3,259.3,-42.326,40.7138,40,213,Coastal,50,50,1,2,0,26,5.484,5,Kel'Esta,1,Oem'rak,4,HUMANS,,,,461,521.1,20.8
932,646.26,258.83,-39.6728,40.8032,40,129,Coastal,50,50,1,4,0,13,6.318,5,Kel'Esta,1,Oem'rak,4,HUMANS,,,,461,511.6,20.5
933,656.0,265.61,-37.8216,39.5145,9,214,Marine,10,0,0,0,0,0,0,0,Neutrals,0,,0,Wildlands,,,,,,
934,677.76,265.06,-33.686,39.619,0,1775,Marine,10,0,0,0,0,0,0,0,Neutrals,0,,0,Wildlands,,,,,,
935,780.0,253.28,-14.2544,41.8581,10,1894,Marine,10,0,0,0,0,0,0,0,Neutrals,0,,0,Wildlands,,,,,,
936,796.9,262.38,-11.0424,40.1284,10,194,Marine,10,0,0,0,0,0,0,0,Neutrals,0,,0,Wildlands,,,,,,
937,795.8,274.6,-11.2515,37.8057,10,348,Marine,10,0,0,0,0,0,0,0,Neutrals,0,,0,Wildlands,,,,,,
938,806.1,258.0,-9.2939,40.9609,10,199,Marine,10,0,0,0,0,0,0,0,Neutrals,0,,0,Wildlands,,,,,,
939,815.39,253.58,-7.5282,41.8011,10,143,Marine,10,0,0,0,0,0,0,0,Neutrals,0,,0,Wildlands,,,,,,
940,829.97,258.78,-4.7572,40.8127,42,326,Dead Forrest,50,0,1,2,0,0,0,12,Dead Forrest,0,,4,HUMANS,,,,1715,2877.0,115.1
941,822.8,271.0,-6.1199,38.49,42,314,Dead Forrest,50,0,1,2,0,0,0,1,Asra,41,Sumayya,4,HUMANS,,,,1715,2954.9,118.2
942,856.32,265.37,0.2509,39.5601,44,387,Dead Forrest,50,0,1,0,0,3,0,12,Dead Forrest,0,,4,HUMANS,,,,1715,2727.6,109.1
943,874.51,265.47,3.708,39.5411,40,406,Dead Forrest,50,0,1,0,150,40,0,12,Dead Forrest,0,,4,HUMANS,,,,1715,2617.5,104.7
944,895.97,264.9,7.7867,39.6494,39,279,Dead Forrest,50,0,1,0,0,2,0,12,Dead Forrest,0,,4,HUMANS,,,,1715,2484.5,99.4
945,904.0,263.79,9.3129,39.8604,39,319,Dead Forrest,50,0,1,0,0,26,0,12,Dead Forrest,0,,4,HUMANS,,,,1715,2439.9,97.6
946,927.8,260.77,13.8363,40.4344,39,369,Dead Forrest,50,0,1,0,0,22,0,12,Dead Forrest,0,,4,HUMANS,,,,1715,2308.0,92.3
947,949.96,259.93,18.048,40.5941,39,150,Grassland,50,30,1,0,0,5,1.048,1,Asra,42,Broverham,4,HUMANS,,,,1715,2254.9,90.2
948,955.44,259.22,19.0895,40.729,39,292,Temperate deciduous forest,70,100,1,0,0,5,5.373,1,Asra,42,Broverham,4,HUMANS,,,,1715,2280.6,91.2
949,982.11,258.42,24.1583,40.8811,39,326,Grassland,50,30,1,0,0,20,5.25,1,Asra,42,Broverham,4,HUMANS,,,,1715,2209.5,88.4
950,996.48,267.52,26.8895,39.1514,39,190,Grassland,50,30,1,0,0,24,1.006,1,Asra,42,Broverham,4,HUMANS,,,,1715,2188.1,87.5
951,1009.6,271.6,29.383,38.3759,39,284,Grassland,50,30,1,1,54,263,7.309,1,Asra,42,Broverham,4,HUMANS,,,,1715,2226.5,89.1
952,1024.68,261.94,32.2491,40.212,10,180,Marine,10,0,0,0,0,0,0,0,Neutrals,0,,0,Wildlands,,,,,,
953,1040.99,260.22,35.349,40.539,39,123,Temperate deciduous forest,70,100,1,1,0,13,4.506,1,Asra,42,Broverham,4,HUMANS,,,,1820,2377.8,95.1
954,1031.9,268.0,33.6213,39.0602,39,173,Grassland,50,30,1,2,146,308,2.078,1,Asra,42,Broverham,4,HUMANS,,,,1715,2379.7,95.2
955,1049.08,264.46,36.8865,39.7331,39,250,Temperate deciduous forest,70,100,1,0,146,295,5.283,1,Asra,42,Broverham,4,HUMANS,,,,1820,2307.5,92.3
956,1069.52,258.5,40.7713,40.8659,47,429,Temperate deciduous forest,70,100,1,0,0,2,12.072,1,Asra,42,Broverham,4,HUMANS,,,,1820,2244.5,89.8
957,1096.07,256.17,45.8174,41.3088,41,421,Temperate deciduous forest,70,100,1,0,0,8,7.196,1,Asra,42,Broverham,4,HUMANS,,,,1820,2016.8,80.7
958,1111.59,253.95,48.7671,41.7307,39,201,Temperate deciduous forest,70,100,1,0,0,3,6.921,9,Edhellon,23,Floksia,4,HUMANS,,,,1820,1895.7,75.8
959,1122.67,266.24,50.873,39.3947,39,290,Temperate deciduous forest,70,100,1,0,146,88,5.208,1,Asra,42,Broverham,4,HUMANS,,,,1820,1771.2,70.8
960,1147.62,263.22,55.6149,39.9687,39,386,Temperate deciduous forest,70,100,1,0,146,65,14.033,9,Edhellon,23,Floksia,4,HUMANS,,,,1820,1579.1,63.2
961,1165.79,265.53,59.0683,39.5297,39,254,Temperate deciduous forest,70,100,1,0,0,3,8.626,9,Edhellon,23,Floksia,4,HUMANS,,,,1820,1445.9,57.8
962,1180.97,257.71,61.9534,41.0161,39,385,Temperate deciduous forest,70,100,1,0,0,22,12.785,9,Edhellon,23,Floksia,8,SHIFTERS,,,,1820,1495.0,59.8
963,1196.62,265.5,64.9278,39.5354,51,323,Temperate deciduous forest,70,100,1,0,0,2,10.526,9,Edhellon,23,Floksia,4,HUMANS,,,,1820,1424.9,57.0
964,1214.17,259.93,68.2633,40.5941,48,399,Temperate deciduous forest,70,100,1,0,0,8,13.535,9,Edhellon,23,Floksia,4,HUMANS,,,,1820,1417.6,56.7
965,1234.73,267.17,72.1709,39.218,48,316,Temperate deciduous forest,70,100,1,0,0,2,10.467,9,Edhellon,23,Floksia,4,HUMANS,60,Fairbarn,143178,1820,1327.1,53.1
966,1253.59,262.03,75.7554,40.1949,39,348,Temperate deciduous forest,70,100,1,0,145,112,13.051,9,Edhellon,23,Floksia,7,GODLINGS,,,,1820,1407.0,56.3
967,1268.23,262.02,78.5379,40.1968,39,245,Temperate deciduous forest,70,100,1,0,0,4,9.2,9,Edhellon,23,Floksia,7,GODLINGS,,,,1735,1328.9,53.2
968,1281.97,256.82,81.1493,41.1852,39,264,Temperate deciduous forest,70,100,1,0,0,3,14.268,9,Edhellon,23,Floksia,4,HUMANS,,,,1735,1379.1,55.2
969,1299.1,262.07,84.405,40.1873,39,246,Temperate deciduous forest,70,100,1,0,0,3,8.319,9,Edhellon,23,Floksia,4,HUMANS,,,,1735,1367.7,54.7
970,1316.05,258.83,87.6265,40.8032,39,451,Wetland,150,10,1,0,120,1174,17.289,9,Edhellon,27,Falisia,4,HUMANS,,,,1735,1664.5,66.6
971,1342.51,261.73,92.6554,40.252,39,356,Wetland,150,10,1,0,120,418,4.841,9,Edhellon,27,Falisia,4,HUMANS,,,,1735,1810.0,72.4
972,1358.86,262.59,95.7629,40.0885,23,296,Wetland,150,10,1,0,120,364,0.558,11,Dymia,17,Balia,5,ANGELS,,,,1735,1851.8,74.1
973,1382.68,263.64,100.2901,39.8889,73,247,Temperate rainforest,90,90,1,1,0,2,1.336,11,Dymia,17,Balia,5,ANGELS,,,,1735,1717.0,68.7
974,1397.91,264.05,103.1846,39.811,75,210,Temperate rainforest,90,90,1,1,0,2,1.134,11,Dymia,18,Valantis,5,ANGELS,,,,1735,1875.4,75.0
975,1408.44,259.69,105.186,40.6397,100,235,Temperate rainforest,90,90,1,0,0,0,1.799,11,Dymia,18,Valantis,5,ANGELS,,,,1735,2058.7,82.3
976,1424.36,263.49,108.2117,39.9174,85,268,Temperate rainforest,90,90,1,1,0,2,1.426,11,Dymia,16,Larilius,5,ANGELS,,,,1735,2220.7,88.8
977,1414.9,268.5,106.4137,38.9652,85,169,Temperate rainforest,90,90,1,1,0,2,0.898,11,Dymia,18,Valantis,5,ANGELS,,,,1735,2166.9,86.7
978,1438.3,265.2,110.8611,39.5924,85,312,Temperate rainforest,90,90,1,1,0,2,1.683,11,Dymia,16,Larilius,5,ANGELS,,,,1735,2359.8,94.4
979,1452.19,266.98,113.501,39.2541,100,198,Temperate rainforest,90,90,1,0,0,0,1.531,11,Dymia,16,Larilius,5,ANGELS,,,,1735,2550.4,102.0
980,1462.42,263.84,115.4453,39.8509,64,152,Temperate rainforest,90,90,1,0,41,205,1.243,11,Dymia,16,Larilius,5,ANGELS,,,,1735,2668.3,106.7
981,1468.6,272.6,116.6199,38.1859,64,133,Temperate rainforest,90,90,1,1,0,205,0.801,11,Dymia,16,Larilius,5,ANGELS,,,,1735,2747.8,109.9
982,1493.06,255.17,121.2687,41.4988,23,191,Wetland,150,10,1,2,271,125,2.687,9,Edhellon,24,Staplia,8,SHIFTERS,,,,242,3009.4,120.4
983,1503.01,267.32,123.1598,39.1894,23,171,Wetland,150,10,1,2,0,33,1.173,9,Edhellon,24,Staplia,8,SHIFTERS,,,,242,3268.6,130.7
984,1519.01,267.61,126.2007,39.1343,23,128,Wetland,150,10,1,1,0,60,1.786,9,Edhellon,24,Staplia,4,HUMANS,,,,242,3324.2,133.0
985,1533.62,265.71,128.9775,39.4955,10,312,Marine,10,0,0,0,0,0,0,0,Neutrals,0,,0,Wildlands,,,,,,
986,73.41,273.43,-148.5478,38.0281,10,275,Marine,10,0,0,0,0,0,0,0,Neutrals,0,,0,Wildlands,,,,,,
987,105.72,285.86,-142.407,35.6655,60,243,Temperate rainforest,90,90,1,6,0,24,9.843,5,Kel'Esta,4,Cass'tow,4,HUMANS,,,,,,
988,118.53,283.34,-139.9724,36.1445,70,211,Temperate rainforest,90,90,1,4,0,32,8.561,5,Kel'Esta,4,Cass'tow,4,HUMANS,,,,,,
989,132.58,286.42,-137.302,35.559,10,165,Marine,10,0,0,0,0,0,0,0,Neutrals,0,,0,Wildlands,,,,,,
990,143.8,282.3,-135.1696,36.3421,10,191,Marine,10,0,0,0,0,0,0,0,Neutrals,0,,0,Wildlands,,,,,,
991,136.4,295.7,-136.576,33.7951,10,120,Marine,10,0,0,0,0,0,0,0,Neutrals,0,,0,Wildlands,,,,,,
992,154.98,278.22,-133.0447,37.1176,10,217,Marine,10,0,0,0,0,0,0,0,Neutrals,0,,0,Wildlands,,,,,,
993,164.9,285.6,-131.1594,35.7149,10,138,Marine,10,0,0,0,0,0,0,0,Neutrals,0,,0,Wildlands,,,,,,
994,147.6,291.6,-134.4474,34.5744,10,159,Marine,10,0,0,0,0,0,0,0,Neutrals,0,,0,Wildlands,,,,,,
995,165.9,275.0,-130.9693,37.7297,10,174,Marine,10,0,0,0,0,0,0,0,Neutrals,0,,0,Wildlands,,,,,,
996,176.8,271.79,-128.8977,38.3398,0,121,Marine,10,0,0,0,0,0,0,0,Neutrals,0,,0,Wildlands,,,,,,
997,175.8,282.4,-129.0877,36.3231,0,153,Marine,10,0,0,0,0,0,0,0,Neutrals,0,,0,Wildlands,,,,,,
998,191.24,276.38,-126.1532,37.4674,80,200,Temperate rainforest,90,90,1,4,0,28,7.89,5,Kel'Esta,4,Cass'tow,4,HUMANS,,,,,,
999,200.6,284.8,-124.3743,35.8669,80,193,Temperate rainforest,90,90,1,2,0,28,12.659,5,Kel'Esta,4,Cass'tow,4,HUMANS,,,,,,
1000,210.21,275.06,-122.5478,37.7183,0,191,Marine,10,0,0,0,0,0,0,0,Neutrals,0,,0,Wildlands,,,,,,
1001,218.41,276.93,-120.9893,37.3628,0,209,Marine,10,0,0,0,0,0,0,0,Neutrals,0,,0,Wildlands,,,,,,
1002,242.49,282.6,-116.4127,36.2851,0,611,Marine,10,0,0,0,0,0,0,0,Neutrals,0,,0,Wildlands,,,,,,
1003,296.74,277.83,-106.102,37.1918,10,284,Marine,10,0,0,0,0,0,0,0,Neutrals,0,,0,Wildlands,,,,,,
1004,309.5,276.8,-103.6769,37.3875,10,221,Marine,10,0,0,0,0,0,0,0,Neutrals,0,,0,Wildlands,,,,,,
1005,297.6,290.0,-105.9386,34.8786,10,254,Marine,10,0,0,0,0,0,0,0,Neutrals,0,,0,Wildlands,,,,,,
1006,322.28,275.69,-101.248,37.5985,10,172,Marine,10,0,0,0,0,0,0,0,Neutrals,0,,0,Wildlands,,,,,,
1007,338.29,275.37,-98.2051,37.6593,0,167,Marine,10,0,0,0,0,0,0,0,Neutrals,0,,0,Wildlands,,,,,,
1008,349.9,282.3,-95.9985,36.3421,0,96,Marine,10,0,0,0,0,0,0,0,Neutrals,0,,0,Wildlands,,,,,,
1009,345.8,287.8,-96.7778,35.2967,0,107,Marine,10,0,0,0,0,0,0,0,Neutrals,0,,0,Wildlands,,,,,,
1010,336.5,287.2,-98.5453,35.4108,0,158,Marine,10,0,0,0,0,0,0,0,Neutrals,0,,0,Wildlands,,,,,,
1011,354.05,272.06,-95.2098,38.2885,0,99,Marine,10,0,0,0,0,0,0,0,Neutrals,0,,0,Wildlands,,,,,,
1012,357.8,280.6,-94.4971,36.6653,0,95,Marine,10,0,0,0,0,0,0,0,Neutrals,0,,0,Wildlands,,,,,,
1013,366.45,272.79,-92.8531,38.1497,23,143,Tropical seasonal forest,70,50,1,4,0,15,3.86,5,Kel'Esta,3,Str'amar,4,HUMANS,,,,715,369.6,14.8
1014,379.32,282.55,-90.407,36.2946,30,162,Tropical seasonal forest,70,50,1,3,0,9,4.12,5,Kel'Esta,3,Str'amar,4,HUMANS,,,,715,515.8,20.6
1015,395.6,283.2,-87.3129,36.1711,30,256,Tropical seasonal forest,70,50,1,2,0,9,6.622,5,Kel'Esta,3,Str'amar,4,HUMANS,,,,715,637.3,25.5
1016,411.84,283.94,-84.2263,36.0304,31,174,Tropical seasonal forest,70,50,1,2,0,8,4.145,5,Kel'Esta,3,Str'amar,4,HUMANS,,,,715,651.3,26.1
1017,417.32,285.1,-83.1848,35.8099,30,227,Tropical seasonal forest,70,50,1,0,0,10,5.284,5,Kel'Esta,3,Str'amar,4,HUMANS,,,,715,673.2,26.9
1018,440.55,280.93,-78.7697,36.6025,37,408,Glades,50,50,1,0,0,7,9.42,5,Kel'Esta,3,Str'amar,4,HUMANS,,,,715,769.4,30.8
1019,453.09,274.26,-76.3864,37.8703,36,359,Barrens,50,50,1,0,0,22,8.248,5,Kel'Esta,2,Ar'lond,4,HUMANS,,,,715,754.8,30.2
1020,474.87,286.73,-72.2469,35.5001,40,382,Glades,50,50,1,0,0,7,8.524,5,Kel'Esta,1,Oem'rak,4,HUMANS,,,,715,906.6,36.3
1021,501.73,273.11,-67.142,38.0889,40,334,Glades,50,50,1,0,0,7,7.996,5,Kel'Esta,1,Oem'rak,4,HUMANS,,,,315,861.0,34.4
1022,505.73,276.1,-66.3817,37.5206,40,392,Glades,50,50,1,0,0,7,8.432,5,Kel'Esta,1,Oem'rak,4,HUMANS,,,,315,888.5,35.5
1023,534.86,272.44,-60.8453,38.2163,39,451,Glades,50,50,1,0,0,21,10.753,5,Kel'Esta,1,Oem'rak,4,HUMANS,,,,315,907.3,36.3
1024,546.68,272.96,-58.5988,38.1174,37,275,Barrens,50,50,1,0,0,10,6.203,5,Kel'Esta,1,Oem'rak,4,HUMANS,,,,461,897.7,35.9
1025,573.59,273.53,-53.4844,38.0091,40,246,Barrens,50,50,1,0,0,9,5.698,5,Kel'Esta,1,Oem'rak,4,HUMANS,,,,461,786.4,31.5
1026,577.13,279.39,-52.8115,36.8952,39,163,Temperate deciduous forest,70,100,1,1,0,10,9.65,5,Kel'Esta,1,Oem'rak,4,HUMANS,,,,461,823.6,32.9
1027,586.9,279.9,-50.9547,36.7983,39,190,Coastal,50,50,1,2,0,36,9.907,5,Kel'Esta,1,Oem'rak,4,HUMANS,,,,461,748.3,29.9
1028,596.71,280.35,-49.0902,36.7128,40,204,Coastal,50,50,1,1,0,10,6.927,5,Kel'Esta,1,Oem'rak,4,HUMANS,,,,461,723.1,28.9
1029,613.7,279.27,-45.8611,36.9181,40,250,Coastal,50,50,1,4,0,16,12.586,5,Kel'Esta,1,Oem'rak,4,HUMANS,35,Eas'em,125644,461,640.8,25.6
1030,639.51,279.04,-40.9557,36.9618,15,330,Marine,10,0,0,0,0,0,0,0,Neutrals,0,,0,Wildlands,,,,,,
1031,649.03,272.8,-39.1463,38.1478,0,235,Marine,10,0,0,0,0,0,0,0,Neutrals,0,,0,Wildlands,,,,,,
1032,669.64,282.3,-35.2292,36.3421,0,1656,Marine,10,0,0,0,0,0,0,0,Neutrals,0,,0,Wildlands,,,,,,
1033,794.67,286.9,-11.4662,35.4678,10,156,Marine,10,0,0,0,0,0,0,0,Neutrals,0,,0,Wildlands,,,,,,
1034,785.7,293.1,-13.1711,34.2893,10,322,Marine,10,0,0,0,0,0,0,0,Neutrals,0,,0,Wildlands,,,,,,
1035,815.55,283.19,-7.4978,36.173,48,284,Hot desert,200,20,1,2,0,1,1.525,1,Asra,41,Sumayya,4,HUMANS,,,,1715,3313.7,132.5
1036,807.4,289.6,-9.0468,34.9546,48,161,Hot desert,200,20,1,2,0,1,3.458,1,Asra,41,Sumayya,4,HUMANS,,,,1715,3541.8,141.7
1037,842.04,285.46,-2.4632,35.7415,43,355,Grassland,50,30,1,0,0,4,6.172,1,Asra,41,Sumayya,4,HUMANS,,,,1715,2825.6,113.0
1038,857.74,275.04,0.5208,37.7221,43,212,Dead Forrest,50,0,1,0,0,3,0,1,Asra,41,Sumayya,4,HUMANS,,,,1715,2721.9,108.9
1039,866.97,282.12,2.275,36.3763,39,252,Dead Forrest,50,0,1,0,0,7,0,1,Asra,41,Sumayya,4,HUMANS,,,,1715,2651.5,106.1
1040,887.48,277.98,6.1731,37.1633,39,332,Dead Forrest,50,0,1,0,150,52,0,1,Asra,41,Sumayya,4,HUMANS,,,,1715,2536.5,101.5
1041,905.54,282.16,9.6056,36.3687,45,304,Dead Forrest,50,0,1,0,0,2,0,1,Asra,42,Broverham,4,HUMANS,,,,1715,2422.5,96.9
1042,921.02,281.17,12.5477,36.5569,43,380,Grassland,50,30,1,0,0,4,6.355,1,Asra,42,Broverham,4,HUMANS,,,,1715,2332.9,93.3
1043,947.25,272.95,17.5329,38.1193,43,475,Grassland,50,30,1,0,0,5,9.682,1,Asra,42,Broverham,8,SHIFTERS,,,,1715,2181.7,87.3
1044,966.98,271.59,21.2827,38.3778,42,351,Grassland,50,30,1,0,0,8,2.452,1,Asra,42,Broverham,4,HUMANS,,,,1715,2150.4,86.0
1045,980.76,277.27,23.9018,37.2982,42,218,Grassland,50,30,1,0,0,9,1.148,1,Asra,42,Broverham,4,HUMANS,,,,1715,2105.6,84.2
1046,991.37,279.88,25.9183,36.8021,37,238,Grassland,50,30,1,0,54,235,2.078,1,Asra,42,Broverham,4,HUMANS,,,,1715,2110.9,84.4
1047,1022.74,275.71,31.8804,37.5947,37,215,Grassland,50,30,1,1,0,75,2.532,1,Asra,42,Broverham,4,HUMANS,,,,1715,2298.5,91.9
1048,1034.17,285.64,34.0528,35.7073,52,304,Grassland,50,30,1,0,0,20,1.645,1,Asra,42,Broverham,4,HUMANS,,,,1715,2289.3,91.6
1049,1058.84,279.21,38.7415,36.9295,39,321,Grassland,50,30,1,0,146,293,3.074,1,Asra,42,Broverham,4,HUMANS,,,,1820,2171.3,86.9
1050,1063.41,286.98,39.6101,35.4526,39,204,Grassland,50,30,1,0,0,20,1.235,1,Asra,42,Broverham,8,SHIFTERS,,,,1820,2118.1,84.7
1051,1090.81,274.91,44.8177,37.7468,36,553,Savanna,60,32,1,0,146,240,4.785,1,Asra,42,Broverham,4,HUMANS,,,,1820,1980.6,79.2
1052,1110.37,271.18,48.5352,38.4558,39,275,Temperate deciduous forest,70,100,1,0,66,169,8.462,1,Asra,42,Broverham,8,SHIFTERS,,,,1820,1849.1,74.0
1053,1118.67,281.96,50.1127,36.4068,39,332,Savanna,60,32,1,0,66,56,2.072,1,Asra,42,Broverham,4,HUMANS,,,,1820,1744.4,69.8
1054,1142.61,277.58,54.6627,37.2393,42,363,Temperate deciduous forest,70,100,1,0,0,11,6.148,1,Asra,45,Meliscomia,4,HUMANS,,,,1820,1582.6,63.3
1055,1162.83,274.39,58.5057,37.8456,39,207,Temperate deciduous forest,70,100,1,0,0,13,7.091,9,Edhellon,23,Floksia,4,HUMANS,,,,1820,1421.8,56.9
1056,1172.39,276.68,60.3227,37.4103,39,313,Temperate deciduous forest,70,100,1,0,57,332,13.083,9,Edhellon,23,Floksia,4,HUMANS,,,,1820,1346.1,53.8
1057,1191.31,280.64,63.9186,36.6577,51,341,Temperate deciduous forest,70,100,1,0,0,13,11.368,9,Edhellon,23,Floksia,4,HUMANS,,,,1820,1301.3,52.1
1058,1214.2,277.21,68.269,37.3096,54,356,Temperate deciduous forest,70,100,1,0,0,14,11.627,9,Edhellon,23,Floksia,4,HUMANS,,,,1820,1284.6,51.4
1059,1233.82,275.06,71.998,37.7183,45,289,Temperate deciduous forest,70,100,1,0,0,21,16.201,9,Edhellon,23,Floksia,4,HUMANS,,,,1820,1261.4,50.5
1060,1258.51,286.04,76.6905,35.6313,39,389,Temperate deciduous forest,70,100,1,0,145,179,23.688,9,Edhellon,23,Floksia,4,HUMANS,,,,1820,1218.2,48.7
1061,1272.55,280.34,79.3589,36.7147,39,278,Temperate deciduous forest,70,100,1,0,0,21,9.376,9,Edhellon,23,Floksia,7,GODLINGS,,,,1735,1184.0,47.4
1062,1294.88,272.94,83.6029,38.1212,39,224,Temperate deciduous forest,70,100,1,0,0,20,7.705,9,Edhellon,23,Floksia,4,HUMANS,,,,1735,1278.0,51.1
1063,1297.68,273.51,84.1351,38.0129,39,207,Wetland,150,10,1,0,144,1197,6.887,9,Edhellon,23,Floksia,4,HUMANS,,,,1735,1337.1,53.5
1064,1315.3,283.69,87.4839,36.0779,41,568,Wetland,150,10,1,0,0,22,1.94,9,Edhellon,27,Falisia,8,SHIFTERS,,,,1735,1575.3,63.0
1065,1347.78,274.09,93.657,37.9026,64,356,Temperate rainforest,90,90,1,0,0,26,2.38,11,Dymia,17,Balia,5,ANGELS,,,,1735,1576.3,63.1
1066,1356.53,284.13,95.32,35.9943,100,281,Temperate rainforest,90,90,1,0,0,0,1.092,11,Dymia,17,Balia,5,ANGELS,67,Balia,98283,1735,1483.4,59.3
1067,1378.48,271.17,99.4918,38.4577,98,186,Temperate rainforest,90,90,1,2,0,24,0.826,11,Dymia,17,Balia,5,ANGELS,,,,1735,1631.6,65.3
1068,1372.4,281.4,98.3363,36.5132,98,197,Temperate rainforest,90,90,1,1,0,24,0.954,11,Dymia,17,Balia,5,ANGELS,,,,1735,1513.8,60.6
1069,1391.98,277.65,102.0576,37.226,0,187,Marine,10,0,0,0,0,0,0,0,Neutrals,0,,0,Wildlands,,,,,,
1070,1383.5,289.7,100.4459,34.9356,0,213,Marine,10,0,0,0,0,0,0,0,Neutrals,0,,0,Wildlands,,,,,,
1071,1405.47,273.45,104.6215,38.0243,100,155,Temperate rainforest,90,90,1,1,0,26,0.791,11,Dymia,18,Valantis,5,ANGELS,,,,1735,2069.4,82.8
1072,1410.2,286.1,105.5205,35.6199,100,201,Temperate rainforest,90,90,1,1,0,26,1.195,11,Dymia,18,Valantis,5,ANGELS,,,,1735,2203.1,88.1
1073,1432.77,280.16,109.8101,36.7489,5,245,Marine,10,0,0,0,0,0,0,0,Neutrals,0,,0,Wildlands,,,,,,
1074,1440.5,286.2,111.2792,35.6008,5,119,Marine,10,0,0,0,0,0,0,0,Neutrals,0,,0,Wildlands,,,,,,
1075,1452.54,278.15,113.5675,37.1309,83,172,Temperate rainforest,90,90,1,4,0,90,1.287,11,Dymia,16,Larilius,5,ANGELS,,,,1735,2550.3,102.0
1076,1463.6,279.8,115.6696,36.8173,83,160,Temperate rainforest,90,90,1,2,0,90,1.137,11,Dymia,16,Larilius,5,ANGELS,64,Larilius,64855,1735,2661.0,106.4
1077,1474.74,281.42,117.7868,36.5094,100,145,Temperate rainforest,90,90,1,4,0,17,0.595,11,Dymia,16,Larilius,5,ANGELS,,,,1735,2819.8,112.8
1078,1482.04,272.17,119.1743,38.2676,10,213,Marine,10,0,0,0,0,0,0,0,Neutrals,0,,0,Wildlands,,,,,,
1079,1494.2,275.3,121.4854,37.6727,10,165,Marine,10,0,0,0,0,0,0,0,Neutrals,0,,0,Wildlands,,,,,,
1080,1483.5,285.8,119.4518,35.6769,10,152,Marine,10,0,0,0,0,0,0,0,Neutrals,0,,0,Wildlands,,,,,,
1081,1506.27,278.41,123.7794,37.0815,10,141,Marine,10,0,0,0,0,0,0,0,Neutrals,0,,0,Wildlands,,,,,,
1082,1495.6,288.9,121.7515,35.0876,10,185,Marine,10,0,0,0,0,0,0,0,Neutrals,0,,0,Wildlands,,,,,,
1083,1514.2,284.1,125.2865,36.0,10,154,Marine,10,0,0,0,0,0,0,0,Neutrals,0,,0,Wildlands,,,,,,
1084,1518.28,272.69,126.062,38.1687,22,134,Wetland,150,10,1,5,0,54,0.873,9,Edhellon,24,Staplia,4,HUMANS,,,,242,3408.9,136.4
1085,1541.99,276.91,130.5683,37.3666,10,316,Marine,10,0,0,0,0,0,0,0,Neutrals,0,,0,Wildlands,,,,,,
1086,1532.1,283.4,128.6886,36.1331,10,190,Marine,10,0,0,0,0,0,0,0,Neutrals,0,,0,Wildlands,,,,,,
1087,1558.46,283.7,133.6985,36.076,10,5394,Marine,10,0,0,0,0,0,0,0,Neutrals,0,,0,Wildlands,,,,,,
1088,66.93,289.25,-149.7794,35.0211,10,712,Marine,10,0,0,0,0,0,0,0,Neutrals,0,,0,Wildlands,,,,,,
1089,80.75,294.54,-147.1528,34.0156,10,180,Marine,10,0,0,0,0,0,0,0,Neutrals,0,,0,Wildlands,,,,,,
1090,92.2,294.1,-144.9766,34.0993,10,196,Marine,10,0,0,0,0,0,0,0,Neutrals,0,,0,Wildlands,,,,,,
1091,83.4,304.9,-146.6491,32.0465,10,200,Marine,10,0,0,0,0,0,0,0,Neutrals,0,,0,Wildlands,,,,,,
1092,103.71,293.65,-142.789,34.1848,10,130,Marine,10,0,0,0,0,0,0,0,Neutrals,0,,0,Wildlands,,,,,,
1093,114.4,296.6,-140.7573,33.6241,10,141,Marine,10,0,0,0,0,0,0,0,Neutrals,0,,0,Wildlands,,,,,,
1094,108.4,307.6,-141.8977,31.5333,10,170,Marine,10,0,0,0,0,0,0,0,Neutrals,0,,0,Wildlands,,,,,,
1095,125.0,299.64,-138.7427,33.0463,10,140,Marine,10,0,0,0,0,0,0,0,Neutrals,0,,0,Wildlands,,,,,,
1096,127.4,309.7,-138.2865,31.1341,10,91,Marine,10,0,0,0,0,0,0,0,Neutrals,0,,0,Wildlands,,,,,,
1097,119.1,310.6,-139.864,30.963,10,123,Marine,10,0,0,0,0,0,0,0,Neutrals,0,,0,Wildlands,,,,,,
1098,140.28,304.99,-135.8386,32.0294,10,112,Marine,10,0,0,0,0,0,0,0,Neutrals,0,,0,Wildlands,,,,,,
1099,135.0,312.4,-136.8421,30.6209,10,98,Marine,10,0,0,0,0,0,0,0,Neutrals,0,,0,Wildlands,,,,,,
1100,161.1,297.86,-131.8816,33.3846,55,163,Temperate rainforest,90,90,1,3,0,27,13.188,5,Kel'Esta,4,Cass'tow,4,HUMANS,,,,1200,157.1,6.3
1101,153.4,305.0,-133.345,32.0275,55,115,Temperate rainforest,90,90,1,2,0,27,5.151,5,Kel'Esta,4,Cass'tow,4,HUMANS,,,,1200,105.4,4.2
1102,174.86,292.99,-129.2664,34.3102,0,193,Marine,10,0,0,0,0,0,0,0,Neutrals,0,,0,Wildlands,,,,,,
1103,191.41,298.96,-126.1209,33.1755,0,198,Marine,10,0,0,0,0,0,0,0,Neutrals,0,,0,Wildlands,,,,,,
1104,199.0,305.0,-124.6784,32.0275,0,129,Marine,10,0,0,0,0,0,0,0,Neutrals,0,,0,Wildlands,,,,,,
1105,186.5,308.6,-127.0541,31.3432,0,125,Marine,10,0,0,0,0,0,0,0,Neutrals,0,,0,Wildlands,,,,,,
1106,209.86,293.2,-122.6143,34.2703,70,180,Temperate rainforest,90,90,1,7,0,36,13.42,5,Kel'Esta,4,Cass'tow,4,HUMANS,,,,,,
1107,219.79,291.1,-120.727,34.6695,0,178,Marine,10,0,0,0,0,0,0,0,Neutrals,0,,0,Wildlands,,,,,,
1108,220.8,303.5,-120.5351,32.3126,0,235,Marine,10,0,0,0,0,0,0,0,Neutrals,0,,0,Wildlands,,,,,,
1109,235.87,291.59,-117.6709,34.5763,0,447,Marine,10,0,0,0,0,0,0,0,Neutrals,0,,0,Wildlands,,,,,,
1110,275.77,295.07,-110.0876,33.9149,10,795,Marine,10,0,0,0,0,0,0,0,Neutrals,0,,0,Wildlands,,,,,,
1111,298.39,302.17,-105.7885,32.5654,10,246,Marine,10,0,0,0,0,0,0,0,Neutrals,0,,0,Wildlands,,,,,,
1112,318.35,289.07,-101.9949,35.0553,23,227,Tropical rainforest,80,80,1,5,0,22,21.648,4,Boru,29,Ouro,4,HUMANS,,,,715,2001.7,80.1
1113,314.7,301.4,-102.6886,32.7117,23,235,Tropical seasonal forest,70,50,1,4,0,22,9.853,4,Boru,29,Ouro,4,HUMANS,,,,715,1888.5,75.5
1114,334.76,298.94,-98.876,33.1793,0,214,Marine,10,0,0,0,0,0,0,0,Neutrals,0,,0,Wildlands,,,,,,
1115,344.1,299.6,-97.1009,33.0539,0,107,Marine,10,0,0,0,0,0,0,0,Neutrals,0,,0,Wildlands,,,,,,
1116,353.35,300.32,-95.3428,32.917,0,156,Marine,10,0,0,0,0,0,0,0,Neutrals,0,,0,Wildlands,,,,,,
1117,361.47,289.18,-93.7996,35.0344,0,166,Marine,10,0,0,0,0,0,0,0,Neutrals,0,,0,Wildlands,,,,,,
1118,373.4,292.1,-91.5322,34.4794,0,209,Marine,10,0,0,0,0,0,0,0,Neutrals,0,,0,Wildlands,,,,,,
1119,385.31,295.0,-89.2686,33.9282,0,205,Marine,10,0,0,0,0,0,0,0,Neutrals,0,,0,Wildlands,,,,,,
1120,398.3,297.2,-86.7997,33.51,0,213,Marine,10,0,0,0,0,0,0,0,Neutrals,0,,0,Wildlands,,,,,,
1121,411.36,299.4,-84.3175,33.0919,0,171,Marine,10,0,0,0,0,0,0,0,Neutrals,0,,0,Wildlands,,,,,,
1122,418.22,292.83,-83.0137,34.3407,28,198,Tropical seasonal forest,70,50,1,1,251,76,8.6,5,Kel'Esta,3,Str'amar,4,HUMANS,,,,715,745.1,29.8
1123,419.6,306.5,-82.7515,31.7423,28,278,Tropical seasonal forest,70,50,1,1,0,9,9.719,5,Kel'Esta,1,Oem'rak,4,HUMANS,,,,715,850.9,34.0
1124,448.91,297.12,-77.1808,33.5252,27,330,Glades,50,50,1,0,251,50,8.441,5,Kel'Esta,1,Oem'rak,4,HUMANS,,,,715,881.6,35.3
1125,456.89,298.81,-75.6642,33.204,40,182,Glades,50,50,1,0,0,5,4.342,5,Kel'Esta,1,Oem'rak,4,HUMANS,32,Mal'ler,172657,715,905.1,36.2
1126,468.91,293.45,-73.3797,34.2228,40,248,Glades,50,50,1,0,0,7,5.629,5,Kel'Esta,1,Oem'rak,4,HUMANS,,,,715,905.2,36.2
1127,489.35,302.09,-69.4949,32.5806,40,291,Glades,50,50,1,0,0,5,6.663,5,Kel'Esta,1,Oem'rak,4,HUMANS,,,,715,1022.7,40.9
1128,508.99,300.95,-65.7621,32.7973,40,498,Glades,50,50,1,0,0,13,11.35,5,Kel'Esta,1,Oem'rak,4,HUMANS,,,,315,1026.3,41.1
1129,535.94,302.22,-60.6401,32.5559,36,553,Glades,50,50,1,0,222,52,13.925,5,Kel'Esta,1,Oem'rak,4,HUMANS,,,,461,1081.1,43.2
1130,555.91,303.95,-56.8446,32.227,31,220,Glades,50,50,1,0,0,11,5.17,5,Kel'Esta,1,Oem'rak,4,HUMANS,34,Ly'berr,35898,461,994.6,39.8
1131,565.97,292.5,-54.9326,34.4034,36,414,Glades,50,50,1,2,192,80,14.061,5,Kel'Esta,1,Oem'rak,4,HUMANS,,,,461,910.8,36.4
1132,590.96,297.28,-50.183,33.4948,0,210,Marine,10,0,0,0,0,0,0,0,Neutrals,0,,0,Wildlands,,,,,,
1133,590.5,308.7,-50.2705,31.3242,0,268,Marine,10,0,0,0,0,0,0,0,Neutrals,0,,0,Wildlands,,,,,,
1134,603.8,302.8,-47.7427,32.4456,0,155,Marine,10,0,0,0,0,0,0,0,Neutrals,0,,0,Wildlands,,,,,,
1135,596.56,292.44,-49.1187,34.4148,0,146,Marine,10,0,0,0,0,0,0,0,Neutrals,0,,0,Wildlands,,,,,,
1136,606.6,300.4,-47.2105,32.9018,0,140,Marine,10,0,0,0,0,0,0,0,Neutrals,0,,0,Wildlands,,,,,,
1137,626.29,290.03,-43.4683,34.8729,0,266,Marine,10,0,0,0,0,0,0,0,Neutrals,0,,0,Wildlands,,,,,,
1138,621.5,299.2,-44.3787,33.1299,0,214,Marine,10,0,0,0,0,0,0,0,Neutrals,0,,0,Wildlands,,,,,,
1139,646.45,302.72,-39.6367,32.4608,12,907,Marine,10,0,0,0,0,0,0,0,Neutrals,0,,0,Wildlands,,,,,,
1140,758.21,304.7,-18.3958,32.0845,10,2088,Marine,10,0,0,0,0,0,0,0,Neutrals,0,,0,Wildlands,,,,,,
1141,776.65,299.33,-14.8911,33.1052,10,354,Marine,10,0,0,0,0,0,0,0,Neutrals,0,,0,Wildlands,,,,,,
1142,779.2,309.3,-14.4064,31.2101,10,179,Marine,10,0,0,0,0,0,0,0,Neutrals,0,,0,Wildlands,,,,,,
1143,799.18,295.93,-10.6091,33.7514,91,175,Hot desert,200,20,1,3,0,5,2.871,1,Asra,41,Sumayya,4,HUMANS,,,,1715,4015.4,160.6
1144,814.83,302.88,-7.6346,32.4304,68,236,Hot desert,200,20,1,0,0,1,3.949,1,Asra,41,Sumayya,4,HUMANS,,,,1715,3945.2,157.8
1145,835.78,297.52,-3.6529,33.4492,39,294,Hot desert,200,20,1,0,0,18,0.978,1,Asra,41,Sumayya,8,SHIFTERS,,,,1715,3124.5,125.0
1146,855.91,295.9,0.173,33.7571,39,278,Hot desert,200,20,1,0,0,17,1.166,1,Asra,41,Sumayya,4,HUMANS,,,,1715,3040.3,121.6
1147,874.81,296.91,3.7651,33.5652,39,379,Tropical seasonal forest,70,50,1,0,150,56,4.045,1,Asra,41,Sumayya,8,SHIFTERS,,,,1715,2702.2,108.1
1148,894.74,301.0,7.5529,32.7878,47,442,Tropical seasonal forest,70,50,1,0,0,2,4.399,1,Asra,41,Sumayya,8,SHIFTERS,,,,1715,2533.5,101.3
1149,915.84,296.44,11.5632,33.6545,49,350,Savanna,60,32,1,0,0,1,1.834,1,Asra,42,Broverham,4,HUMANS,,,,1715,2367.3,94.7
1150,930.19,299.61,14.2905,33.052,43,244,Savanna,60,32,1,0,0,5,1.718,1,Asra,42,Broverham,4,HUMANS,,,,1715,2255.8,90.2
1151,937.3,302.05,15.6418,32.5882,43,318,Savanna,60,32,1,0,0,5,2.159,1,Asra,42,Broverham,4,HUMANS,,,,1715,2206.2,88.2
1152,967.27,297.77,21.3379,33.4017,44,467,Savanna,60,32,1,0,0,5,2.891,1,Asra,42,Broverham,4,HUMANS,,,,1715,2006.4,80.3
1153,981.44,291.09,24.031,34.6714,41,233,Savanna,60,32,1,0,0,9,1.21,1,Asra,42,Broverham,4,HUMANS,,,,1715,2027.6,81.1
1154,994.41,298.09,26.4961,33.3409,42,365,Savanna,60,32,1,0,54,206,3.545,1,Asra,42,Broverham,4,HUMANS,,,,1715,2009.3,80.4
1155,1018.29,295.69,31.0346,33.797,70,376,Savanna,60,32,1,0,0,3,7.271,1,Asra,42,Broverham,4,HUMANS,,,,1715,2185.9,87.4
1156,1026.98,301.05,32.6863,32.7782,66,284,Savanna,60,32,1,0,0,9,1.693,1,Asra,42,Broverham,7,GODLINGS,,,,1715,2253.3,90.1
1157,1045.87,298.02,36.2765,33.3542,52,389,Grassland,50,30,1,0,0,19,6.637,1,Asra,42,Broverham,7,GODLINGS,,,,1820,2197.9,87.9
1158,1066.56,292.99,40.2088,34.3102,55,335,Grassland,50,30,1,0,0,5,1.436,1,Asra,42,Broverham,8,SHIFTERS,,,,1820,2080.8,83.2
1159,1084.75,303.35,43.6659,32.3411,57,313,Savanna,60,32,1,0,0,17,1.619,1,Asra,43,Kiton,4,HUMANS,,,,1820,1965.7,78.6
1160,1104.39,300.78,47.3987,32.8296,55,413,Savanna,60,32,1,0,0,15,2.795,1,Asra,43,Kiton,4,HUMANS,,,,1820,1828.4,73.1
1161,1129.79,295.2,52.2262,33.8902,45,352,Savanna,60,32,1,0,66,42,2.424,1,Asra,45,Meliscomia,4,HUMANS,,,,1820,1630.3,65.2
1162,1150.7,300.17,56.2003,32.9455,43,202,Savanna,60,32,1,0,57,281,1.816,1,Asra,45,Meliscomia,8,SHIFTERS,,,,1820,1481.3,59.3
1163,1155.59,293.2,57.1297,34.2703,41,286,Savanna,60,32,1,0,57,319,2.786,1,Asra,45,Meliscomia,4,HUMANS,,,,1820,1422.3,56.9
1164,1178.95,304.64,61.5694,32.0959,40,345,Savanna,60,32,1,0,0,15,1.844,1,Asra,45,Meliscomia,4,HUMANS,,,,1820,1234.4,49.4
1165,1190.03,296.55,63.6753,33.6336,39,336,Savanna,60,32,1,0,57,374,14.074,9,Edhellon,23,Floksia,8,SHIFTERS,,,,1820,1141.5,45.7
1166,1213.9,295.65,68.212,33.8046,42,402,Temperate deciduous forest,70,100,1,0,0,29,13.876,9,Edhellon,23,Floksia,4,HUMANS,,,,1820,1100.0,44.0
1167,1231.49,292.5,71.5551,34.4034,45,413,Temperate deciduous forest,70,100,1,0,0,14,14.963,9,Edhellon,23,Floksia,4,HUMANS,,,,1820,1125.9,45.0
1168,1254.01,304.51,75.8352,32.1206,39,411,Temperate deciduous forest,70,100,1,0,145,200,16.733,9,Edhellon,23,Floksia,4,HUMANS,,,,1820,1071.9,42.9
1169,1273.14,289.5,79.4711,34.9736,39,170,Temperate deciduous forest,70,100,1,0,0,21,5.659,9,Edhellon,23,Floksia,4,HUMANS,,,,1735,1113.3,44.5
1170,1279.46,293.92,80.6722,34.1335,39,294,Temperate deciduous forest,70,100,1,0,0,19,9.955,9,Edhellon,23,Floksia,4,HUMANS,,,,1735,1077.5,43.1
1171,1297.09,299.38,84.023,33.0957,37,364,Wetland,150,10,1,0,144,1238,12.78,9,Edhellon,23,Floksia,4,HUMANS,,,,1735,1292.2,51.7
1172,1326.67,303.38,89.6449,32.3354,35,294,Wetland,150,10,1,0,38,84,2.583,10,Lecende,0,,4,HUMANS,,,,1735,1143.9,45.8
1173,1340.69,302.24,92.3095,32.5521,67,384,Temperate rainforest,90,90,1,0,38,35,1.614,11,Dymia,19,Melephene,5,ANGELS,,,,1735,1288.9,51.6
1174,1366.23,291.66,97.1636,34.563,100,182,Temperate rainforest,90,90,1,2,0,15,1.204,11,Dymia,17,Balia,5,ANGELS,,,,1735,1395.3,55.8
1175,1364.6,305.7,96.8538,31.8944,100,255,Temperate rainforest,90,90,1,1,0,15,1.316,11,Dymia,19,Melephene,5,ANGELS,,,,1735,1255.4,50.2
1176,1374.92,301.78,98.8152,32.6395,4,158,Marine,10,0,0,0,0,0,0,0,Neutrals,0,,0,Wildlands,,,,,,
1177,1383.1,308.9,100.3699,31.2862,4,208,Marine,10,0,0,0,0,0,0,0,Neutrals,0,,0,Wildlands,,,,,,
1178,1397.33,289.3,103.0744,35.0116,77,194,Temperate rainforest,90,90,1,4,0,24,1.461,11,Dymia,18,Valantis,5,ANGELS,,,,1735,2245.8,89.8
1179,1406.2,294.0,104.7602,34.1183,77,161,Temperate rainforest,90,90,1,2,0,24,1.362,11,Dymia,18,Valantis,5,ANGELS,,,,1735,2290.8,91.6
1180,1414.99,298.73,106.4308,33.2192,86,193,Temperate rainforest,90,90,1,3,0,38,2.03,11,Dymia,18,Valantis,5,ANGELS,65,Valantis,89947,1735,2336.8,93.5
1181,1426.8,296.5,108.6754,33.6431,86,219,Temperate rainforest,90,90,1,2,0,38,1.656,11,Dymia,18,Valantis,5,ANGELS,,,,1735,2397.0,95.9
1182,1438.7,294.26,110.9371,34.0688,91,152,Temperate rainforest,90,90,1,5,0,22,0.615,11,Dymia,18,Valantis,5,ANGELS,,,,1735,2531.9,101.3
1183,1448.21,292.15,112.7446,34.4699,0,123,Marine,10,0,0,0,0,0,0,0,Neutrals,0,,0,Wildlands,,,,,,
1184,1456.2,296.7,114.2632,33.6051,0,138,Marine,10,0,0,0,0,0,0,0,Neutrals,0,,0,Wildlands,,,,,,
1185,1450.0,306.6,113.0848,31.7233,0,201,Marine,10,0,0,0,0,0,0,0,Neutrals,0,,0,Wildlands,,,,,,
1186,1464.14,301.25,115.7722,32.7402,10,235,Marine,10,0,0,0,0,0,0,0,Neutrals,0,,0,Wildlands,,,,,,
1187,1474.5,300.3,117.7412,32.9208,10,249,Marine,10,0,0,0,0,0,0,0,Neutrals,0,,0,Wildlands,,,,,,
1188,1484.93,299.36,119.7235,33.0995,10,178,Marine,10,0,0,0,0,0,0,0,Neutrals,0,,0,Wildlands,,,,,,
1189,1503.87,300.39,123.3232,32.9037,10,353,Marine,10,0,0,0,0,0,0,0,Neutrals,0,,0,Wildlands,,,,,,
1190,1522.11,289.87,126.7899,34.9033,10,214,Marine,10,0,0,0,0,0,0,0,Neutrals,0,,0,Wildlands,,,,,,
1191,1543.6,292.01,130.8743,34.4965,10,887,Marine,10,0,0,0,0,0,0,0,Neutrals,0,,0,Wildlands,,,,,,
1192,59.05,308.43,-151.277,31.3755,10,1723,Marine,10,0,0,0,0,0,0,0,Neutrals,0,,0,Wildlands,,,,,,
1193,85.97,315.17,-146.1607,30.0944,10,198,Marine,10,0,0,0,0,0,0,0,Neutrals,0,,0,Wildlands,,,,,,
1194,94.74,311.1,-144.4939,30.868,45,167,Temperate rainforest,90,90,1,5,0,98,7.812,5,Kel'Esta,4,Cass'tow,4,HUMANS,,,,,,
1195,99.2,323.9,-143.6462,28.4351,45,200,Temperate rainforest,90,90,1,5,0,98,9.144,5,Kel'Esta,4,Cass'tow,4,HUMANS,,,,,,
1196,113.18,321.64,-140.9892,28.8646,10,125,Marine,10,0,0,0,0,0,0,0,Neutrals,0,,0,Wildlands,,,,,,
1197,129.81,319.84,-137.8285,29.2068,10,133,Marine,10,0,0,0,0,0,0,0,Neutrals,0,,0,Wildlands,,,,,,
1198,120.1,325.5,-139.674,28.1309,10,96,Marine,10,0,0,0,0,0,0,0,Neutrals,0,,0,Wildlands,,,,,,
1199,145.77,312.16,-134.7952,30.6665,45,173,Temperate rainforest,90,90,1,4,0,28,7.334,5,Kel'Esta,4,Cass'tow,4,HUMANS,,,,1200,140.8,5.6
1200,159.9,310.5,-132.1096,30.982,45,208,Temperate rainforest,90,90,1,3,0,28,9.19,5,Kel'Esta,4,Cass'tow,4,HUMANS,15,Cass'tow,561068,1200,0.0,0.0
1201,174.12,308.75,-129.407,31.3147,35,189,Temperate rainforest,90,90,1,4,0,41,8.96,5,Kel'Esta,4,Cass'tow,4,HUMANS,,,,1200,141.8,5.7
1202,181.58,318.19,-127.9892,29.5204,10,218,Marine,10,0,0,0,0,0,0,0,Neutrals,0,,0,Wildlands,,,,,,
1203,172.6,325.7,-129.6959,28.0929,10,257,Marine,10,0,0,0,0,0,0,0,Neutrals,0,,0,Wildlands,,,,,,
1204,194.1,314.6,-125.6096,30.2027,10,265,Marine,10,0,0,0,0,0,0,0,Neutrals,0,,0,Wildlands,,,,,,
1205,206.54,311.05,-123.2453,30.8775,0,240,Marine,10,0,0,0,0,0,0,0,Neutrals,0,,0,Wildlands,,,,,,
1206,221.81,315.83,-120.3431,29.969,0,332,Marine,10,0,0,0,0,0,0,0,Neutrals,0,,0,Wildlands,,,,,,
1207,261.4,319.43,-112.8187,29.2847,10,540,Marine,10,0,0,0,0,0,0,0,Neutrals,0,,0,Wildlands,,,,,,
1208,279.49,317.85,-109.3806,29.585,10,260,Marine,10,0,0,0,0,0,0,0,Neutrals,0,,0,Wildlands,,,,,,
1209,303.18,312.77,-104.8781,30.5506,10,131,Marine,10,0,0,0,0,0,0,0,Neutrals,0,,0,Wildlands,,,,,,
1210,293.0,320.5,-106.8129,29.0813,10,206,Marine,10,0,0,0,0,0,0,0,Neutrals,0,,0,Wildlands,,,,,,
1211,310.98,313.76,-103.3956,30.3624,23,111,Tropical seasonal forest,70,50,1,1,0,9,9.711,4,Boru,29,Ouro,4,HUMANS,,,,715,1825.3,73.0
1212,319.1,318.4,-101.8523,29.4805,23,160,Tropical seasonal forest,70,50,1,1,0,31,8.795,4,Boru,29,Ouro,4,HUMANS,,,,715,1753.3,70.1
1213,306.9,325.2,-104.1711,28.188,23,148,Tropical seasonal forest,70,50,1,2,270,43,7.635,4,Boru,29,Ouro,8,SHIFTERS,,,,2141,1733.3,69.3
1214,327.26,323.07,-100.3015,28.5928,23,188,Tropical seasonal forest,70,50,1,0,0,22,6.905,4,Boru,29,Ouro,4,HUMANS,,,,2141,1691.8,67.7
1215,337.4,316.2,-98.3743,29.8986,23,274,Tropical seasonal forest,70,50,1,1,0,13,14.604,4,Boru,29,Ouro,4,HUMANS,,,,715,1611.4,64.5
1216,347.48,309.37,-96.4585,31.1968,23,159,Tropical rainforest,80,80,1,3,206,430,24.067,4,Boru,29,Ouro,4,HUMANS,,,,715,1517.6,60.7
1217,359.0,312.0,-94.269,30.6969,23,241,Tropical seasonal forest,70,50,1,2,0,43,11.258,4,Boru,29,Ouro,4,HUMANS,,,,715,1401.7,56.1
1218,370.45,314.64,-92.0928,30.1951,29,222,Tropical seasonal forest,70,50,1,1,0,10,11.045,4,Boru,29,Ouro,7,GODLINGS,,,,715,1311.2,52.4
1219,381.0,313.9,-90.0877,30.3358,29,200,Tropical seasonal forest,70,50,1,2,0,10,7.315,4,Boru,29,Ouro,4,HUMANS,,,,715,1229.7,49.2
1220,391.52,313.23,-88.0883,30.4631,29,176,Tropical seasonal forest,70,50,1,2,0,11,6.756,4,Boru,29,Ouro,4,HUMANS,,,,715,1148.6,45.9
1221,400.47,319.1,-86.3873,29.3474,22,172,Tropical seasonal forest,70,50,1,2,0,52,7.248,4,Boru,29,Ouro,4,HUMANS,,,,715,1051.7,42.1
1222,410.7,319.6,-84.443,29.2524,22,179,Tropical seasonal forest,70,50,1,1,0,54,9.338,4,Boru,29,Ouro,4,HUMANS,,,,715,972.9,38.9
1223,420.89,320.19,-82.5063,29.1402,21,191,Tropical seasonal forest,70,50,1,0,0,23,4.852,5,Kel'Esta,1,Oem'rak,4,HUMANS,,,,715,956.8,38.3
1224,443.3,318.6,-78.2471,29.4424,40,365,Glades,50,50,1,0,0,7,8.294,5,Kel'Esta,1,Oem'rak,4,HUMANS,,,,715,1041.2,41.6
1225,461.19,312.07,-74.8469,30.6836,40,322,Glades,50,50,1,0,0,10,7.398,5,Kel'Esta,1,Oem'rak,4,HUMANS,,,,715,981.7,39.3
1226,485.06,308.97,-70.3102,31.2729,40,228,Glades,50,50,1,0,0,5,5.284,5,Kel'Esta,1,Oem'rak,4,HUMANS,,,,715,1028.4,41.1
1227,490.67,310.67,-69.244,30.9497,40,218,Glades,50,50,1,0,0,5,5.124,5,Kel'Esta,1,Oem'rak,4,HUMANS,,,,715,1060.7,42.4
1228,520.68,315.06,-63.5404,30.1153,40,270,Glades,50,50,1,0,0,8,6.433,5,Kel'Esta,1,Oem'rak,4,HUMANS,,,,315,1127.1,45.1
1229,523.92,321.33,-62.9246,28.9235,36,229,Glades,50,50,1,0,0,30,5.284,5,Kel'Esta,1,Oem'rak,4,HUMANS,,,,315,1165.9,46.6
1230,554.01,314.87,-57.2057,30.1514,28,278,Glades,50,50,1,1,222,95,12.958,5,Kel'Esta,1,Oem'rak,4,HUMANS,,,,461,1062.6,42.5
1231,558.93,307.24,-56.2706,31.6017,28,218,Glades,50,50,1,2,0,24,5.333,5,Kel'Esta,1,Oem'rak,4,HUMANS,,,,461,1000.6,40.0
1232,590.02,320.08,-50.3617,29.1611,0,332,Marine,10,0,0,0,0,0,0,0,Neutrals,0,,0,Wildlands,,,,,,
1233,616.67,308.35,-45.2966,31.3907,0,384,Marine,10,0,0,0,0,0,0,0,Neutrals,0,,0,Wildlands,,,,,,
1234,639.15,315.65,-41.0241,30.0032,0,628,Marine,10,0,0,0,0,0,0,0,Neutrals,0,,0,Wildlands,,,,,,
1235,767.72,308.26,-16.5883,31.4078,10,203,Marine,10,0,0,0,0,0,0,0,Neutrals,0,,0,Wildlands,,,,,,
1236,781.73,319.22,-13.9256,29.3246,10,166,Marine,10,0,0,0,0,0,0,0,Neutrals,0,,0,Wildlands,,,,,,
1237,789.7,326.2,-12.4108,27.9979,10,158,Marine,10,0,0,0,0,0,0,0,Neutrals,0,,0,Wildlands,,,,,,
1238,772.0,327.2,-15.7749,27.8078,10,188,Marine,10,0,0,0,0,0,0,0,Neutrals,0,,0,Wildlands,,,,,,
1239,803.44,310.38,-9.7994,31.0049,79,255,Hot desert,200,20,1,4,0,7,4.726,1,Asra,41,Sumayya,4,HUMANS,,,,1715,4327.7,173.1
1240,813.0,313.3,-7.9825,30.4498,79,163,Hot desert,200,20,1,2,0,7,2.578,1,Asra,41,Sumayya,4,HUMANS,,,,1715,4241.9,169.7
1241,822.58,316.26,-6.1617,29.8872,73,251,Hot desert,200,20,1,2,0,0,1.118,1,Asra,41,Sumayya,4,HUMANS,,,,1715,4057.4,162.3
1242,839.24,311.7,-2.9953,30.754,73,192,Hot desert,200,20,1,0,0,1,0.508,1,Asra,41,Sumayya,8,SHIFTERS,,,,1715,3718.5,148.7
1243,843.2,324.4,-2.2427,28.34,73,163,Hot desert,200,20,1,0,0,1,1.021,1,Asra,41,Sumayya,4,HUMANS,,,,1715,4009.4,160.4
1244,839.0,325.6,-3.0409,28.1119,73,146,Hot desert,200,20,1,1,0,1,2.462,1,Asra,41,Sumayya,4,HUMANS,,,,1715,4024.4,161.0
1245,849.6,307.3,-1.0263,31.5903,39,248,Hot desert,200,20,1,0,0,78,1.357,1,Asra,41,Sumayya,4,HUMANS,,,,1715,3326.9,133.1
1246,868.94,318.04,2.6494,29.5489,39,409,Hot desert,200,20,1,0,150,198,8.798,1,Asra,41,Sumayya,4,HUMANS,,,,1715,3184.7,127.4
1247,893.57,322.4,7.3306,28.7202,39,350,Hot desert,200,20,1,0,150,224,2.424,1,Asra,41,Sumayya,4,HUMANS,,,,1715,2751.0,110.0
1248,906.2,323.0,9.731,28.6061,47,323,Hot desert,200,20,1,0,0,1,1.118,1,Asra,41,Sumayya,4,HUMANS,,,,1715,2460.8,98.4
1249,934.5,312.99,15.1096,30.5088,41,230,Hot desert,200,20,1,0,0,16,3.102,1,Asra,42,Broverham,4,HUMANS,,,,1715,2374.3,95.0
1250,944.02,316.53,16.919,29.8359,44,329,Hot desert,200,20,1,0,0,4,1.177,1,Asra,42,Broverham,4,HUMANS,,,,1715,2150.9,86.0
1251,963.71,321.62,20.6613,28.8684,40,256,Hot desert,200,20,1,0,0,23,0.912,1,Asra,42,Broverham,8,SHIFTERS,,,,1715,1869.3,74.8
1252,976.67,309.39,23.1244,31.193,42,314,Savanna,60,32,1,0,0,10,1.962,1,Asra,42,Broverham,4,HUMANS,,,,1715,1902.8,76.1
1253,998.8,316.83,27.3304,29.7789,46,421,Savanna,60,32,1,0,54,199,8.677,1,Asra,42,Broverham,4,HUMANS,75,Salleo,3556799,1715,1882.3,75.3
1254,1025.08,321.77,32.3251,28.8399,46,311,Savanna,60,32,1,0,54,153,6.086,1,Asra,42,Broverham,4,HUMANS,,,,1715,2058.8,82.4
1255,1041.6,319.1,35.4649,29.3474,61,344,Savanna,60,32,1,0,0,4,2.17,1,Asra,42,Broverham,4,HUMANS,,,,1715,2210.6,88.4
1256,1056.81,321.99,38.3557,28.7981,41,310,Savanna,60,32,1,0,0,23,1.598,1,Asra,43,Kiton,4,HUMANS,,,,1820,2184.6,87.4
1257,1071.93,316.7,41.2294,29.8036,52,286,Savanna,60,32,1,0,0,14,1.504,1,Asra,43,Kiton,7,GODLINGS,,,,1820,2078.9,83.2
1258,1087.33,309.46,44.1563,31.1797,67,194,Savanna,60,32,1,0,0,7,0.843,1,Asra,43,Kiton,7,GODLINGS,,,,1820,1966.6,78.7
1259,1103.85,315.51,47.2961,30.0298,61,370,Savanna,60,32,1,0,0,16,2.585,1,Asra,43,Kiton,4,HUMANS,,,,1820,1833.1,73.3
1260,1123.42,311.4,51.0155,30.811,56,321,Savanna,60,32,1,0,0,16,8.998,1,Asra,43,Kiton,8,SHIFTERS,,,,1820,1684.6,67.4
1261,1140.47,311.49,54.256,30.7939,53,330,Savanna,60,32,1,0,57,262,4.454,1,Asra,45,Meliscomia,8,SHIFTERS,,,,1820,1563.6,62.5
1262,1161.2,307.15,58.1959,31.6188,60,362,Savanna,60,32,1,0,0,10,5.627,1,Asra,45,Meliscomia,4,HUMANS,,,,1820,1411.8,56.5
1263,1185.59,321.11,62.8314,28.9654,46,337,Hot desert,200,20,1,0,0,46,1.432,1,Asra,45,Meliscomia,4,HUMANS,,,,1820,1487.8,59.5
1264,1203.55,313.06,66.2449,30.4955,41,405,Savanna,60,32,1,0,57,440,4.439,1,Asra,45,Meliscomia,4,HUMANS,,,,1820,1000.7,40.0
1265,1219.25,322.41,69.2288,28.7183,39,327,Tropical seasonal forest,70,50,1,0,57,459,5.203,1,Asra,45,Meliscomia,4,HUMANS,,,,1820,874.1,35.0
1266,1232.55,315.09,71.7566,30.1096,30,329,Tropical seasonal forest,70,50,1,0,57,525,16.569,9,Edhellon,23,Floksia,7,GODLINGS,,,,1820,886.5,35.5
1267,1253.26,321.43,75.6927,28.9045,29,297,Tropical seasonal forest,70,50,1,0,57,776,15.757,10,Lecende,0,,4,HUMANS,,,,1820,908.8,36.4
1268,1273.61,315.65,79.5604,30.0032,28,418,Temperate deciduous forest,70,100,1,0,0,49,19.6,10,Lecende,0,,7,GODLINGS,68,Vyrwel,181559,1735,856.5,34.3
1269,1294.79,308.83,83.5858,31.2995,24,271,Wetland,150,10,1,0,144,1281,13.286,10,Lecende,0,,4,HUMANS,,,,1735,1079.6,43.2
1270,1303.39,319.07,85.2203,29.3531,25,412,Tropical rainforest,80,80,1,0,38,146,16.484,10,Lecende,0,,8,SHIFTERS,,,,1735,859.0,34.4
1271,1326.83,309.28,89.6753,31.2139,44,284,Tropical rainforest,80,80,1,0,0,38,18.653,10,Lecende,0,,4,HUMANS,,,,1735,1034.5,41.4
1272,1338.6,315.48,91.9123,30.0355,90,334,Temperate rainforest,90,90,1,0,0,0,1.317,11,Dymia,19,Melephene,5,ANGELS,,,,1735,1160.6,46.4
1273,1362.91,319.79,96.5326,29.2163,100,274,Temperate rainforest,90,90,1,0,0,0,1.084,11,Dymia,19,Melephene,5,ANGELS,,,,1735,1114.9,44.6
1274,1374.65,322.18,98.7639,28.762,100,194,Temperate rainforest,90,90,1,3,0,28,0.822,11,Dymia,19,Melephene,5,ANGELS,11,Melephene,155274,1735,1151.4,46.1
1275,1391.29,315.95,101.9265,29.9461,0,186,Marine,10,0,0,0,0,0,0,0,Neutrals,0,,0,Wildlands,,,,,,
1276,1403.4,316.0,104.2281,29.9366,0,197,Marine,10,0,0,0,0,0,0,0,Neutrals,0,,0,Wildlands,,,,,,
1277,1415.54,316.12,106.5354,29.9138,0,190,Marine,10,0,0,0,0,0,0,0,Neutrals,0,,0,Wildlands,,,,,,
1278,1412.9,325.6,106.0336,28.1119,0,122,Marine,10,0,0,0,0,0,0,0,Neutrals,0,,0,Wildlands,,,,,,
1279,1431.64,313.53,109.5953,30.4061,0,219,Marine,10,0,0,0,0,0,0,0,Neutrals,0,,0,Wildlands,,,,,,
1280,1441.7,317.3,111.5073,29.6895,0,120,Marine,10,0,0,0,0,0,0,0,Neutrals,0,,0,Wildlands,,,,,,
1281,1437.5,324.2,110.7091,28.378,0,134,Marine,10,0,0,0,0,0,0,0,Neutrals,0,,0,Wildlands,,,,,,
1282,1451.82,321.02,113.4307,28.9825,0,289,Marine,10,0,0,0,0,0,0,0,Neutrals,0,,0,Wildlands,,,,,,
1283,1490.62,312.0,120.805,30.6969,10,1009,Marine,10,0,0,0,0,0,0,0,Neutrals,0,,0,Wildlands,,,,,,
1284,1524.67,307.54,127.2765,31.5447,10,1447,Marine,10,0,0,0,0,0,0,0,Neutrals,0,,0,Wildlands,,,,,,
1285,68.83,325.88,-149.4183,28.0587,10,1042,Marine,10,0,0,0,0,0,0,0,Neutrals,0,,0,Wildlands,,,,,,
1286,75.45,328.22,-148.1601,27.6139,10,216,Marine,10,0,0,0,0,0,0,0,Neutrals,0,,0,Wildlands,,,,,,
1287,86.9,336.8,-145.9839,25.9831,10,244,Marine,10,0,0,0,0,0,0,0,Neutrals,0,,0,Wildlands,,,,,,
1288,103.64,336.65,-142.8023,26.0116,85,118,Temperate rainforest,90,90,1,4,0,26,7.205,5,Kel'Esta,4,Cass'tow,4,HUMANS,,,,,,
1289,110.35,331.17,-141.527,27.0532,10,106,Marine,10,0,0,0,0,0,0,0,Neutrals,0,,0,Wildlands,,,,,,
1290,126.0,331.0,-138.5526,27.0855,10,126,Marine,10,0,0,0,0,0,0,0,Neutrals,0,,0,Wildlands,,,,,,
1291,111.9,340.7,-141.2325,25.2418,10,124,Marine,10,0,0,0,0,0,0,0,Neutrals,0,,0,Wildlands,,,,,,
1292,141.64,330.91,-135.5801,27.1026,10,201,Marine,10,0,0,0,0,0,0,0,Neutrals,0,,0,Wildlands,,,,,,
1293,127.5,340.5,-138.2675,25.2798,10,293,Marine,10,0,0,0,0,0,0,0,Neutrals,0,,0,Wildlands,,,,,,
1294,148.54,333.4,-134.2687,26.6294,10,247,Marine,10,0,0,0,0,0,0,0,Neutrals,0,,0,Wildlands,,,,,,
1295,163.68,333.15,-131.3912,26.6769,10,222,Marine,10,0,0,0,0,0,0,0,Neutrals,0,,0,Wildlands,,,,,,
1296,212.29,339.86,-122.1525,25.4015,0,891,Marine,10,0,0,0,0,0,0,0,Neutrals,0,,0,Wildlands,,,,,,
1297,229.62,328.46,-118.8588,27.5683,0,339,Marine,10,0,0,0,0,0,0,0,Neutrals,0,,0,Wildlands,,,,,,
1298,235.01,336.48,-117.8344,26.0439,0,430,Marine,10,0,0,0,0,0,0,0,Neutrals,0,,0,Wildlands,,,,,,
1299,264.85,325.79,-112.163,28.0758,10,147,Marine,10,0,0,0,0,0,0,0,Neutrals,0,,0,Wildlands,,,,,,
1300,273.8,327.0,-110.462,27.8458,10,156,Marine,10,0,0,0,0,0,0,0,Neutrals,0,,0,Wildlands,,,,,,
1301,259.4,340.4,-113.1988,25.2988,10,353,Marine,10,0,0,0,0,0,0,0,Neutrals,0,,0,Wildlands,,,,,,
1302,282.81,328.28,-108.7496,27.6025,10,179,Marine,10,0,0,0,0,0,0,0,Neutrals,0,,0,Wildlands,,,,,,
1303,302.74,336.72,-104.9617,25.9983,23,148,Tropical rainforest,80,80,1,2,269,103,11.272,4,Boru,29,Ouro,8,SHIFTERS,,,,2141,1639.0,65.6
1304,292.2,342.8,-106.9649,24.8427,23,209,Tropical rainforest,80,80,1,1,0,16,16.199,4,Boru,29,Ouro,8,SHIFTERS,,,,2141,1681.2,67.2
1305,316.78,331.25,-102.2933,27.038,23,192,Tropical rainforest,80,80,1,0,270,34,10.613,4,Boru,29,Ouro,4,HUMANS,,,,2141,1677.1,67.1
1306,329.14,340.4,-99.9442,25.2988,23,235,Tropical rainforest,80,80,1,0,0,9,13.44,4,Boru,29,Ouro,4,HUMANS,,,,2141,1557.6,62.3
1307,351.17,338.43,-95.7572,25.6733,23,390,Tropical rainforest,80,80,1,0,206,415,31.372,4,Boru,29,Ouro,4,HUMANS,,,,715,1500.7,60.0
1308,367.09,332.14,-92.7314,26.8688,23,406,Tropical seasonal forest,70,50,1,0,0,28,15.303,4,Boru,29,Ouro,7,GODLINGS,,,,715,1338.0,53.5
1309,389.79,326.89,-88.4171,27.8667,24,241,Tropical seasonal forest,70,50,1,0,0,10,9.294,4,Boru,29,Ouro,4,HUMANS,,,,715,1158.6,46.3
1310,398.81,335.37,-86.7028,26.2549,28,212,Tropical seasonal forest,70,50,1,0,0,28,7.838,4,Boru,29,Ouro,4,HUMANS,,,,715,1147.8,45.9
1311,420.34,329.03,-82.6108,27.46,40,320,Tropical seasonal forest,70,50,1,0,0,17,10.688,4,Boru,28,Bosted,4,HUMANS,,,,715,1057.4,42.3
1312,443.75,331.41,-78.1615,27.0076,40,411,Tropical seasonal forest,70,50,1,0,0,8,9.581,5,Kel'Esta,1,Oem'rak,4,HUMANS,,,,715,1139.9,45.6
1313,463.15,341.07,-74.4744,25.1715,40,411,Tropical seasonal forest,70,50,1,0,0,15,21.137,5,Kel'Esta,1,Oem'rak,4,HUMANS,,,,715,1197.5,47.9
1314,469.96,326.93,-73.1801,27.8591,40,431,Glades,50,50,1,0,0,7,9.788,5,Kel'Esta,1,Oem'rak,4,HUMANS,,,,715,1076.6,43.1
1315,499.99,327.13,-67.4727,27.8211,40,397,Glades,50,50,1,0,0,20,9.374,5,Kel'Esta,1,Oem'rak,4,HUMANS,,,,715,1164.7,46.6
1316,506.08,337.82,-66.3152,25.7892,37,251,Glades,50,50,1,0,0,9,5.675,5,Kel'Esta,1,Oem'rak,4,HUMANS,,,,715,1232.4,49.3
1317,528.8,331.1,-61.9971,27.0665,32,269,Glades,50,50,1,0,0,13,6.066,5,Kel'Esta,1,Oem'rak,4,HUMANS,,,,315,1226.0,49.0
1318,554.38,329.16,-57.1354,27.4353,25,247,Tropical seasonal forest,70,50,1,3,0,19,7.003,5,Kel'Esta,1,Oem'rak,4,HUMANS,,,,461,1172.6,46.9
1319,543.9,337.0,-59.1272,25.9451,25,250,Tropical seasonal forest,70,50,1,2,0,32,6.893,5,Kel'Esta,1,Oem'rak,4,HUMANS,,,,461,1249.9,50.0
1320,574.49,329.03,-53.3133,27.46,10,287,Marine,10,0,0,0,0,0,0,0,Neutrals,0,,0,Wildlands,,,,,,
1321,568.0,337.0,-54.5468,25.9451,10,162,Marine,10,0,0,0,0,0,0,0,Neutrals,0,,0,Wildlands,,,,,,
1322,585.5,337.54,-51.2208,25.8424,10,281,Marine,10,0,0,0,0,0,0,0,Neutrals,0,,0,Wildlands,,,,,,
1323,605.6,337.15,-47.4006,25.9166,10,452,Marine,10,0,0,0,0,0,0,0,Neutrals,0,,0,Wildlands,,,,,,
1324,639.52,339.05,-40.9538,25.5554,10,632,Marine,10,0,0,0,0,0,0,0,Neutrals,0,,0,Wildlands,,,,,,
1325,747.26,335.75,-20.4769,26.1827,10,753,Marine,10,0,0,0,0,0,0,0,Neutrals,0,,0,Wildlands,,,,,,
1326,762.27,335.18,-17.6241,26.291,10,244,Marine,10,0,0,0,0,0,0,0,Neutrals,0,,0,Wildlands,,,,,,
1327,766.9,347.0,-16.7442,24.0444,10,239,Marine,10,0,0,0,0,0,0,0,Neutrals,0,,0,Wildlands,,,,,,
1328,776.4,334.1,-14.9386,26.4963,10,188,Marine,10,0,0,0,0,0,0,0,Neutrals,0,,0,Wildlands,,,,,,
1329,790.62,332.93,-12.236,26.7187,0,129,Marine,10,0,0,0,0,0,0,0,Neutrals,0,,0,Wildlands,,,,,,
1330,797.58,333.21,-10.9132,26.6655,0,185,Marine,10,0,0,0,0,0,0,0,Neutrals,0,,0,Wildlands,,,,,,
1331,812.1,334.7,-8.1535,26.3823,0,189,Marine,10,0,0,0,0,0,0,0,Neutrals,0,,0,Wildlands,,,,,,
1332,826.53,336.12,-5.411,26.1124,0,179,Marine,10,0,0,0,0,0,0,0,Neutrals,0,,0,Wildlands,,,,,,
1333,818.9,344.2,-6.8611,24.5766,0,59,Marine,10,0,0,0,0,0,0,0,Neutrals,0,,0,Wildlands,,,,,,
1334,817.0,340.1,-7.2222,25.3559,0,63,Marine,10,0,0,0,0,0,0,0,Neutrals,0,,0,Wildlands,,,,,,
1335,838.68,339.56,-3.1018,25.4585,85,117,Hot desert,200,20,1,3,0,0,1.394,1,Asra,41,Sumayya,4,HUMANS,,,,1715,4101.4,164.1
1336,847.22,337.04,-1.4787,25.9375,71,126,Hot desert,200,20,1,1,0,1,2.47,1,Asra,41,Sumayya,4,HUMANS,,,,1715,3837.0,153.5
1337,857.1,334.5,0.3991,26.4203,71,201,Hot desert,200,20,1,2,0,1,5.187,1,Asra,41,Sumayya,4,HUMANS,,,,1715,3612.5,144.5
1338,866.91,332.04,2.2636,26.8879,69,191,Hot desert,200,20,1,0,0,7,1.355,1,Asra,41,Sumayya,4,HUMANS,,,,1715,3404.8,136.2
1339,872.2,343.5,3.269,24.7096,69,192,Hot desert,200,20,1,1,0,7,3.862,1,Asra,41,Sumayya,4,HUMANS,,,,1715,3206.5,128.3
1340,884.48,337.5,5.6029,25.8501,66,249,Hot desert,200,20,1,0,0,2,0.863,1,Asra,41,Sumayya,4,HUMANS,,,,1715,2969.7,118.8
1341,913.05,333.55,11.0329,26.6008,39,201,Hot desert,200,20,1,0,73,153,1.204,1,Asra,41,Sumayya,4,HUMANS,,,,1715,2233.5,89.3
1342,924.0,327.86,13.114,27.6824,39,285,Hot desert,200,20,1,0,73,144,1.53,1,Asra,41,Sumayya,4,HUMANS,,,,1715,1973.7,78.9
1343,937.28,336.86,15.638,25.9717,39,300,Hot desert,200,20,1,0,73,103,1.742,1,Asra,41,Sumayya,8,SHIFTERS,,,,1715,1620.8,64.8
1344,960.37,331.82,20.0265,26.9297,39,266,Hot desert,200,20,1,0,73,83,1.928,1,Asra,41,Sumayya,8,SHIFTERS,,,,1715,1627.3,65.1
1345,974.71,327.0,22.7519,27.8458,48,307,Hot desert,200,20,1,0,73,36,4.904,1,Asra,41,Sumayya,4,HUMANS,,,,1715,1785.8,71.4
1346,995.2,333.08,26.6462,26.6902,54,368,Hot desert,200,20,1,0,0,3,1.642,1,Asra,41,Sumayya,4,HUMANS,,,,1715,1760.4,70.4
1347,1016.89,328.97,30.7686,27.4714,44,332,Hot desert,200,20,1,0,0,33,1.74,1,Asra,42,Broverham,7,GODLINGS,,,,1715,2112.6,84.5
1348,1036.25,340.72,34.4481,25.238,37,306,Hot desert,200,20,1,0,54,136,6.005,1,Asra,42,Broverham,4,HUMANS,,,,1715,2385.1,95.4
1349,1058.49,338.1,38.675,25.736,34,228,Hot desert,200,20,1,1,0,26,1.982,1,Asra,43,Kiton,7,GODLINGS,,,,1820,2541.0,101.6
1350,1071.27,331.75,41.1039,26.943,39,202,Hot desert,200,20,1,1,0,18,1.755,1,Asra,43,Kiton,4,HUMANS,,,,1820,2277.2,91.1
1351,1082.0,339.2,43.1433,25.5269,39,236,Hot desert,200,20,1,1,63,35,2.747,1,Asra,43,Kiton,4,HUMANS,,,,1820,2299.7,92.0
1352,1082.95,325.52,43.3238,28.1271,52,243,Savanna,60,32,1,0,0,20,1.257,1,Asra,43,Kiton,4,HUMANS,,,,1820,1986.0,79.4
1353,1100.44,338.01,46.648,25.7531,56,407,Hot desert,200,20,1,0,0,7,1.446,1,Asra,43,Kiton,4,HUMANS,17,Mahsa,397652,1820,2333.7,93.3
1354,1130.54,326.0,52.3687,28.0359,57,359,Hot desert,200,20,1,0,0,4,7.293,1,Asra,43,Kiton,4,HUMANS,,,,1820,1989.1,79.6
1355,1139.67,335.64,54.1039,26.2036,52,294,Hot desert,200,20,1,0,57,239,6.434,1,Asra,45,Meliscomia,4,HUMANS,,,,1820,2095.2,83.8
1356,1157.91,332.76,57.5706,26.751,57,495,Hot desert,200,20,1,0,0,5,7.865,1,Asra,45,Meliscomia,7,GODLINGS,,,,1820,1979.9,79.2
1357,1179.44,332.42,61.6626,26.8156,63,312,Hot desert,200,20,1,0,0,4,1.132,1,Asra,45,Meliscomia,4,HUMANS,,,,1820,1891.4,75.7
1358,1194.41,340.98,64.5077,25.1886,47,349,Hot desert,200,20,1,0,0,22,4.932,1,Asra,45,Meliscomia,4,HUMANS,,,,1820,1420.1,56.8
1359,1222.34,339.56,69.8161,25.4585,42,339,Tropical seasonal forest,70,50,1,0,0,10,3.083,1,Asra,45,Meliscomia,7,GODLINGS,,,,1820,727.9,29.1
1360,1231.67,325.51,71.5893,28.129,37,268,Tropical seasonal forest,70,50,1,0,0,23,5.603,1,Asra,45,Meliscomia,7,GODLINGS,,,,1820,794.0,31.8
1361,1254.75,333.69,75.9759,26.5742,36,370,Tropical seasonal forest,70,50,1,0,0,17,8.125,10,Lecende,0,,4,HUMANS,,,,1820,801.7,32.1
1362,1270.52,332.12,78.9731,26.8727,30,347,Tropical seasonal forest,70,50,1,0,57,808,17.628,10,Lecende,0,,4,HUMANS,,,,1735,790.7,31.6
1363,1287.85,339.53,82.2668,25.4642,28,286,Wetland,150,10,1,0,57,2631,27.868,10,Lecende,0,,7,GODLINGS,,,,1735,642.5,25.7
1364,1300.26,334.65,84.6254,26.3918,27,355,Wetland,150,10,1,0,38,2798,37.421,10,Lecende,0,,4,HUMANS,,,,1735,719.1,28.8
1365,1329.5,340.96,90.1827,25.1924,58,430,Tropical seasonal forest,70,50,1,0,0,11,9.465,10,Lecende,0,,8,SHIFTERS,70,Wyldville,403338,1735,754.7,30.2
1366,1348.17,332.81,93.7311,26.7415,85,305,Temperate rainforest,90,90,1,0,0,11,1.177,11,Dymia,19,Melephene,5,ANGELS,,,,1735,940.1,37.6
1367,1360.79,339.21,96.1297,25.525,79,242,Temperate rainforest,90,90,1,0,0,23,0.901,11,Dymia,19,Melephene,5,ANGELS,,,,1735,819.9,32.8
1368,1382.32,327.83,100.2216,27.6881,100,172,Temperate rainforest,90,90,1,1,0,0,1.564,11,Dymia,19,Melephene,5,ANGELS,,,,1735,1170.3,46.8
1369,1385.1,338.6,100.75,25.641,100,165,Temperate rainforest,90,90,1,0,0,0,0.668,11,Dymia,20,Caedon,5,ANGELS,,,,1735,1060.2,42.4
1370,1399.46,326.84,103.4792,27.8762,100,159,Temperate rainforest,90,90,1,4,0,10,0.661,11,Dymia,20,Caedon,5,ANGELS,,,,1735,1182.7,47.3
1371,1393.7,338.1,102.3845,25.736,100,133,Temperate rainforest,90,90,1,1,0,10,0.678,11,Dymia,20,Caedon,5,ANGELS,66,Caedon,91642,1735,1057.5,42.3
1372,1410.26,335.16,105.5319,26.2948,0,122,Marine,10,0,0,0,0,0,0,0,Neutrals,0,,0,Wildlands,,,,,,
1373,1425.11,329.02,108.3542,27.4619,100,163,Temperate rainforest,90,90,1,5,0,11,1.122,11,Dymia,20,Caedon,5,ANGELS,,,,1735,1278.0,51.1
1374,1419.4,336.7,107.269,26.0021,100,113,Temperate rainforest,90,90,1,4,0,11,0.45,11,Dymia,20,Caedon,5,ANGELS,,,,1735,1183.3,47.3
1375,1443.35,334.83,111.8209,26.3576,10,165,Marine,10,0,0,0,0,0,0,0,Neutrals,0,,0,Wildlands,,,,,,
1376,1434.7,341.9,110.1769,25.0137,10,220,Marine,10,0,0,0,0,0,0,0,Neutrals,0,,0,Wildlands,,,,,,
1377,1465.13,335.86,115.9604,26.1618,10,1033,Marine,10,0,0,0,0,0,0,0,Neutrals,0,,0,Wildlands,,,,,,
1378,79.1,351.9,-147.4664,23.113,10,2665,Marine,10,0,0,0,0,0,0,0,Neutrals,0,,0,Wildlands,,,,,,
1379,98.31,345.4,-143.8154,24.3485,10,290,Marine,10,0,0,0,0,0,0,0,Neutrals,0,,0,Wildlands,,,,,,
1380,113.41,350.18,-140.9455,23.4399,10,262,Marine,10,0,0,0,0,0,0,0,Neutrals,0,,0,Wildlands,,,,,,
1381,159.29,345.96,-132.2256,24.242,10,420,Marine,10,0,0,0,0,0,0,0,Neutrals,0,,0,Wildlands,,,,,,
1382,169.38,348.05,-130.3079,23.8448,10,634,Marine,10,0,0,0,0,0,0,0,Neutrals,0,,0,Wildlands,,,,,,
1383,181.39,348.3,-128.0253,23.7973,10,1013,Marine,10,0,0,0,0,0,0,0,Neutrals,0,,0,Wildlands,,,,,,
1384,247.25,355.73,-115.508,22.385,0,246,Marine,10,0,0,0,0,0,0,0,Neutrals,0,,0,Wildlands,,,,,,
1385,253.88,355.0,-114.248,22.5238,10,165,Marine,10,0,0,0,0,0,0,0,Neutrals,0,,0,Wildlands,,,,,,
1386,247.2,367.4,-115.5175,20.1668,10,204,Marine,10,0,0,0,0,0,0,0,Neutrals,0,,0,Wildlands,,,,,,
1387,281.6,348.97,-108.9795,23.6699,23,223,Tropical rainforest,80,80,1,3,0,40,14.17,4,Boru,29,Ouro,8,SHIFTERS,,,,2141,1649.6,66.0
1388,273.9,355.2,-110.443,22.4857,23,166,Tropical rainforest,80,80,1,2,0,40,10.858,4,Boru,29,Ouro,4,HUMANS,,,,2141,1658.7,66.3
1389,304.31,343.92,-104.6633,24.6298,23,219,Tropical rainforest,80,80,1,0,269,87,12.765,4,Boru,29,Ouro,7,GODLINGS,,,,2141,1574.2,63.0
1390,317.87,356.35,-102.0861,22.2672,23,259,Tropical rainforest,80,80,1,0,0,26,15.747,4,Boru,29,Ouro,7,GODLINGS,,,,2141,1444.0,57.8
1391,333.79,346.77,-99.0604,24.0881,23,256,Tropical rainforest,80,80,1,0,0,27,14.709,4,Boru,29,Ouro,4,HUMANS,,,,2141,1488.2,59.5
1392,351.46,356.11,-95.702,22.3128,27,306,Tropical rainforest,80,80,1,0,206,377,22.32,4,Boru,29,Ouro,4,HUMANS,,,,2141,1417.1,56.7
1393,368.49,356.0,-92.4654,22.3337,27,336,Tropical rainforest,80,80,1,0,0,12,18.295,4,Boru,29,Ouro,4,HUMANS,,,,2141,1471.5,58.9
1394,392.5,343.94,-87.902,24.626,31,327,Tropical seasonal forest,70,50,1,0,0,8,10.756,4,Boru,29,Ouro,7,GODLINGS,,,,715,1235.9,49.4
1395,410.54,348.27,-84.4734,23.803,31,289,Tropical seasonal forest,70,50,1,0,0,20,9.806,4,Boru,28,Bosted,4,HUMANS,,,,715,1223.7,48.9
1396,419.47,353.79,-82.7762,22.7537,40,371,Tropical seasonal forest,70,50,1,0,0,9,12.928,4,Boru,28,Bosted,7,GODLINGS,,,,715,1248.2,49.9
1397,440.46,355.67,-78.7868,22.3964,40,349,Tropical seasonal forest,70,50,1,0,0,8,11.367,4,Boru,28,Bosted,7,GODLINGS,,,,715,1328.4,53.1
1398,453.83,358.29,-76.2458,21.8984,40,284,Tropical seasonal forest,70,50,1,0,0,8,9.874,4,Boru,28,Bosted,7,GODLINGS,,,,715,1348.3,53.9
1399,484.55,354.31,-70.4072,22.6549,40,309,Tropical seasonal forest,70,50,1,0,0,8,6.893,5,Kel'Esta,1,Oem'rak,7,GODLINGS,,,,715,1368.8,54.8
1400,489.23,349.2,-69.5177,23.6262,40,365,Tropical seasonal forest,70,50,1,0,99,32,8.639,5,Kel'Esta,1,Oem'rak,7,GODLINGS,,,,715,1315.4,52.6
1401,512.8,346.3,-65.038,24.1774,35,350,Glades,50,50,1,0,99,60,8.795,5,Kel'Esta,1,Oem'rak,4,HUMANS,33,Atrewenbu,632,1968,1283.6,51.3
1402,533.44,344.84,-61.1152,24.4549,26,233,Tropical rainforest,80,80,1,1,99,82,13.441,5,Kel'Esta,1,Oem'rak,4,HUMANS,39,Ae'rin,836226,1968,1269.1,50.8
1403,528.2,355.9,-62.1111,22.3527,26,238,Tropical seasonal forest,70,50,1,1,0,22,9.686,5,Kel'Esta,1,Oem'rak,7,GODLINGS,,,,1968,1149.4,46.0
1404,554.69,354.62,-57.0765,22.596,10,242,Marine,10,0,0,0,0,0,0,0,Neutrals,0,,0,Wildlands,,,,,,
1405,558.4,364.8,-56.3713,20.661,10,148,Marine,10,0,0,0,0,0,0,0,Neutrals,0,,0,Wildlands,,,,,,
1406,567.9,355.9,-54.5658,22.3527,10,104,Marine,10,0,0,0,0,0,0,0,Neutrals,0,,0,Wildlands,,,,,,
1407,561.58,344.91,-55.767,24.4416,10,160,Marine,10,0,0,0,0,0,0,0,Neutrals,0,,0,Wildlands,,,,,,
1408,571.4,351.0,-53.9006,23.2841,10,130,Marine,10,0,0,0,0,0,0,0,Neutrals,0,,0,Wildlands,,,,,,
1409,581.15,357.12,-52.0475,22.1208,10,115,Marine,10,0,0,0,0,0,0,0,Neutrals,0,,0,Wildlands,,,,,,
1410,592.5,354.3,-49.8904,22.6568,10,170,Marine,10,0,0,0,0,0,0,0,Neutrals,0,,0,Wildlands,,,,,,
1411,571.6,366.1,-53.8626,20.4139,10,98,Marine,10,0,0,0,0,0,0,0,Neutrals,0,,0,Wildlands,,,,,,
1412,603.94,351.56,-47.7161,23.1776,10,194,Marine,10,0,0,0,0,0,0,0,Neutrals,0,,0,Wildlands,,,,,,
1413,615.9,349.6,-45.443,23.5502,10,210,Marine,10,0,0,0,0,0,0,0,Neutrals,0,,0,Wildlands,,,,,,
1414,627.87,347.58,-43.168,23.9341,10,284,Marine,10,0,0,0,0,0,0,0,Neutrals,0,,0,Wildlands,,,,,,
1415,635.1,361.8,-41.7939,21.2313,10,283,Marine,10,0,0,0,0,0,0,0,Neutrals,0,,0,Wildlands,,,,,,
1416,651.91,356.01,-38.599,22.3318,10,1166,Marine,10,0,0,0,0,0,0,0,Neutrals,0,,0,Wildlands,,,,,,
1417,721.54,347.22,-25.3652,24.0025,10,1908,Marine,10,0,0,0,0,0,0,0,Neutrals,0,,0,Wildlands,,,,,,
1418,743.54,353.6,-21.1839,22.7899,10,332,Marine,10,0,0,0,0,0,0,0,Neutrals,0,,0,Wildlands,,,,,,
1419,771.57,358.87,-15.8566,21.7882,10,152,Marine,10,0,0,0,0,0,0,0,Neutrals,0,,0,Wildlands,,,,,,
1420,759.4,361.3,-18.1696,21.3263,10,157,Marine,10,0,0,0,0,0,0,0,Neutrals,0,,0,Wildlands,,,,,,
1421,789.77,351.92,-12.3975,23.1092,83,258,Hot desert,200,20,1,7,0,19,3.563,1,Asra,41,Sumayya,4,HUMANS,,,,1968,4288.7,171.5
1422,794.7,362.3,-11.4605,21.1362,83,155,Hot desert,200,20,1,1,0,19,1.062,1,Asra,41,Sumayya,4,HUMANS,,,,1968,4035.9,161.4
1423,807.37,344.15,-9.0525,24.5861,10,152,Marine,10,0,0,0,0,0,0,0,Neutrals,0,,0,Wildlands,,,,,,
1424,811.32,352.18,-8.3018,23.0598,0,156,Marine,10,0,0,0,0,0,0,0,Neutrals,0,,0,Wildlands,,,,,,
1425,818.3,360.3,-6.9751,21.5164,0,173,Marine,10,0,0,0,0,0,0,0,Neutrals,0,,0,Wildlands,,,,,,
1426,822.4,349.2,-6.1959,23.6262,0,91,Marine,10,0,0,0,0,0,0,0,Neutrals,0,,0,Wildlands,,,,,,
1427,833.49,346.12,-4.0882,24.2116,0,114,Marine,10,0,0,0,0,0,0,0,Neutrals,0,,0,Wildlands,,,,,,
1428,836.7,356.9,-3.4781,22.1626,0,94,Marine,10,0,0,0,0,0,0,0,Neutrals,0,,0,Wildlands,,,,,,
1429,829.3,357.2,-4.8845,22.1056,0,101,Marine,10,0,0,0,0,0,0,0,Neutrals,0,,0,Wildlands,,,,,,
1430,849.58,349.95,-1.0301,23.4836,0,163,Marine,10,0,0,0,0,0,0,0,Neutrals,0,,0,Wildlands,,,,,,
1431,855.6,359.2,0.114,21.7254,0,88,Marine,10,0,0,0,0,0,0,0,Neutrals,0,,0,Wildlands,,,,,,
1432,844.8,358.8,-1.9386,21.8015,0,92,Marine,10,0,0,0,0,0,0,0,Neutrals,0,,0,Wildlands,,,,,,
1433,862.0,356.5,1.3304,22.2386,0,157,Marine,10,0,0,0,0,0,0,0,Neutrals,0,,0,Wildlands,,,,,,
1434,877.58,354.99,4.2915,22.5257,74,133,Hot desert,200,20,1,3,0,1,2.478,1,Asra,41,Sumayya,4,HUMANS,,,,1715,3070.1,122.8
1435,886.7,350.8,6.0249,23.3221,74,175,Hot desert,200,20,1,1,0,1,1.375,1,Asra,41,Sumayya,4,HUMANS,,,,1715,2849.3,114.0
1436,895.78,346.56,7.7506,24.128,39,271,Hot desert,200,20,1,3,73,380,3.912,1,Asra,41,Sumayya,4,HUMANS,,,,1715,2435.9,97.4
1437,910.78,346.26,10.6015,24.185,64,249,Hot desert,200,20,1,1,0,0,4.9,1,Asra,41,Sumayya,4,HUMANS,,,,1715,2093.9,83.8
1438,922.1,348.3,12.7529,23.7973,64,227,Hot desert,200,20,1,2,0,0,1.008,1,Asra,41,Sumayya,8,SHIFTERS,,,,1715,1840.8,73.6
1439,933.46,350.26,14.912,23.4247,60,165,Hot desert,200,20,1,2,0,1,2.221,1,Asra,41,Sumayya,8,SHIFTERS,,,,1715,1561.9,62.5
1440,942.9,351.1,16.7061,23.265,60,153,Hot desert,200,20,1,2,0,1,0.966,1,Asra,41,Sumayya,4,HUMANS,,,,1715,1353.4,54.1
1441,952.4,351.99,18.5117,23.0959,59,223,Hot desert,200,20,1,1,0,1,6.282,1,Asra,41,Sumayya,4,HUMANS,,,,1715,1138.2,45.5
1442,967.46,344.98,21.374,24.4283,54,271,Hot desert,200,20,1,0,0,10,1.638,1,Asra,41,Sumayya,4,HUMANS,,,,1715,1348.1,53.9
1443,979.19,351.98,23.6034,23.0978,65,343,Hot desert,200,20,1,0,0,14,5.724,1,Asra,41,Sumayya,4,HUMANS,,,,1715,1215.5,48.6
1444,1004.15,348.01,28.3472,23.8524,50,325,Hot desert,200,20,1,0,0,22,1.428,1,Asra,41,Sumayya,7,GODLINGS,,,,1715,1608.6,64.3
1445,1014.9,350.85,30.3904,23.3126,48,249,Hot desert,200,20,1,0,0,9,3.771,1,Asra,41,Sumayya,7,GODLINGS,,,,1715,1853.2,74.1
1446,1037.48,357.07,34.6819,22.1303,47,245,Hot desert,200,20,1,0,54,118,1.775,1,Asra,43,Kiton,4,HUMANS,,,,1715,2080.6,83.2
1447,1045.1,366.3,36.1301,20.3759,47,233,Hot desert,200,20,1,1,63,56,6.232,1,Asra,43,Kiton,7,GODLINGS,,,,1715,2343.9,93.8
1448,1045.85,344.09,36.2727,24.5975,49,229,Hot desert,200,20,1,1,0,1,2.494,1,Asra,43,Kiton,7,GODLINGS,,,,1715,2437.3,97.5
1449,1063.66,352.22,39.6576,23.0522,19,365,Marine,10,0,0,0,0,47,0,0,Neutrals,0,,0,Wildlands,,,,,,
1450,1092.81,346.55,45.1978,24.1299,55,203,Hot desert,200,20,1,0,0,4,0.532,1,Asra,43,Kiton,7,GODLINGS,,,,1820,2585.7,103.4
1451,1085.8,358.6,43.8655,21.8395,55,254,Hot desert,200,20,1,1,0,9,1.933,1,Asra,43,Kiton,4,HUMANS,,,,1820,2669.4,106.8
1452,1108.5,358.64,48.1798,21.8319,60,399,Hot desert,200,20,1,0,0,1,1.051,1,Asra,43,Kiton,7,GODLINGS,,,,1820,2170.0,86.8
1453,1125.83,349.51,51.4735,23.5673,51,402,Hot desert,200,20,1,0,57,228,2.808,1,Asra,43,Kiton,4,HUMANS,,,,1820,2102.2,84.1
1454,1139.88,351.66,54.1439,23.1586,48,329,Hot desert,200,20,1,0,0,2,1.682,1,Asra,45,Meliscomia,4,HUMANS,,,,1820,1984.4,79.4
1455,1160.46,357.95,58.0553,21.963,58,470,Hot desert,200,20,1,0,0,2,1.255,1,Asra,45,Meliscomia,4,HUMANS,,,,1820,1599.3,64.0
1456,1184.22,346.26,62.5711,24.185,62,332,Hot desert,200,20,1,0,0,1,1.222,1,Asra,45,Meliscomia,4,HUMANS,76,Melera,249236,1820,1767.2,70.7
1457,1196.83,356.08,64.9677,22.3185,46,277,Hot desert,200,20,1,0,0,4,0.922,1,Asra,45,Meliscomia,4,HUMANS,,,,1820,1412.6,56.5
1458,1211.81,354.21,67.8148,22.6739,43,353,Hot desert,200,20,1,0,0,28,1.261,1,Asra,45,Meliscomia,4,HUMANS,,,,1820,1120.8,44.8
1459,1234.13,351.88,72.0569,23.1168,40,377,Tropical seasonal forest,70,50,1,0,0,2,3.414,1,Asra,45,Meliscomia,4,HUMANS,,,,1820,590.0,23.6
1460,1257.91,358.18,76.5765,21.9193,42,252,Tropical seasonal forest,70,50,1,0,0,3,5.337,10,Lecende,0,,4,HUMANS,,,,1820,612.9,24.5
1461,1269.26,357.62,78.7336,22.0258,29,369,Tropical seasonal forest,70,50,1,0,97,482,14.823,10,Lecende,0,,4,HUMANS,,,,1735,589.2,23.6
1462,1293.26,345.41,83.295,24.3466,27,189,Tropical seasonal forest,70,50,1,0,0,8,4.173,10,Lecende,0,,7,GODLINGS,,,,1735,495.3,19.8
1463,1300.83,355.03,84.7338,22.5181,32,265,Tropical seasonal forest,70,50,1,0,0,16,6.232,10,Lecende,0,,4,HUMANS,,,,1735,401.1,16.0
1464,1323.36,353.45,89.0158,22.8184,33,355,Wetland,150,10,1,0,144,2837,44.708,10,Lecende,0,,4,HUMANS,,,,1735,608.9,24.4
1465,1343.17,349.17,92.7808,23.6319,37,216,Temperate deciduous forest,70,100,1,0,0,11,15.074,10,Lecende,0,,8,SHIFTERS,,,,1735,567.5,22.7
1466,1357.44,350.45,95.493,23.3886,42,183,Temperate deciduous forest,70,100,1,0,0,24,13.493,10,Lecende,0,,4,HUMANS,,,,1735,596.4,23.9
1467,1369.47,350.56,97.7794,23.3677,78,270,Temperate rainforest,90,90,1,0,0,1,1.049,11,Dymia,20,Caedon,5,ANGELS,,,,1735,822.7,32.9
1468,1387.96,349.33,101.2936,23.6015,96,188,Temperate rainforest,90,90,1,0,0,0,0.735,11,Dymia,20,Caedon,5,ANGELS,,,,1735,939.2,37.6
1469,1400.9,346.9,103.7529,24.0634,96,130,Temperate rainforest,90,90,1,1,0,0,0.658,11,Dymia,20,Caedon,5,ANGELS,,,,1735,933.6,37.3
1470,1396.5,356.6,102.9167,22.2196,96,127,Temperate rainforest,90,90,1,0,0,0,0.956,11,Dymia,20,Caedon,5,ANGELS,,,,1735,828.2,33.1
1471,1413.77,344.43,106.199,24.5328,80,117,Temperate rainforest,90,90,1,2,0,181,0.593,11,Dymia,20,Caedon,5,ANGELS,,,,1735,1041.3,41.7
1472,1409.4,354.1,105.3684,22.6948,80,148,Temperate rainforest,90,90,1,2,0,181,0.704,11,Dymia,20,Caedon,5,ANGELS,,,,1735,936.2,37.4
1473,1426.03,348.97,108.5291,23.6699,10,163,Marine,10,0,0,0,0,0,0,0,Neutrals,0,,0,Wildlands,,,,,,
1474,1425.9,359.9,108.5044,21.5924,10,275,Marine,10,0,0,0,0,0,0,0,Neutrals,0,,0,Wildlands,,,,,,
1475,1451.87,342.98,113.4402,24.8084,10,570,Marine,10,0,0,0,0,0,0,0,Neutrals,0,,0,Wildlands,,,,,,
1476,105.93,374.96,-142.3671,18.7299,10,6797,Marine,10,0,0,0,0,0,0,0,Neutrals,0,,0,Wildlands,,,,,,
1477,119.65,365.83,-139.7595,20.4653,10,397,Marine,10,0,0,0,0,0,0,0,Neutrals,0,,0,Wildlands,,,,,,
1478,133.41,364.36,-137.1443,20.7447,10,2107,Marine,10,0,0,0,0,0,0,0,Neutrals,0,,0,Wildlands,,,,,,
1479,235.82,369.36,-117.6804,19.7943,0,494,Marine,10,0,0,0,0,0,0,0,Neutrals,0,,0,Wildlands,,,,,,
1480,266.18,361.45,-111.9102,21.2978,20,133,Tropical rainforest,80,80,1,2,0,20,9.569,4,Boru,29,Ouro,4,HUMANS,,,,2141,1593.6,63.7
1481,265.5,373.8,-112.0395,18.9504,20,263,Tropical rainforest,80,80,1,2,300,76,19.558,4,Boru,29,Ouro,4,HUMANS,,,,2141,1484.7,59.4
1482,271.17,363.18,-110.9618,20.969,55,141,Tropical rainforest,80,80,1,0,0,4,7.546,4,Boru,29,Ouro,4,HUMANS,,,,2141,1662.3,66.5
1483,289.95,364.2,-107.3925,20.7751,69,407,Tropical rainforest,80,80,1,0,0,2,39.852,4,Boru,29,Ouro,8,SHIFTERS,,,,2141,1496.7,59.9
1484,309.59,363.8,-103.6598,20.8511,50,279,Tropical rainforest,80,80,1,0,0,26,15.364,4,Boru,29,Ouro,7,GODLINGS,,,,2141,1381.2,55.2
1485,329.99,368.96,-99.7826,19.8703,42,360,Tropical rainforest,80,80,1,0,0,10,19.435,4,Boru,29,Ouro,4,HUMANS,27,Ouro,508000,2141,1290.1,51.6
1486,354.07,371.76,-95.206,19.3381,27,279,Tropical rainforest,80,80,1,1,206,367,30.188,4,Boru,29,Ouro,4,HUMANS,,,,2141,1277.5,51.1
1487,365.04,363.69,-93.1211,20.872,27,169,Tropical rainforest,80,80,1,1,0,7,12.391,4,Boru,29,Ouro,4,HUMANS,,,,2141,1397.3,55.9
1488,375.9,374.0,-91.057,18.9124,27,264,Tropical rainforest,80,80,1,1,0,23,21.227,4,Boru,29,Ouro,4,HUMANS,,,,2141,1325.0,53.0
1489,391.65,362.48,-88.0636,21.102,31,327,Tropical rainforest,80,80,1,0,0,5,17.59,4,Boru,29,Ouro,7,GODLINGS,,,,715,1399.2,56.0
1490,401.76,370.68,-86.1421,19.5434,40,357,Tropical seasonal forest,70,50,1,0,0,4,12.011,4,Boru,28,Bosted,4,HUMANS,,,,2141,1411.2,56.4
1491,421.36,376.52,-82.417,18.4334,23,351,Tropical seasonal forest,70,50,1,0,0,28,13.362,4,Boru,28,Bosted,7,GODLINGS,,,,2141,1395.1,55.8
1492,445.81,364.34,-77.77,20.7485,40,272,Tropical seasonal forest,70,50,1,0,0,4,9.67,4,Boru,28,Bosted,4,HUMANS,,,,715,1406.8,56.3
1493,463.99,372.63,-74.3148,19.1728,40,299,Tropical seasonal forest,70,50,1,0,0,4,9.874,4,Boru,28,Bosted,4,HUMANS,,,,1968,1475.1,59.0
1494,484.42,371.45,-70.4319,19.397,40,240,Savanna,60,32,1,0,0,4,15.086,4,Boru,28,Bosted,7,GODLINGS,,,,1968,1317.6,52.7
1495,493.09,373.29,-68.7841,19.0473,40,218,Tropical seasonal forest,70,50,1,0,0,5,7.465,4,Boru,28,Bosted,4,HUMANS,,,,1968,1289.6,51.6
1496,509.06,375.72,-65.7488,18.5854,40,331,Tropical seasonal forest,70,50,1,0,0,5,11.095,4,Boru,28,Bosted,4,HUMANS,,,,1968,1165.2,46.6
1497,523.03,366.89,-63.0937,20.2638,27,261,Tropical seasonal forest,70,50,1,0,0,13,14.589,5,Kel'Esta,1,Oem'rak,7,GODLINGS,,,,1968,1129.8,45.2
1498,538.0,371.1,-60.2485,19.4636,27,290,Volcanic,50,50,1,2,0,13,0.355,2,Cutho,49,Draxning,4,HUMANS,,,,1968,1010.1,40.4
1499,552.96,375.24,-57.4053,18.6767,28,162,Volcanic,50,50,1,2,0,16,0.185,2,Cutho,49,Draxning,4,HUMANS,,,,1968,924.7,37.0
1500,562.02,375.03,-55.6833,18.7166,10,82,Marine,10,0,0,0,0,0,0,0,Neutrals,0,,0,Wildlands,,,,,,
1501,583.52,361.04,-51.5971,21.3757,23,104,Volcanic,50,50,1,3,0,19,0.127,2,Cutho,49,Draxning,4,HUMANS,,,,1968,812.9,32.5
1502,594.5,365.5,-49.5102,20.528,23,245,Volcanic,50,50,1,2,0,19,0.552,2,Cutho,49,Draxning,7,GODLINGS,,,,1968,747.7,29.9
1503,574.8,370.2,-53.2544,19.6346,23,183,Volcanic,50,50,1,2,47,110,0.3,2,Cutho,49,Draxning,4,HUMANS,,,,1968,828.6,33.1
1504,605.4,370.04,-47.4386,19.665,23,228,Volcanic,50,50,1,1,0,19,0.397,2,Cutho,49,Draxning,7,GODLINGS,,,,1968,695.9,27.8
1505,617.26,365.45,-45.1845,20.5375,22,216,Volcanic,50,50,1,4,0,26,0.278,2,Cutho,49,Draxning,4,HUMANS,,,,1968,701.4,28.1
1506,621.3,377.5,-44.4167,18.2471,22,213,Volcanic,50,50,1,2,0,50,0.269,2,Cutho,49,Draxning,4,HUMANS,,,,1968,631.5,25.3
1507,642.4,375.99,-40.4064,18.5341,10,357,Marine,10,0,0,0,0,0,0,0,Neutrals,0,,0,Wildlands,,,,,,
1508,696.19,372.34,-30.1832,19.2279,10,880,Marine,10,0,0,0,0,0,0,0,Neutrals,0,,0,Wildlands,,,,,,
1509,709.88,374.31,-27.5813,18.8534,10,252,Marine,10,0,0,0,0,0,0,0,Neutrals,0,,0,Wildlands,,,,,,
1510,708.0,383.3,-27.9386,17.1447,10,174,Marine,10,0,0,0,0,0,0,0,Neutrals,0,,0,Wildlands,,,,,,
1511,722.1,374.9,-25.2588,18.7413,10,287,Marine,10,0,0,0,0,0,0,0,Neutrals,0,,0,Wildlands,,,,,,
1512,734.26,375.53,-22.9477,18.6215,10,292,Marine,10,0,0,0,0,0,0,0,Neutrals,0,,0,Wildlands,,,,,,
1513,747.24,363.74,-20.4807,20.8625,10,211,Marine,10,0,0,0,0,0,0,0,Neutrals,0,,0,Wildlands,,,,,,
1514,759.0,368.8,-18.2456,19.9007,10,187,Marine,10,0,0,0,0,0,0,0,Neutrals,0,,0,Wildlands,,,,,,
1515,770.79,373.76,-16.0048,18.958,10,297,Marine,10,0,0,0,0,0,0,0,Neutrals,0,,0,Wildlands,,,,,,
1516,779.72,361.73,-14.3076,21.2446,84,150,Hot desert,200,20,1,2,0,8,0.404,1,Asra,41,Sumayya,4,HUMANS,,,,1968,4164.5,166.6
1517,789.6,367.2,-12.4298,20.2049,84,146,Hot desert,200,20,1,1,0,8,0.935,1,Asra,41,Sumayya,4,HUMANS,,,,1968,3916.1,156.6
1518,799.56,372.69,-10.5368,19.1614,72,193,Hot desert,200,20,1,2,0,41,2.821,1,Asra,41,Sumayya,4,HUMANS,,,,1968,3714.2,148.6
1519,813.2,382.2,-7.9444,17.3537,72,296,Hot desert,200,20,1,2,0,41,1.041,1,Asra,41,Sumayya,4,HUMANS,,,,1715,3833.2,153.3
1520,794.2,381.4,-11.5556,17.5058,72,175,Hot desert,200,20,1,1,0,41,1.222,1,Asra,41,Sumayya,4,HUMANS,,,,1968,3489.2,139.6
1521,825.19,368.34,-5.6656,19.9882,14,229,Marine,10,0,0,0,0,0,0,0,Neutrals,0,,0,Wildlands,,,,,,
1522,839.97,367.61,-2.8566,20.1269,10,203,Marine,10,0,0,0,0,0,0,0,Neutrals,0,,0,Wildlands,,,,,,
1523,850.8,368.1,-0.7982,20.0338,10,133,Marine,10,0,0,0,0,0,0,0,Neutrals,0,,0,Wildlands,,,,,,
1524,861.71,368.52,1.2753,19.954,0,203,Marine,10,0,0,0,0,0,0,0,Neutrals,0,,0,Wildlands,,,,,,
1525,874.46,363.07,3.6985,20.9899,0,176,Marine,10,0,0,0,0,0,0,0,Neutrals,0,,0,Wildlands,,,,,,
1526,886.1,369.8,5.9108,19.7107,0,294,Marine,10,0,0,0,0,0,0,0,Neutrals,0,,0,Wildlands,,,,,,
1527,897.64,376.57,8.1041,18.4239,0,141,Marine,10,0,0,0,0,0,0,0,Neutrals,0,,0,Wildlands,,,,,,
1528,905.2,383.5,9.5409,17.1067,0,86,Marine,10,0,0,0,0,0,0,0,Neutrals,0,,0,Wildlands,,,,,,
1529,901.43,375.15,8.8244,18.6938,0,150,Marine,10,0,0,0,0,0,0,0,Neutrals,0,,0,Wildlands,,,,,,
1530,907.1,382.8,9.902,17.2397,0,65,Marine,10,0,0,0,0,0,0,0,Neutrals,0,,0,Wildlands,,,,,,
1531,913.3,371.6,11.0804,19.3685,0,214,Marine,10,0,0,0,0,0,0,0,Neutrals,0,,0,Wildlands,,,,,,
1532,925.12,368.05,13.3269,20.0433,0,184,Marine,10,0,0,0,0,0,0,0,Neutrals,0,,0,Wildlands,,,,,,
1533,918.9,379.2,12.1447,17.924,0,108,Marine,10,0,0,0,0,0,0,0,Neutrals,0,,0,Wildlands,,,,,,
1534,936.9,366.4,15.5658,20.3569,0,152,Marine,10,0,0,0,0,0,0,0,Neutrals,0,,0,Wildlands,,,,,,
1535,931.1,377.4,14.4635,18.2661,0,69,Marine,10,0,0,0,0,0,0,0,Neutrals,0,,0,Wildlands,,,,,,
1536,929.3,377.8,14.1213,18.1901,0,63,Marine,10,0,0,0,0,0,0,0,Neutrals,0,,0,Wildlands,,,,,,
1537,948.68,364.78,17.8047,20.6648,0,123,Marine,10,0,0,0,0,0,0,0,Neutrals,0,,0,Wildlands,,,,,,
1538,942.9,375.7,16.7061,18.5892,0,195,Marine,10,0,0,0,0,0,0,0,Neutrals,0,,0,Wildlands,,,,,,
1539,955.78,366.97,19.1541,20.2486,63,204,Hot desert,200,20,1,2,0,2,1.694,1,Asra,41,Sumayya,4,HUMANS,,,,1715,800.3,32.0
1540,963.0,376.2,20.5263,18.4942,63,305,Hot desert,200,20,1,1,0,2,6.267,1,Asra,41,Sumayya,4,HUMANS,,,,1715,542.5,21.7
1541,987.54,362.18,25.1904,21.159,74,301,Hot desert,200,20,1,0,0,2,4.206,1,Asra,41,Sumayya,4,HUMANS,,,,1715,1305.5,52.2
1542,991.67,372.87,25.9753,19.1271,65,377,Hot desert,200,20,1,0,0,3,1.306,1,Asra,41,Sumayya,4,HUMANS,,,,1715,996.6,39.9
1543,1018.54,360.97,31.0822,21.389,58,318,Hot desert,200,20,1,0,54,60,1.41,1,Asra,41,Sumayya,4,HUMANS,,,,1715,1655.2,66.2
1544,1027.08,371.29,32.7053,19.4275,66,320,Hot desert,200,20,1,0,0,1,1.415,1,Asra,41,Sumayya,4,HUMANS,,,,1715,2008.8,80.4
1545,1052.68,375.45,37.5708,18.6367,61,192,Hot desert,200,20,1,0,0,5,3.285,1,Asra,44,Tesem,7,GODLINGS,,,,1715,2382.0,95.3
1546,1065.7,373.0,40.0453,19.1024,61,273,Hot desert,200,20,1,1,0,5,6.761,1,Asra,44,Tesem,4,HUMANS,,,,1820,2546.0,101.8
1547,1078.77,370.63,42.5294,19.5529,64,189,Hot desert,200,20,1,1,0,3,1.703,1,Asra,44,Tesem,4,HUMANS,,,,1820,2540.0,101.6
1548,1087.09,369.48,44.1107,19.7715,60,263,Hot desert,200,20,1,0,0,5,0.684,1,Asra,44,Tesem,4,HUMANS,,,,1820,2452.6,98.1
1549,1114.75,376.36,49.3677,18.4638,59,314,Hot desert,200,20,1,0,0,3,0.809,1,Asra,44,Tesem,4,HUMANS,,,,1820,1916.2,76.6
1550,1130.88,373.66,52.4333,18.977,58,244,Hot desert,200,20,1,0,0,3,0.814,1,Asra,45,Meliscomia,4,HUMANS,,,,1820,1547.4,61.9
1551,1137.43,371.83,53.6782,19.3248,49,294,Hot desert,200,20,1,0,57,216,2.11,1,Asra,45,Meliscomia,4,HUMANS,,,,1820,1537.4,61.5
1552,1160.78,374.6,58.1161,18.7983,59,283,Hot desert,200,20,1,0,0,3,0.718,1,Asra,45,Meliscomia,4,HUMANS,,,,1820,1233.0,49.3
1553,1176.89,374.9,61.1779,18.7413,58,360,Hot desert,200,20,1,0,0,8,0.956,1,Asra,45,Meliscomia,4,HUMANS,,,,1820,1240.1,49.6
1554,1191.5,371.81,63.9547,19.3286,50,310,Hot desert,200,20,1,0,0,11,1.079,1,Asra,45,Meliscomia,4,HUMANS,,,,1820,1047.2,41.9
1555,1222.71,370.66,69.8864,19.5472,36,350,Hot desert,200,20,1,0,64,130,1.802,1,Asra,45,Meliscomia,4,HUMANS,,,,1820,774.5,31.0
1556,1239.97,369.13,73.1668,19.838,34,290,Tropical seasonal forest,70,50,1,0,64,137,14.496,10,Lecende,0,,7,GODLINGS,,,,1820,428.8,17.2
1557,1246.4,361.97,74.3889,21.1989,38,209,Tropical seasonal forest,70,50,1,0,0,10,4.59,10,Lecende,0,,4,HUMANS,,,,1820,510.3,20.4
1558,1264.54,371.73,77.8365,19.3438,38,364,Tropical seasonal forest,70,50,1,0,64,471,15.313,10,Lecende,0,,4,HUMANS,,,,1735,502.5,20.1
1559,1293.95,363.95,83.4262,20.8226,42,405,Tropical seasonal forest,70,50,1,0,0,11,19.905,10,Lecende,0,,4,HUMANS,,,,1735,380.9,15.2
1560,1307.43,372.27,85.9882,19.2412,42,251,Tropical seasonal forest,70,50,1,0,0,9,15.061,10,Lecende,0,,4,HUMANS,,,,1735,258.9,10.4
1561,1321.92,372.64,88.7421,19.1709,40,366,Temperate deciduous forest,70,100,1,0,0,32,16.971,10,Lecende,0,,4,HUMANS,,,,1735,279.4,11.2
1562,1341.36,361.06,92.4368,21.3719,33,335,Temperate deciduous forest,70,100,1,0,144,2891,57.726,10,Lecende,0,,4,HUMANS,,,,1735,465.6,18.6
1563,1360.15,365.5,96.008,20.528,27,315,Blood Fields,50,0,1,0,0,39,0,13,Blood Fields,0,,4,HUMANS,,,,1735,434.5,17.4
1564,1384.03,368.6,100.5466,19.9388,34,312,Blood Fields,50,0,1,0,193,51,0,13,Blood Fields,0,,4,HUMANS,,,,1735,535.6,21.4
1565,1391.04,367.56,101.8789,20.1364,61,128,Blood Fields,50,0,1,0,0,36,0,13,Blood Fields,0,,4,HUMANS,,,,1735,600.9,24.0
1566,1405.01,363.78,104.5341,20.8549,47,192,Temperate rainforest,90,90,1,3,0,97,0.937,11,Dymia,20,Caedon,5,ANGELS,,,,1735,744.2,29.8
1567,1399.3,375.4,103.4488,18.6463,47,219,Blood Fields,50,0,1,2,0,97,0,13,Blood Fields,0,,4,HUMANS,,,,1735,663.5,26.5
1568,1425.79,370.9,108.4835,19.5016,10,225,Marine,10,0,0,0,0,0,0,0,Neutrals,0,,0,Wildlands,,,,,,
1569,1420.7,381.7,107.5161,17.4488,10,245,Marine,10,0,0,0,0,0,0,0,Neutrals,0,,0,Wildlands,,,,,,
1570,1541.83,368.72,130.5379,19.9159,10,2137,Marine,10,0,0,0,0,0,0,0,Neutrals,0,,0,Wildlands,,,,,,
1571,213.0,391.86,-122.0175,15.5176,0,1521,Marine,10,0,0,0,0,0,0,0,Neutrals,0,,0,Wildlands,,,,,,
1572,231.78,384.98,-118.4482,16.8253,0,285,Marine,10,0,0,0,0,0,0,0,Neutrals,0,,0,Wildlands,,,,,,
1573,240.58,379.87,-116.7757,17.7966,18,147,Marine,10,0,0,0,0,0,0,0,Neutrals,0,,0,Wildlands,,,,,,
1574,243.6,388.6,-116.2018,16.1373,18,162,Marine,10,0,0,0,0,0,0,0,Neutrals,0,,0,Wildlands,,,,,,
1575,264.72,386.05,-112.1877,16.622,21,245,Tropical rainforest,80,80,1,3,0,27,14.658,4,Boru,29,Ouro,4,HUMANS,,,,2141,1412.5,56.5
1576,260.4,398.7,-113.0088,14.2175,21,232,Tropical rainforest,80,80,1,1,0,27,18.261,4,Boru,30,Chipia,4,HUMANS,,,,2141,1386.3,55.5
1577,277.77,394.76,-109.7075,14.9664,20,302,Tropical rainforest,80,80,1,0,300,58,19.727,4,Boru,30,Chipia,4,HUMANS,,,,2141,1271.0,50.8
1578,303.91,380.38,-104.7393,17.6997,51,388,Tropical rainforest,80,80,1,0,0,3,19.951,4,Boru,29,Ouro,4,HUMANS,,,,2141,1226.9,49.1
1579,320.04,382.31,-101.6737,17.3328,60,243,Tropical rainforest,80,80,1,0,0,2,12.113,4,Boru,29,Ouro,4,HUMANS,,,,2141,1247.2,49.9
1580,332.49,387.14,-99.3075,16.4148,38,296,Tropical rainforest,80,80,1,0,0,6,28.502,4,Boru,29,Ouro,4,HUMANS,,,,2141,1112.4,44.5
1581,353.15,388.24,-95.3808,16.2057,23,269,Tropical rainforest,80,80,1,1,0,37,32.248,4,Boru,29,Ouro,4,HUMANS,,,,2141,1105.7,44.2
1582,364.2,395.2,-93.2807,14.8828,23,232,Tropical rainforest,80,80,1,1,153,75,21.896,4,Boru,29,Ouro,4,HUMANS,,,,2141,1053.1,42.1
1583,363.07,383.89,-93.4955,17.0325,0,189,Marine,10,0,0,0,0,346,0,0,Neutrals,0,,0,Wildlands,,,,,,
1584,386.73,384.22,-88.9987,16.9698,29,276,Tropical rainforest,80,80,1,0,0,16,15.69,4,Boru,29,Ouro,4,HUMANS,,,,2141,1242.7,49.7
1585,381.0,393.1,-90.0877,15.2819,29,194,Tropical rainforest,80,80,1,1,206,202,18.336,4,Boru,29,Ouro,4,HUMANS,,,,2141,1151.1,46.0
1586,407.77,394.87,-84.9999,14.9455,40,348,Tropical rainforest,80,80,1,0,0,4,19.001,4,Boru,28,Bosted,4,HUMANS,,,,2141,1219.3,48.8
1587,424.72,391.28,-81.7784,15.6279,40,286,Tropical seasonal forest,70,50,1,0,0,4,10.824,4,Boru,28,Bosted,4,HUMANS,,,,2141,1352.7,54.1
1588,433.07,383.15,-80.1914,17.1732,29,384,Tropical seasonal forest,70,50,1,0,221,52,14.258,4,Boru,28,Bosted,4,HUMANS,,,,2141,1454.4,58.2
1589,463.02,381.95,-74.4991,17.4013,23,346,Tropical seasonal forest,70,50,1,0,0,20,12.69,4,Boru,28,Bosted,4,HUMANS,,,,1968,1394.0,55.8
1590,479.71,391.26,-71.327,15.6317,40,245,Grassland,50,30,1,0,0,3,5.008,4,Boru,28,Bosted,4,HUMANS,,,,1968,1246.8,49.9
1591,489.97,380.92,-69.377,17.597,40,243,Grassland,50,30,1,0,0,3,5.09,4,Boru,28,Bosted,4,HUMANS,,,,1968,1245.1,49.8
1592,518.95,384.37,-63.8692,16.9413,40,241,Volcanic,50,50,1,0,0,3,0.26,2,Cutho,49,Draxning,4,HUMANS,,,,1968,1064.0,42.6
1593,529.99,385.49,-61.7709,16.7284,23,361,Volcanic,50,50,1,0,93,674,1.182,2,Cutho,49,Draxning,4,HUMANS,,,,1968,977.1,39.1
1594,556.65,383.13,-56.7039,17.177,23,206,Volcanic,50,50,1,1,93,684,0.626,2,Cutho,49,Draxning,4,HUMANS,,,,1968,870.8,34.8
1595,566.11,379.41,-54.906,17.8841,23,145,Volcanic,50,50,1,1,0,14,0.234,2,Cutho,49,Draxning,4,HUMANS,,,,1968,802.9,32.1
1596,577.59,390.98,-52.7241,15.6849,27,347,Volcanic,50,50,1,0,47,91,0.427,2,Cutho,49,Draxning,4,HUMANS,24,Borlo,1173221,1968,713.3,28.5
1597,610.48,385.02,-46.4731,16.8177,33,317,Volcanic,50,50,1,0,0,24,0.318,2,Cutho,49,Draxning,4,HUMANS,,,,1968,608.9,24.4
1598,625.39,389.59,-43.6393,15.9491,25,265,Volcanic,50,50,1,3,0,30,0.33,2,Cutho,49,Draxning,4,HUMANS,,,,1968,561.3,22.5
1599,646.71,392.32,-39.5873,15.4302,10,280,Marine,10,0,0,0,0,0,0,0,Neutrals,0,,0,Wildlands,,,,,,
1600,662.51,386.53,-36.5844,16.5307,10,577,Marine,10,0,0,0,0,0,0,0,Neutrals,0,,0,Wildlands,,,,,,
1601,688.62,385.67,-31.6219,16.6942,10,443,Marine,10,0,0,0,0,0,0,0,Neutrals,0,,0,Wildlands,,,,,,
1602,706.08,392.32,-28.3035,15.4302,10,207,Marine,10,0,0,0,0,0,0,0,Neutrals,0,,0,Wildlands,,,,,,
1603,698.6,401.2,-29.7251,13.7423,10,181,Marine,10,0,0,0,0,0,0,0,Neutrals,0,,0,Wildlands,,,,,,
1604,728.66,394.19,-24.012,15.0748,74,214,Hot desert,200,20,1,4,0,14,0.72,1,Asra,38,Warenland,4,HUMANS,,,,1968,2373.8,95.0
1605,724.9,402.4,-24.7266,13.5143,74,196,Hot desert,200,20,1,2,0,14,0.706,1,Asra,38,Warenland,4,HUMANS,,,,1968,2175.2,87.0
1606,739.9,391.4,-21.8757,15.6051,74,222,Hot desert,200,20,1,1,0,14,1.523,1,Asra,38,Warenland,4,HUMANS,,,,1968,2584.4,103.4
1607,751.11,388.6,-19.7452,16.1373,92,217,Hot desert,200,20,1,4,0,14,0.758,1,Asra,38,Warenland,4,HUMANS,,,,1968,2919.2,116.8
1608,757.99,394.36,-18.4376,15.0424,89,118,Hot desert,200,20,1,1,0,0,2.707,1,Asra,38,Warenland,4,HUMANS,,,,1968,2716.9,108.7
1609,769.6,395.7,-16.231,14.7878,89,219,Hot desert,200,20,1,1,0,0,1.851,1,Asra,38,Warenland,4,HUMANS,,,,1968,2974.0,119.0
1610,788.78,390.09,-12.5857,15.8541,70,168,Hot desert,200,20,1,1,0,21,1.273,1,Asra,38,Warenland,4,HUMANS,,,,1968,3252.6,130.1
1611,798.65,393.75,-10.7098,15.1584,62,147,Hot desert,200,20,1,0,0,17,1.76,1,Asra,38,Warenland,4,HUMANS,,,,1968,3388.3,135.5
1612,826.78,391.62,-5.3635,15.5633,59,372,Hot desert,200,20,1,2,0,4,5.611,1,Asra,41,Sumayya,4,HUMANS,,,,1715,3351.5,134.1
1613,843.39,391.69,-2.2066,15.5499,58,289,Hot desert,200,20,1,1,0,8,2.41,1,Asra,41,Sumayya,4,HUMANS,,,,1715,2976.9,119.1
1614,852.43,383.33,-0.4885,17.139,66,235,Hot desert,200,20,1,3,0,4,3.325,1,Asra,41,Sumayya,4,HUMANS,,,,1715,2908.7,116.3
1615,866.36,389.23,2.1591,16.0175,69,265,Hot desert,200,20,1,3,0,3,0.94,1,Asra,41,Sumayya,4,HUMANS,,,,1715,2575.9,103.0
1616,880.0,391.4,4.7515,15.6051,69,241,Hot desert,200,20,1,2,0,3,0.835,1,Asra,41,Sumayya,4,HUMANS,,,,1715,2272.0,90.9
1617,893.7,393.5,7.3553,15.2059,64,222,Hot desert,200,20,1,3,0,11,0.758,1,Asra,41,Sumayya,4,HUMANS,,,,1715,1929.0,77.2
1618,912.68,390.43,10.9626,15.7894,0,164,Marine,10,0,0,0,0,0,0,0,Neutrals,0,,0,Wildlands,,,,,,
1619,923.1,389.0,12.943,16.0612,0,141,Marine,10,0,0,0,0,0,0,0,Neutrals,0,,0,Wildlands,,,,,,
1620,933.49,387.56,14.9177,16.335,0,89,Marine,10,0,0,0,0,0,0,0,Neutrals,0,,0,Wildlands,,,,,,
1621,937.08,386.68,15.6,16.5022,0,188,Marine,10,0,0,0,0,0,0,0,Neutrals,0,,0,Wildlands,,,,,,
1622,970.12,385.38,21.8795,16.7493,55,219,Hot desert,200,20,1,0,0,13,0.737,1,Asra,41,Sumayya,4,HUMANS,,,,1715,339.4,13.6
1623,982.16,385.8,24.1678,16.6695,50,314,Hot desert,200,20,1,0,0,28,1.121,1,Asra,41,Sumayya,4,HUMANS,,,,1715,511.1,20.4
1624,1000.68,393.85,27.6877,15.1394,58,298,Hot desert,200,20,1,0,54,35,1.083,1,Asra,41,Sumayya,4,HUMANS,,,,1715,1049.0,42.0
1625,1012.44,392.9,29.9228,15.32,55,338,Hot desert,200,20,1,0,54,51,5.781,1,Asra,41,Sumayya,7,GODLINGS,,,,1715,1308.5,52.3
1626,1032.11,388.44,33.6613,16.1677,61,234,Hot desert,200,20,1,0,0,3,0.991,1,Asra,41,Sumayya,4,HUMANS,,,,1715,1818.8,72.8
1627,1046.38,379.36,36.3734,17.8936,64,203,Hot desert,200,20,1,0,0,3,0.869,1,Asra,44,Tesem,7,GODLINGS,,,,1715,2218.8,88.8
1628,1076.9,386.93,42.174,16.4547,60,328,Hot desert,200,20,1,0,0,9,1.142,1,Asra,44,Tesem,4,HUMANS,,,,1820,2142.9,85.7
1629,1084.87,392.51,43.6887,15.3941,58,331,Hot desert,200,20,1,0,0,14,0.877,1,Asra,44,Tesem,4,HUMANS,,,,1820,1918.2,76.7
1630,1104.09,386.79,47.3417,16.4813,58,330,Hot desert,200,20,1,0,0,5,4.709,1,Asra,44,Tesem,4,HUMANS,,,,1820,1919.2,76.8
1631,1121.24,395.1,50.6012,14.9018,57,200,Hot desert,200,20,1,0,0,11,0.877,1,Asra,44,Tesem,4,HUMANS,,,,1820,1489.5,59.6
1632,1136.33,390.67,53.4692,15.7438,56,281,Hot desert,200,20,1,0,57,188,6.38,1,Asra,44,Tesem,4,HUMANS,,,,1820,1134.8,45.4
1633,1158.47,387.08,57.677,16.4262,59,268,Hot desert,200,20,1,0,0,7,0.964,1,Asra,45,Meliscomia,4,HUMANS,,,,1820,953.8,38.2
1634,1172.6,394.1,60.3626,15.0919,62,351,Hot desert,200,20,1,0,0,15,0.92,1,Asra,45,Meliscomia,4,HUMANS,,,,1820,807.3,32.3
1635,1200.45,383.83,65.6557,17.0439,50,352,Hot desert,200,20,1,0,64,45,4.624,1,Asra,45,Meliscomia,4,HUMANS,,,,1820,717.5,28.7
1636,1212.06,382.16,67.8623,17.3614,37,289,Hot desert,200,20,1,0,64,87,1.741,6,Mhekinn,9,Odina,4,HUMANS,,,,1820,579.8,23.2
1637,1236.91,391.75,72.5852,15.5385,32,283,Tropical seasonal forest,70,50,1,1,0,14,5.878,6,Mhekinn,9,Odina,4,HUMANS,,,,1820,232.2,9.3
1638,1223.4,397.2,70.0175,14.5026,32,262,Savanna,60,32,1,1,0,14,4.259,6,Mhekinn,9,Odina,4,HUMANS,,,,1820,120.0,4.8
1639,1252.63,389.21,75.573,16.0213,36,264,Tropical seasonal forest,70,50,1,0,97,276,15.245,10,Lecende,0,,4,HUMANS,,,,1820,379.1,15.2
1640,1253.0,400.5,75.6433,13.8754,36,169,Tropical seasonal forest,70,50,1,1,97,254,7.291,6,Mhekinn,9,Odina,4,HUMANS,,,,1820,399.3,16.0
1641,1268.23,389.27,78.5379,16.0099,43,342,Tropical seasonal forest,70,50,1,0,0,37,16.62,10,Lecende,0,,4,HUMANS,69,Salver,106129,1735,352.5,14.1
1642,1290.74,394.41,82.8161,15.0329,47,452,Tropical seasonal forest,70,50,1,0,0,16,10.557,10,Lecende,0,,4,HUMANS,,,,1735,174.7,7.0
1643,1309.29,383.06,86.3417,17.1903,44,268,Tropical seasonal forest,70,50,1,0,0,21,6.426,10,Lecende,0,,4,HUMANS,,,,1735,174.6,7.0
1644,1319.68,393.37,88.3164,15.2306,44,356,Tropical seasonal forest,70,50,1,0,0,23,7.752,10,Lecende,0,,7,GODLINGS,,,,1735,118.8,4.8
1645,1346.57,385.94,93.427,16.6429,39,456,Blood Fields,50,0,1,0,151,44,0,13,Blood Fields,0,,7,GODLINGS,,,,1735,284.3,11.4
1646,1357.2,380.66,95.4474,17.6465,28,313,Blood Fields,50,0,1,0,144,2956,0,13,Blood Fields,0,,4,HUMANS,,,,1735,349.6,14.0
1647,1372.66,393.66,98.3857,15.1755,29,210,Blood Fields,50,0,1,0,144,2983,0,13,Blood Fields,0,,4,HUMANS,,,,1735,436.3,17.5
1648,1383.1,390.3,100.3699,15.8141,29,177,Blood Fields,50,0,1,1,144,3010,0,13,Blood Fields,0,,4,HUMANS,,,,1735,496.6,19.9
1649,1377.7,401.3,99.3436,13.7233,29,94,Blood Fields,50,0,1,1,0,27,0,13,Blood Fields,0,,4,HUMANS,,,,1735,431.9,17.3
1650,1368.1,403.2,97.519,13.3622,29,189,Blood Fields,50,0,1,0,151,71,0,13,Blood Fields,0,,4,HUMANS,,,,1735,378.1,15.1
1651,1393.53,387.02,102.3522,16.4376,25,177,Blood Fields,50,0,1,3,193,185,0,13,Blood Fields,0,,4,HUMANS,,,,1735,556.7,22.3
1652,1415.55,392.54,106.5373,15.3884,10,163,Marine,10,0,0,0,0,0,0,0,Neutrals,0,,0,Wildlands,,,,,,
1653,1435.51,393.94,110.3308,15.1223,10,251,Marine,10,0,0,0,0,0,0,0,Neutrals,0,,0,Wildlands,,,,,,
1654,1441.1,378.99,111.3933,17.9639,10,736,Marine,10,0,0,0,0,0,0,0,Neutrals,0,,0,Wildlands,,,,,,
1655,1490.48,382.32,120.7784,17.3309,10,1431,Marine,10,0,0,0,0,0,0,0,Neutrals,0,,0,Wildlands,,,,,,
1656,1500.61,394.72,122.7037,14.974,10,147,Marine,10,0,0,0,0,0,0,0,Neutrals,0,,0,Wildlands,,,,,,
1657,1492.3,400.4,121.1243,13.8944,10,196,Marine,10,0,0,0,0,0,0,0,Neutrals,0,,0,Wildlands,,,,,,
1658,1509.6,392.0,124.4123,15.491,10,195,Marine,10,0,0,0,0,0,0,0,Neutrals,0,,0,Wildlands,,,,,,
1659,1518.5,389.37,126.1038,15.9909,10,424,Marine,10,0,0,0,0,0,0,0,Neutrals,0,,0,Wildlands,,,,,,
1660,1531.3,390.7,128.5365,15.7381,10,242,Marine,10,0,0,0,0,0,0,0,Neutrals,0,,0,Wildlands,,,,,,
1661,1544.16,392.09,130.9807,15.4739,10,225,Marine,10,0,0,0,0,0,0,0,Neutrals,0,,0,Wildlands,,,,,,
1662,1556.3,392.9,133.288,15.32,10,168,Marine,10,0,0,0,0,0,0,0,Neutrals,0,,0,Wildlands,,,,,,
1663,1559.52,384.37,133.9,16.9413,10,477,Marine,10,0,0,0,0,0,0,0,Neutrals,0,,0,Wildlands,,,,,,
1664,1568.52,393.63,135.6105,15.1812,10,200,Marine,10,0,0,0,0,0,0,0,Neutrals,0,,0,Wildlands,,,,,,
1665,1586.84,381.01,139.0924,17.5799,10,5128,Marine,10,0,0,0,0,0,0,0,Neutrals,0,,0,Wildlands,,,,,,
1666,214.73,412.52,-121.6887,11.5907,0,967,Marine,10,0,0,0,0,0,0,0,Neutrals,0,,0,Wildlands,,,,,,
1667,224.64,406.39,-119.8053,12.7559,0,244,Marine,10,0,0,0,0,0,0,0,Neutrals,0,,0,Wildlands,,,,,,
1668,235.7,401.8,-117.7032,13.6283,0,238,Marine,10,0,0,0,0,0,0,0,Neutrals,0,,0,Wildlands,,,,,,
1669,246.69,397.24,-115.6145,14.495,18,168,Marine,10,0,0,0,0,0,0,0,Neutrals,0,,0,Wildlands,,,,,,
1670,256.01,411.4,-113.8431,11.8036,51,219,Tropical rainforest,80,80,1,2,0,5,13.62,4,Boru,30,Chipia,4,HUMANS,,,,2141,1315.1,52.6
1671,248.5,420.4,-115.2705,10.0929,51,233,Tropical rainforest,80,80,1,2,0,5,21.621,4,Boru,30,Chipia,4,HUMANS,,,,2141,1233.7,49.3
1672,285.52,397.45,-108.2345,14.4551,67,322,Tropical rainforest,80,80,1,0,0,1,18.631,4,Boru,30,Chipia,4,HUMANS,,,,2141,1186.8,47.5
1673,299.17,405.48,-105.6402,12.9288,54,357,Tropical rainforest,80,80,1,0,0,2,19.544,4,Boru,30,Chipia,7,GODLINGS,,,,2141,1002.1,40.1
1674,315.16,397.53,-102.6012,14.4399,59,389,Tropical rainforest,80,80,1,0,0,2,21.499,4,Boru,29,Ouro,4,HUMANS,,,,2141,1103.1,44.1
1675,335.32,403.13,-98.7696,13.3755,23,315,Tropical rainforest,80,80,1,0,0,18,18.872,4,Boru,29,Ouro,4,HUMANS,,,,2141,916.0,36.6
1676,347.07,410.41,-96.5364,11.9918,23,225,Tropical rainforest,80,80,1,0,0,11,23.107,4,Boru,30,Chipia,4,HUMANS,,,,2141,903.4,36.1
1677,375.29,402.06,-91.173,13.5789,29,298,Tropical rainforest,80,80,1,0,0,27,16.341,4,Boru,29,Ouro,7,GODLINGS,,,,2141,1045.6,41.8
1678,392.43,406.15,-87.9154,12.8015,38,391,Tropical rainforest,80,80,1,0,206,194,39.699,4,Boru,29,Ouro,4,HUMANS,,,,2141,1043.3,41.7
1679,410.71,411.08,-84.4411,11.8644,35,201,Tropical rainforest,80,80,1,0,0,13,21.563,4,Boru,28,Bosted,4,HUMANS,,,,2141,1198.1,47.9
1680,416.36,409.55,-83.3673,12.1552,28,149,Tropical rainforest,80,80,1,0,0,9,8.856,4,Boru,28,Bosted,4,HUMANS,,,,2141,1249.7,50.0
1681,441.39,409.41,-78.6101,12.1818,50,469,Tropical seasonal forest,70,50,1,0,0,23,17.43,4,Boru,28,Bosted,7,GODLINGS,29,Pami,61009,2141,1412.6,56.5
1682,463.06,401.25,-74.4915,13.7328,35,436,Tropical seasonal forest,70,50,1,0,221,130,17.59,4,Boru,28,Bosted,4,HUMANS,,,,1968,1344.8,53.8
1683,479.17,403.69,-71.4297,13.2691,24,162,Grassland,50,30,1,0,221,138,4.397,4,Boru,28,Bosted,7,GODLINGS,,,,1968,1184.9,47.4
1684,487.87,402.87,-69.7762,13.4249,23,281,Grassland,50,30,1,0,221,156,8.612,4,Boru,28,Bosted,4,HUMANS,,,,1968,1135.6,45.4
1685,513.01,402.57,-64.9981,13.4819,23,405,Volcanic,50,50,1,0,93,576,0.96,2,Cutho,49,Draxning,4,HUMANS,,,,1968,997.3,39.9
1686,527.15,409.54,-62.3107,12.1571,24,386,Volcanic,50,50,1,0,209,71,0.43,2,Cutho,49,Draxning,4,HUMANS,25,Aerin,2385,1968,910.6,36.4
1687,556.9,399.36,-56.6564,14.0921,27,309,Volcanic,50,50,1,0,0,5,0.346,2,Cutho,49,Draxning,4,HUMANS,,,,1968,798.5,31.9
1688,560.81,402.99,-55.9133,13.4021,35,261,Volcanic,50,50,1,0,0,15,0.664,2,Cutho,49,Draxning,4,HUMANS,,,,1968,769.2,30.8
1689,580.46,400.83,-52.1787,13.8127,46,332,Volcanic,50,50,1,0,47,53,0.388,2,Cutho,49,Draxning,4,HUMANS,,,,1968,669.7,26.8
1690,601.89,401.83,-48.1057,13.6226,57,409,Volcanic,50,50,1,0,0,7,0.376,2,Cutho,49,Draxning,4,HUMANS,,,,1968,554.9,22.2
1691,624.26,405.99,-43.8541,12.8319,54,269,Volcanic,50,50,1,1,0,16,0.747,2,Cutho,47,Cutho,4,HUMANS,,,,1968,470.9,18.8
1692,629.5,415.6,-42.8582,11.0053,54,135,Volcanic,50,50,1,2,43,54,0.187,2,Cutho,47,Cutho,4,HUMANS,,,,1968,410.7,16.4
1693,637.4,403.06,-41.3567,13.3888,16,191,Marine,10,0,0,0,0,0,0,0,Neutrals,0,,0,Wildlands,,,,,,
1694,646.3,411.0,-39.6652,11.8796,16,194,Marine,10,0,0,0,0,0,0,0,Neutrals,0,,0,Wildlands,,,,,,
1695,659.45,409.25,-37.1659,12.2122,10,212,Marine,10,0,0,0,0,0,0,0,Neutrals,0,,0,Wildlands,,,,,,
1696,671.63,407.51,-34.851,12.543,10,354,Marine,10,0,0,0,0,0,0,0,Neutrals,0,,0,Wildlands,,,,,,
1697,691.14,410.03,-31.143,12.064,10,227,Marine,10,0,0,0,0,0,0,0,Neutrals,0,,0,Wildlands,,,,,,
1698,696.0,418.2,-30.2193,10.5111,10,143,Marine,10,0,0,0,0,0,0,0,Neutrals,0,,0,Wildlands,,,,,,
1699,706.59,410.04,-28.2066,12.0621,10,150,Marine,10,0,0,0,0,0,0,0,Neutrals,0,,0,Wildlands,,,,,,
1700,721.09,410.58,-25.4507,11.9595,62,175,Hot desert,200,20,1,1,0,7,1.299,1,Asra,38,Warenland,4,HUMANS,,,,1968,1917.1,76.7
1701,754.85,398.69,-19.0344,14.2194,67,150,Hot desert,200,20,1,0,0,7,0.802,1,Asra,38,Warenland,4,HUMANS,,,,1968,2534.5,101.4
1702,761.36,406.07,-17.7971,12.8167,57,320,Hot desert,200,20,1,0,0,7,4.869,1,Asra,38,Warenland,4,HUMANS,,,,1968,2467.0,98.7
1703,781.21,397.03,-14.0244,14.535,58,325,Hot desert,200,20,1,1,0,68,6.588,1,Asra,38,Warenland,4,HUMANS,,,,1968,2958.9,118.4
1704,802.71,398.97,-9.9382,14.1662,61,228,Hot desert,200,20,1,0,0,8,0.782,1,Asra,38,Warenland,4,HUMANS,,,,1968,3414.5,136.6
1705,811.23,403.92,-8.3189,13.2253,63,327,Hot desert,200,20,1,0,0,0,1.114,1,Asra,38,Warenland,4,HUMANS,,,,1968,3593.9,143.8
1706,843.1,409.76,-2.2617,12.1153,62,354,Hot desert,200,20,1,0,0,0,5.016,1,Asra,41,Sumayya,4,HUMANS,,,,1715,2932.9,117.3
1707,860.59,404.71,1.0624,13.0752,59,344,Hot desert,200,20,1,0,0,6,5.196,1,Asra,41,Sumayya,4,HUMANS,,,,1715,2502.3,100.1
1708,874.42,401.77,3.6909,13.634,60,257,Hot desert,200,20,1,0,0,0,1.534,1,Asra,41,Sumayya,4,HUMANS,,,,1715,2191.3,87.7
1709,894.46,406.57,7.4997,12.7216,60,185,Hot desert,200,20,1,0,0,0,3.196,1,Asra,41,Sumayya,4,HUMANS,,,,1715,1737.9,69.5
1710,904.9,406.8,9.4839,12.6779,60,143,Hot desert,200,20,1,1,0,0,1.292,1,Asra,41,Sumayya,4,HUMANS,,,,1715,1508.2,60.3
1711,915.25,406.98,11.451,12.6437,62,228,Hot desert,200,20,1,2,0,1,0.952,1,Asra,41,Sumayya,4,HUMANS,,,,1715,1280.4,51.2
1712,931.37,402.49,14.5148,13.4971,78,239,Hot desert,200,20,1,3,0,2,0.626,1,Asra,41,Sumayya,4,HUMANS,,,,1715,912.3,36.5
1713,939.24,411.88,16.0105,11.7124,67,168,Hot desert,200,20,1,0,0,2,2.804,1,Asra,41,Sumayya,4,HUMANS,,,,1715,647.9,25.9
1714,951.2,405.5,18.2836,12.925,67,307,Hot desert,200,20,1,1,0,2,6.387,1,Asra,41,Sumayya,4,HUMANS,,,,1715,349.7,14.0
1715,963.14,399.14,20.5529,14.1339,60,380,Hot desert,200,20,1,2,0,9,2.022,1,Asra,41,Sumayya,4,HUMANS,1,Sumayya,258322,1715,0.0,0.0
1716,986.45,409.91,24.9832,12.0868,60,326,Hot desert,200,20,1,0,0,2,1.65,1,Asra,41,Sumayya,4,HUMANS,,,,1715,564.9,22.6
1717,1004.27,408.45,28.37,12.3643,61,169,Hot desert,200,20,1,0,0,1,2.847,1,Asra,41,Sumayya,4,HUMANS,,,,1715,968.1,38.7
1718,1015.48,409.85,30.5006,12.0982,61,267,Hot desert,200,20,1,0,0,1,4.612,1,Asra,41,Sumayya,4,HUMANS,,,,1715,1216.6,48.7
1719,1030.94,397.1,33.4389,14.5216,61,278,Hot desert,200,20,1,0,0,0,5.664,1,Asra,41,Sumayya,4,HUMANS,,,,1715,1657.5,66.3
1720,1047.89,397.4,36.6604,14.4646,61,380,Hot desert,200,20,1,0,0,0,1.348,1,Asra,44,Tesem,7,GODLINGS,,,,1715,2030.5,81.2
1721,1065.17,412.59,39.9446,11.5774,58,317,Hot desert,200,20,1,0,0,2,0.857,1,Asra,44,Tesem,7,GODLINGS,,,,1820,1843.4,73.7
1722,1095.59,409.09,45.7262,12.2427,56,324,Hot desert,200,20,1,0,0,1,0.877,1,Asra,44,Tesem,4,HUMANS,,,,1820,1462.1,58.5
1723,1113.03,399.77,49.0408,14.0141,55,325,Hot desert,200,20,1,0,0,6,0.83,1,Asra,44,Tesem,4,HUMANS,,,,1820,1559.2,62.4
1724,1130.68,402.28,52.3953,13.5371,51,209,Hot desert,200,20,1,0,0,2,0.921,1,Asra,44,Tesem,4,HUMANS,,,,1820,1205.5,48.2
1725,1136.83,403.84,53.5642,13.2405,47,252,Hot desert,200,20,1,0,57,156,4.419,1,Asra,44,Tesem,4,HUMANS,,,,1820,1051.9,42.1
1726,1156.86,401.74,57.3711,13.6397,55,327,Savanna,60,32,1,0,0,11,2.011,1,Asra,44,Tesem,4,HUMANS,,,,1820,596.8,23.9
1727,1173.16,407.89,60.469,12.4707,80,275,Savanna,60,32,1,0,0,1,1.192,1,Asra,44,Tesem,4,HUMANS,,,,1820,503.7,20.1
1728,1201.76,409.78,65.9047,12.1115,51,365,Savanna,60,32,1,0,0,3,2.648,6,Mhekinn,9,Odina,4,HUMANS,,,,1820,177.4,7.1
1729,1209.93,402.57,67.4575,13.4819,39,244,Savanna,60,32,1,0,0,11,1.755,6,Mhekinn,9,Odina,4,HUMANS,,,,1820,116.4,4.7
1730,1238.99,405.12,72.9806,12.9973,19,233,Marine,10,0,0,0,0,227,0,0,Neutrals,0,,0,Wildlands,,,,,,
1731,1253.42,411.79,75.7231,11.7295,49,201,Tropical seasonal forest,70,50,1,1,0,3,3.927,6,Mhekinn,9,Odina,4,HUMANS,,,,1735,477.6,19.1
1732,1245.9,420.7,74.2939,10.0359,49,176,Hot desert,200,20,1,1,0,3,4.392,6,Mhekinn,9,Odina,4,HUMANS,,,,1820,521.2,20.8
1733,1267.34,403.99,78.3687,13.212,46,272,Tropical seasonal forest,70,50,1,0,0,5,6.184,10,Lecende,0,,7,GODLINGS,,,,1735,345.5,13.8
1734,1282.86,407.39,81.3184,12.5658,49,277,Tropical seasonal forest,70,50,1,0,0,2,6.259,10,Lecende,0,,7,GODLINGS,,,,1735,223.2,8.9
1735,1310.41,405.71,86.5545,12.8851,47,360,Tropical seasonal forest,70,50,1,0,0,3,7.994,10,Lecende,0,,7,GODLINGS,10,Lecende,258974,1735,0.0,0.0
1736,1321.55,412.41,88.6718,11.6116,45,203,Tropical seasonal forest,70,50,1,0,0,4,4.952,10,Lecende,0,,7,GODLINGS,,,,1735,100.1,4.0
1737,1339.42,409.2,92.0681,12.2218,47,379,Blood Fields,50,0,1,0,0,2,0,13,Blood Fields,0,,4,HUMANS,,,,1735,204.9,8.2
1738,1363.58,412.72,96.6599,11.5527,20,232,Blood Fields,50,0,1,2,160,64,0,13,Blood Fields,0,,4,HUMANS,,,,1735,351.2,14.0
1739,1373.2,410.9,98.4883,11.8986,20,77,Blood Fields,50,0,1,1,151,90,0,13,Blood Fields,0,,4,HUMANS,,,,1735,405.1,16.2
1740,1382.72,408.98,100.2977,12.2636,20,77,Blood Fields,50,0,1,4,0,11,0,13,Blood Fields,0,,4,HUMANS,,,,1735,458.5,18.3
1741,1389.44,397.49,101.5749,14.4475,10,119,Marine,10,0,0,0,0,0,0,0,Neutrals,0,,0,Wildlands,,,,,,
1742,1402.1,397.4,103.981,14.4646,10,166,Marine,10,0,0,0,0,0,0,0,Neutrals,0,,0,Wildlands,,,,,,
1743,1389.2,408.6,101.5292,12.3358,10,106,Marine,10,0,0,0,0,0,0,0,Neutrals,0,,0,Wildlands,,,,,,
1744,1414.85,397.38,106.4042,14.4684,10,158,Marine,10,0,0,0,0,0,0,0,Neutrals,0,,0,Wildlands,,,,,,
1745,1401.9,408.5,103.943,12.3548,10,256,Marine,10,0,0,0,0,0,0,0,Neutrals,0,,0,Wildlands,,,,,,
1746,1426.02,408.67,108.5272,12.3225,10,333,Marine,10,0,0,0,0,0,0,0,Neutrals,0,,0,Wildlands,,,,,,
1747,1446.42,399.83,112.4044,14.0027,10,434,Marine,10,0,0,0,0,0,0,0,Neutrals,0,,0,Wildlands,,,,,,
1748,1464.3,408.92,115.8026,12.275,10,327,Marine,10,0,0,0,0,0,0,0,Neutrals,0,,0,Wildlands,,,,,,
1749,1474.2,407.5,117.6842,12.5449,10,283,Marine,10,0,0,0,0,0,0,0,Neutrals,0,,0,Wildlands,,,,,,
1750,1484.03,406.09,119.5525,12.8129,10,207,Marine,10,0,0,0,0,0,0,0,Neutrals,0,,0,Wildlands,,,,,,
1751,1509.35,402.22,124.3648,13.5485,100,134,Dragon Tundra,1000,30,1,3,0,90,0.028,7,Dragon Coves,12,P'ivka,9,DRAGON RIDGERS,,,,1840,2400.1,96.0
1752,1506.2,411.2,123.7661,11.8416,100,175,Dragon Tundra,1000,30,1,1,0,90,0.128,7,Dragon Coves,12,P'ivka,9,DRAGON RIDGERS,,,,1840,1353.3,54.1
1753,1522.58,401.03,126.8792,13.7747,100,168,Dragon Tundra,1000,30,1,3,0,10,0.031,7,Dragon Coves,12,P'ivka,9,DRAGON RIDGERS,,,,1840,3474.2,139.0
1754,1532.1,403.6,128.6886,13.2862,100,156,Dragon Tundra,1000,30,1,2,0,10,0.028,7,Dragon Coves,12,P'ivka,9,DRAGON RIDGERS,,,,1840,4558.9,182.4
1755,1541.57,406.08,130.4885,12.8148,100,160,Dragon Tundra,1000,30,1,2,0,13,0.027,7,Dragon Coves,12,P'ivka,9,DRAGON RIDGERS,,,,1840,5635.7,225.4
1756,1557.55,411.09,133.5256,11.8625,100,265,Dragon Tundra,1000,30,1,4,0,112,0.057,7,Dragon Coves,12,P'ivka,9,DRAGON RIDGERS,,,,1840,7197.1,287.9
1757,1575.01,399.19,136.844,14.1244,10,177,Marine,10,0,0,0,0,0,0,0,Neutrals,0,,0,Wildlands,,,,,,
1758,1578.6,410.0,137.5263,12.0697,10,207,Marine,10,0,0,0,0,0,0,0,Neutrals,0,,0,Wildlands,,,,,,
1759,1589.75,398.71,139.6455,14.2156,10,1734,Marine,10,0,0,0,0,0,0,0,Neutrals,0,,0,Wildlands,,,,,,
1760,219.93,423.27,-120.7004,9.5474,0,254,Marine,10,0,0,0,0,0,0,0,Neutrals,0,,0,Wildlands,,,,,,
1761,240.97,429.44,-116.7016,8.3747,33,232,Tropical rainforest,80,80,1,2,0,16,13.498,4,Boru,30,Chipia,4,HUMANS,,,,2141,1223.2,48.9
1762,263.13,424.09,-112.4899,9.3916,38,160,Tropical rainforest,80,80,1,0,0,19,17.698,4,Boru,30,Chipia,7,GODLINGS,,,,2141,1145.5,45.8
1763,271.5,422.14,-110.8991,9.7622,61,334,Tropical rainforest,80,80,1,0,0,2,37.623,4,Boru,30,Chipia,7,GODLINGS,,,,2141,1158.1,46.3
1764,294.83,422.63,-106.4651,9.6691,46,281,Tropical rainforest,80,80,1,0,0,10,17.858,4,Boru,30,Chipia,4,HUMANS,,,,2141,875.7,35.0
1765,288.6,431.9,-107.6491,7.9071,46,206,Tropical rainforest,80,80,1,1,0,18,27.657,4,Boru,30,Chipia,4,HUMANS,,,,2141,924.7,37.0
1766,309.09,428.1,-103.7548,8.6294,46,390,Tropical rainforest,80,80,1,1,0,2,53.339,4,Boru,30,Chipia,8,SHIFTERS,,,,2141,741.3,29.7
1767,334.04,421.86,-99.0129,9.8154,47,331,Tropical rainforest,80,80,1,0,0,2,21.597,4,Boru,30,Chipia,7,GODLINGS,,,,2141,750.8,30.0
1768,352.74,416.8,-95.4588,10.7772,36,288,Tropical rainforest,80,80,1,0,153,40,16.612,4,Boru,30,Chipia,4,HUMANS,,,,2141,837.9,33.5
1769,367.24,428.37,-92.7029,8.578,28,239,Tropical rainforest,80,80,1,0,0,17,13.247,4,Boru,30,Chipia,4,HUMANS,,,,2141,819.9,32.8
1770,380.37,429.42,-90.2075,8.3785,49,396,Tropical rainforest,80,80,1,0,0,2,37.623,4,Boru,30,Chipia,4,HUMANS,,,,2141,800.7,32.0
1771,409.7,427.35,-84.633,8.7719,36,348,Tropical rainforest,80,80,1,0,206,172,23.412,4,Boru,28,Bosted,8,SHIFTERS,,,,2141,1054.7,42.2
1772,423.56,415.37,-81.9988,11.049,39,335,Tropical rainforest,80,80,1,0,0,3,38.301,4,Boru,28,Bosted,4,HUMANS,,,,2141,1228.0,49.1
1773,448.26,428.38,-77.3044,8.5761,81,236,Tropical seasonal forest,70,50,1,0,0,1,18.418,4,Boru,28,Bosted,4,HUMANS,,,,2141,1490.6,59.6
1774,454.45,427.72,-76.1279,8.7016,81,309,Tropical seasonal forest,70,50,1,0,0,2,8.279,4,Boru,28,Bosted,4,HUMANS,,,,2141,1538.6,61.5
1775,479.6,416.6,-71.348,10.8152,34,353,Grassland,50,30,1,0,0,11,7.187,4,Boru,28,Bosted,7,GODLINGS,,,,1968,1199.9,48.0
1776,488.62,417.82,-69.6336,10.5833,29,335,Grassland,50,30,1,0,0,6,6.8,4,Boru,28,Bosted,7,GODLINGS,,,,1968,1143.6,45.7
1777,519.11,415.91,-63.8387,10.9464,28,340,Volcanic,50,50,1,0,93,402,0.56,2,Cutho,49,Draxning,4,HUMANS,,,,1968,972.7,38.9
1778,534.36,430.92,-60.9404,8.0933,30,287,Volcanic,50,50,1,0,0,21,0.292,2,Cutho,49,Draxning,4,HUMANS,,,,1968,859.9,34.4
1779,552.48,420.51,-57.4965,10.072,33,346,Volcanic,50,50,1,0,209,45,0.435,2,Cutho,49,Draxning,7,GODLINGS,,,,1968,758.8,30.4
1780,563.17,429.17,-55.4648,8.426,40,258,Volcanic,50,50,1,0,0,28,0.287,2,Cutho,49,Draxning,4,HUMANS,,,,1968,671.1,26.8
1781,577.96,426.13,-52.6538,9.0038,57,272,Volcanic,50,50,1,0,0,8,0.667,2,Cutho,49,Draxning,4,HUMANS,,,,1968,610.8,24.4
1782,595.17,416.82,-49.3829,10.7734,60,479,Volcanic,50,50,1,0,47,39,0.45,2,Cutho,47,Cutho,4,HUMANS,,,,1968,550.2,22.0
1783,624.21,422.56,-43.8636,9.6824,63,341,Volcanic,50,50,1,0,43,38,0.313,2,Cutho,47,Cutho,4,HUMANS,,,,1968,387.4,15.5
1784,634.69,425.24,-41.8718,9.173,61,172,Volcanic,50,50,1,3,0,22,0.17,2,Cutho,47,Cutho,4,HUMANS,,,,1968,338.5,13.5
1785,633.7,434.5,-42.0599,7.4129,61,167,Volcanic,50,50,1,2,0,22,0.407,2,Cutho,47,Cutho,4,HUMANS,,,,1968,287.3,11.5
1786,655.2,418.95,-37.9737,10.3685,10,140,Marine,10,0,0,0,0,0,0,0,Neutrals,0,,0,Wildlands,,,,,,
1787,662.3,426.8,-36.6243,8.8765,10,146,Marine,10,0,0,0,0,0,0,0,Neutrals,0,,0,Wildlands,,,,,,
1788,655.5,428.8,-37.9167,8.4963,10,141,Marine,10,0,0,0,0,0,0,0,Neutrals,0,,0,Wildlands,,,,,,
1789,680.24,426.91,-33.2146,8.8555,10,240,Marine,10,0,0,0,0,0,0,0,Neutrals,0,,0,Wildlands,,,,,,
1790,700.94,426.4,-29.2804,8.9525,10,217,Marine,10,0,0,0,0,0,0,0,Neutrals,0,,0,Wildlands,,,,,,
1791,708.04,417.16,-27.931,10.7088,36,104,Hot desert,200,20,1,3,0,0,0.449,1,Asra,38,Warenland,4,HUMANS,,,,1968,1747.9,69.9
1792,717.0,421.5,-26.2281,9.8838,36,163,Hot desert,200,20,1,1,0,10,1.336,1,Asra,38,Warenland,4,HUMANS,,,,1968,1528.9,61.2
1793,725.89,425.93,-24.5385,9.0418,48,287,Hot desert,200,20,1,0,0,10,1.214,1,Asra,38,Warenland,4,HUMANS,,,,1968,1439.4,57.6
1794,741.69,416.21,-21.5355,10.8893,61,415,Hot desert,200,20,1,0,0,5,6.602,1,Asra,38,Warenland,4,HUMANS,,,,1968,1980.2,79.2
1795,759.16,427.88,-18.2152,8.6712,59,450,Hot desert,200,20,1,0,0,0,1.495,1,Asra,38,Warenland,7,GODLINGS,77,Carlow,1532,1968,2051.9,82.1
1796,786.52,427.8,-13.0152,8.6864,60,417,Hot desert,200,20,1,0,0,16,5.593,1,Asra,38,Warenland,7,GODLINGS,,,,1968,2668.9,106.8
1797,804.05,425.86,-9.6835,9.0551,63,284,Hot desert,200,20,1,0,0,5,0.718,1,Asra,38,Warenland,4,HUMANS,,,,1968,3086.0,123.4
1798,820.73,423.09,-6.5133,9.5816,64,331,Hot desert,200,20,1,0,0,0,0.899,1,Asra,38,Warenland,4,HUMANS,,,,1968,3467.3,138.7
1799,839.79,428.01,-2.8908,8.6465,64,294,Hot desert,200,20,1,0,0,0,1.027,1,Asra,41,Sumayya,7,GODLINGS,,,,1715,3255.8,130.2
1800,848.4,423.42,-1.2544,9.5189,62,274,Hot desert,200,20,1,0,0,3,1.222,1,Asra,41,Sumayya,7,GODLINGS,,,,1715,3030.4,121.2
1801,878.67,428.04,4.4987,8.6408,64,385,Hot desert,200,20,1,0,0,0,6.355,1,Asra,40,Alsia,7,GODLINGS,,,,1715,2299.5,92.0
1802,887.33,417.55,6.1446,10.6346,65,283,Hot desert,200,20,1,0,0,0,7.634,1,Asra,41,Sumayya,4,HUMANS,,,,1715,2000.3,80.0
1803,906.68,416.12,9.8222,10.9064,69,264,Hot desert,200,20,1,0,0,0,6.004,1,Asra,41,Sumayya,7,GODLINGS,,,,1715,1573.4,62.9
1804,926.74,425.85,13.6348,9.057,68,270,Hot desert,200,20,1,0,0,1,1.65,1,Asra,40,Alsia,7,GODLINGS,,,,1715,1070.6,42.8
1805,938.12,420.19,15.7977,10.1328,66,267,Hot desert,200,20,1,0,0,3,5.807,1,Asra,41,Sumayya,7,GODLINGS,,,,1715,782.4,31.3
1806,961.95,424.97,20.3268,9.2243,63,535,Hot desert,200,20,1,0,0,5,3.73,1,Asra,41,Sumayya,7,GODLINGS,,,,1715,611.5,24.5
1807,986.28,418.69,24.9509,10.418,62,335,Hot desert,200,20,1,0,0,1,8.154,1,Asra,41,Sumayya,4,HUMANS,,,,1715,767.8,30.7
1808,1006.52,415.28,28.7977,11.0661,61,265,Hot desert,200,20,1,0,0,1,4.698,1,Asra,41,Sumayya,7,GODLINGS,,,,1715,1126.3,45.1
1809,1023.12,428.24,31.9526,8.6027,60,429,Hot desert,200,20,1,0,0,1,6.948,1,Asra,41,Sumayya,4,HUMANS,,,,1715,1589.6,63.6
1810,1041.06,421.61,35.3623,9.8629,60,375,Hot desert,200,20,1,0,0,0,7.271,1,Asra,44,Tesem,7,GODLINGS,,,,1715,1836.0,73.4
1811,1048.34,415.06,36.7459,11.1079,59,271,Hot desert,200,20,1,0,0,0,1.196,1,Asra,44,Tesem,4,HUMANS,,,,2620,1953.1,78.1
1812,1065.82,417.19,40.0681,10.7031,53,340,Hot desert,200,20,1,0,57,51,1.135,1,Asra,44,Tesem,7,GODLINGS,74,Tesem,152311,1820,1728.5,69.1
1813,1091.33,417.77,44.9165,10.5928,54,337,Hot desert,200,20,1,0,57,86,1.17,1,Asra,44,Tesem,4,HUMANS,,,,1820,1325.0,53.0
1814,1103.88,430.51,47.3018,8.1713,54,341,Savanna,60,32,1,0,57,107,2.103,1,Asra,44,Tesem,4,HUMANS,,,,1820,931.5,37.3
1815,1130.72,428.6,52.4029,8.5343,51,366,Savanna,60,32,1,0,57,138,2.501,1,Asra,44,Tesem,4,HUMANS,,,,1820,740.6,29.6
1816,1141.33,426.27,54.4194,8.9772,64,406,Savanna,60,32,1,0,0,1,2.412,6,Mhekinn,8,Kamali,4,HUMANS,,,,1820,656.9,26.3
1817,1167.32,416.99,59.3591,10.7411,65,396,Savanna,60,32,1,0,0,1,2.364,6,Mhekinn,8,Kamali,4,HUMANS,,,,1820,474.8,19.0
1818,1184.59,423.23,62.6414,9.555,56,368,Savanna,60,32,1,0,0,1,2.677,6,Mhekinn,9,Odina,4,HUMANS,,,,1820,326.3,13.1
1819,1203.77,427.37,66.2867,8.7681,41,227,Savanna,60,32,1,0,0,21,1.654,6,Mhekinn,9,Odina,4,HUMANS,,,,1820,148.3,5.9
1820,1222.09,415.34,69.7686,11.0547,40,264,Savanna,60,32,1,1,0,26,3.845,6,Mhekinn,9,Odina,4,HUMANS,51,Odina,556452,1820,0.0,0.0
1821,1230.2,422.5,71.3099,9.6938,40,178,Tropical seasonal forest,70,50,1,1,97,190,7.221,6,Mhekinn,9,Odina,4,HUMANS,,,,1820,95.3,3.8
1822,1238.31,429.68,72.8513,8.329,45,130,Hot desert,200,20,1,0,0,3,2.795,6,Mhekinn,9,Odina,7,GODLINGS,,,,1820,363.4,14.5
1823,1257.18,428.86,76.4377,8.4849,47,158,Grassland,50,30,1,0,0,4,1.161,6,Mhekinn,9,Odina,4,HUMANS,,,,1820,351.4,14.1
1824,1264.53,430.03,77.8346,8.2625,47,316,Grassland,50,30,1,0,0,4,2.27,6,Mhekinn,9,Odina,4,HUMANS,,,,1735,353.7,14.1
1825,1285.91,419.97,81.8981,10.1747,48,396,Tropical seasonal forest,70,50,1,0,0,2,9.735,10,Lecende,0,,7,GODLINGS,,,,1735,223.7,8.9
1826,1301.45,430.39,84.8516,8.1941,44,439,Tropical seasonal forest,70,50,1,0,0,6,23.507,10,Lecende,0,,4,HUMANS,,,,1735,202.2,8.1
1827,1325.24,415.71,89.3731,10.9844,39,333,Blood Fields,50,0,1,0,160,34,0,13,Blood Fields,0,,4,HUMANS,,,,1735,139.3,5.6
1828,1348.19,420.9,93.7349,9.9979,23,265,Blood Fields,50,0,1,0,160,43,0,13,Blood Fields,0,,4,HUMANS,,,,1735,268.7,10.7
1829,1355.49,426.95,95.1224,8.8479,20,238,Blood Fields,50,0,1,1,0,7,0,13,Blood Fields,0,,4,HUMANS,80,Lehovil,51,1735,320.9,12.8
1830,1377.09,416.21,99.2276,10.8893,10,131,Marine,10,0,0,0,0,0,0,0,Neutrals,0,,0,Wildlands,,,,,,
1831,1378.1,430.8,99.4196,8.1162,10,209,Marine,10,0,0,0,0,0,0,0,Neutrals,0,,0,Wildlands,,,,,,
1832,1388.87,419.62,101.4665,10.2412,10,212,Marine,10,0,0,0,0,0,0,0,Neutrals,0,,0,Wildlands,,,,,,
1833,1384.0,432.5,100.5409,7.793,10,163,Marine,10,0,0,0,0,0,0,0,Neutrals,0,,0,Wildlands,,,,,,
1834,1419.14,421.21,107.2196,9.939,10,420,Marine,10,0,0,0,0,0,0,0,Neutrals,0,,0,Wildlands,,,,,,
1835,1451.65,420.98,113.3984,9.9827,10,407,Marine,10,0,0,0,0,0,0,0,Neutrals,0,,0,Wildlands,,,,,,
1836,1473.17,424.62,117.4885,9.2908,100,204,Dragon Tundra,1000,30,1,4,0,44,0.12,7,Dragon Coves,12,P'ivka,9,DRAGON RIDGERS,,,,1840,3658.9,146.4
1837,1483.6,424.25,119.4708,9.3611,100,140,Dragon Tundra,1000,30,1,2,0,97,0.029,7,Dragon Coves,12,P'ivka,9,DRAGON RIDGERS,,,,1840,2510.9,100.4
1838,1486.6,434.8,120.0409,7.3559,100,123,Dragon Tundra,1000,30,1,0,3,97,0.022,7,Dragon Coves,12,P'ivka,9,DRAGON RIDGERS,,,,1840,3002.1,120.1
1839,1493.3,422.2,121.3143,9.7508,100,184,Dragon Tundra,1000,30,1,2,0,97,0.041,7,Dragon Coves,12,P'ivka,9,DRAGON RIDGERS,,,,1840,1420.3,56.8
1840,1503.01,420.11,123.1598,10.148,88,241,Dragon Tundra,1000,30,1,0,0,0,0.035,7,Dragon Coves,12,P'ivka,9,DRAGON RIDGERS,7,P'ivka,454860,1840,0.0,0.0
1841,1522.0,420.54,126.769,10.0663,78,400,Dragon Tundra,1000,30,1,0,17,78,0.072,7,Dragon Coves,12,P'ivka,9,DRAGON RIDGERS,,,,1840,2101.4,84.1
1842,1541.12,416.39,130.4029,10.8551,78,257,Dragon Tundra,1000,30,1,0,17,77,0.147,7,Dragon Coves,12,P'ivka,9,DRAGON RIDGERS,,,,1840,4253.6,170.1
1843,1562.42,423.18,134.4512,9.5645,100,317,Dragon Tundra,1000,30,1,3,0,41,0.057,7,Dragon Coves,12,P'ivka,9,DRAGON RIDGERS,,,,1840,8065.3,322.6
1844,1582.13,420.83,138.1972,10.0112,10,179,Marine,10,0,0,0,0,0,0,0,Neutrals,0,,0,Wildlands,,,,,,
1845,1591.01,419.92,139.8849,10.1842,10,1023,Marine,10,0,0,0,0,0,0,0,Neutrals,0,,0,Wildlands,,,,,,
1846,211.98,435.88,-122.2114,7.1506,0,1855,Marine,10,0,0,0,0,0,0,0,Neutrals,0,,0,Wildlands,,,,,,
1847,219.87,436.16,-120.7118,7.0974,0,134,Marine,10,0,0,0,0,0,0,0,Neutrals,0,,0,Wildlands,,,,,,
1848,222.0,446.2,-120.307,5.189,0,190,Marine,10,0,0,0,0,0,0,0,Neutrals,0,,0,Wildlands,,,,,,
1849,235.86,436.02,-117.6728,7.124,20,169,Tropical rainforest,80,80,1,3,0,15,10.2,4,Boru,30,Chipia,4,HUMANS,,,,2141,1199.5,48.0
1850,238.2,447.0,-117.2281,5.037,20,223,Tropical rainforest,80,80,1,2,88,87,25.306,4,Boru,30,Chipia,4,HUMANS,,,,2141,1100.7,44.0
1851,261.26,436.66,-112.8453,7.0023,47,301,Tropical rainforest,80,80,1,0,88,47,17.189,4,Boru,30,Chipia,4,HUMANS,,,,2141,1033.6,41.3
1852,282.44,441.2,-108.8199,6.1394,28,166,Tropical rainforest,80,80,1,1,0,23,14.505,4,Boru,30,Chipia,4,HUMANS,30,Eada,131742,2141,856.4,34.3
1853,277.6,450.6,-109.7398,4.3527,28,181,Tropical rainforest,80,80,1,2,0,9,13.735,4,Boru,30,Chipia,4,HUMANS,,,,2141,763.4,30.5
1854,290.18,444.37,-107.3488,5.5369,0,177,Marine,10,0,0,0,0,14,0,0,Neutrals,0,,0,Wildlands,,,,,,
1855,295.5,453.6,-106.3377,3.7825,0,196,Marine,10,0,0,0,0,0,0,0,Neutrals,0,,0,Wildlands,,,,,,
1856,320.8,436.26,-101.5292,7.0784,45,252,Tropical rainforest,80,80,1,0,0,2,17.169,4,Boru,30,Chipia,4,HUMANS,,,,2141,614.6,24.6
1857,314.1,451.3,-102.8026,4.2196,45,307,Tropical rainforest,80,80,1,3,0,15,25.363,4,Boru,30,Chipia,8,SHIFTERS,,,,2141,527.2,21.1
1858,332.46,432.92,-99.3132,7.7132,36,262,Tropical rainforest,80,80,1,0,0,11,20.369,4,Boru,30,Chipia,4,HUMANS,,,,2141,625.4,25.0
1859,352.11,436.97,-95.5785,6.9434,43,365,Tropical rainforest,80,80,1,0,153,32,52.817,4,Boru,30,Chipia,4,HUMANS,,,,2141,660.3,26.4
1860,361.95,434.34,-93.7083,7.4433,41,182,Tropical rainforest,80,80,1,0,0,8,12.507,4,Boru,30,Chipia,4,HUMANS,,,,2141,749.7,30.0
1861,388.83,443.89,-88.5996,5.6281,30,256,Tropical rainforest,80,80,1,0,0,5,25.77,4,Boru,31,Durmingia,4,HUMANS,,,,2141,758.0,30.3
1862,405.57,438.9,-85.418,6.5766,36,317,Tropical rainforest,80,80,1,0,206,162,21.21,4,Boru,28,Bosted,8,SHIFTERS,,,,2141,946.8,37.9
1863,425.67,445.48,-81.5978,5.3259,30,302,Tropical rainforest,80,80,1,0,0,5,17.42,4,Boru,28,Bosted,7,GODLINGS,,,,2141,1098.4,43.9
1864,440.01,442.73,-78.8724,5.8486,57,285,Tropical seasonal forest,70,50,1,0,0,0,10.301,4,Boru,28,Bosted,4,HUMANS,,,,2141,1286.7,51.5
1865,453.66,438.04,-76.2781,6.74,74,290,Tropical seasonal forest,70,50,1,0,0,0,9.07,4,Boru,28,Bosted,4,HUMANS,,,,2141,1445.1,57.8
1866,472.18,448.67,-72.7582,4.7195,49,436,Tropical seasonal forest,70,50,1,0,0,1,15.031,4,Boru,28,Bosted,4,HUMANS,,,,1968,1272.4,50.9
1867,498.92,436.04,-67.676,7.1202,30,369,Volcanic,50,50,1,0,0,2,0.368,2,Cutho,49,Draxning,7,GODLINGS,,,,1968,1040.9,41.6
1868,505.49,436.61,-66.4273,7.0118,30,340,Volcanic,50,50,1,0,93,397,0.56,2,Cutho,49,Draxning,7,GODLINGS,,,,1968,1004.7,40.2
1869,525.69,443.52,-62.5882,5.6984,51,326,Volcanic,50,50,1,0,0,2,0.299,2,Cutho,49,Draxning,4,HUMANS,,,,1968,875.2,35.0
1870,544.19,433.79,-59.0721,7.5478,53,288,Volcanic,50,50,1,0,0,5,0.265,2,Cutho,49,Draxning,4,HUMANS,,,,1968,803.6,32.1
1871,565.34,443.59,-55.0523,5.6851,51,231,Volcanic,50,50,1,0,0,15,0.211,2,Cutho,48,Verro,7,GODLINGS,,,,1968,669.0,26.8
1872,581.74,433.22,-51.9354,7.6562,61,360,Volcanic,50,50,1,0,0,2,0.325,2,Cutho,47,Cutho,4,HUMANS,,,,1968,566.6,22.7
1873,606.77,448.29,-47.1782,4.7918,100,455,Volcanic,50,50,1,0,0,0,0.373,2,Cutho,47,Cutho,4,HUMANS,,,,1968,405.9,16.2
1874,628.44,442.07,-43.0596,5.974,100,231,Volcanic,50,50,1,0,0,0,0.202,2,Cutho,47,Cutho,4,HUMANS,,,,1968,281.9,11.3
1875,632.69,443.79,-42.2519,5.6471,67,177,Volcanic,50,50,1,1,0,20,0.231,2,Cutho,47,Cutho,4,HUMANS,,,,1968,235.9,9.4
1876,655.87,438.73,-37.8463,6.6089,10,249,Marine,10,0,0,0,0,0,0,0,Neutrals,0,,0,Wildlands,,,,,,
1877,669.31,434.65,-35.292,7.3844,10,188,Marine,10,0,0,0,0,0,0,0,Neutrals,0,,0,Wildlands,,,,,,
1878,680.5,436.9,-33.1652,6.9567,10,182,Marine,10,0,0,0,0,0,0,0,Neutrals,0,,0,Wildlands,,,,,,
1879,691.72,439.08,-31.0327,6.5423,10,249,Marine,10,0,0,0,0,0,0,0,Neutrals,0,,0,Wildlands,,,,,,
1880,708.81,447.1,-27.7846,5.018,52,233,Hot desert,200,20,1,2,0,0,0.835,1,Asra,38,Warenland,4,HUMANS,,,,1968,769.9,30.8
1881,720.91,442.8,-25.4849,5.8353,48,244,Hot desert,200,20,1,1,0,24,1.902,1,Asra,38,Warenland,4,HUMANS,,,,1968,1052.4,42.1
1882,743.39,446.79,-21.2124,5.0769,55,445,Hot desert,200,20,1,0,0,7,1.158,1,Asra,38,Warenland,4,HUMANS,,,,1968,1456.0,58.2
1883,772.17,438.7,-15.7425,6.6146,60,277,Hot desert,200,20,1,0,0,0,0.752,1,Asra,38,Warenland,7,GODLINGS,72,Wenela,137599,1968,2399.1,96.0
1884,787.25,442.56,-12.8765,5.8809,61,205,Hot desert,200,20,1,0,0,5,0.511,1,Asra,38,Warenland,4,HUMANS,,,,1968,2714.7,108.6
1885,798.31,432.96,-10.7744,7.7056,63,205,Hot desert,200,20,1,0,0,4,0.553,1,Asra,38,Warenland,4,HUMANS,,,,1968,2973.2,118.9
1886,818.08,434.58,-7.017,7.3977,64,337,Hot desert,200,20,1,0,0,0,0.857,1,Asra,38,Warenland,4,HUMANS,,,,1968,3414.8,136.6
1887,834.35,447.24,-3.9247,4.9913,64,372,Hot desert,200,20,1,0,0,0,0.985,1,Asra,40,Alsia,4,HUMANS,,,,1715,3446.9,137.9
1888,856.14,445.64,0.2167,5.2955,64,300,Hot desert,200,20,1,0,0,1,4.81,1,Asra,40,Alsia,4,HUMANS,,,,1715,2966.2,118.6
1889,865.11,434.73,1.9215,7.3692,61,325,Hot desert,200,20,1,0,0,0,1.397,1,Asra,40,Alsia,4,HUMANS,,,,1715,2632.2,105.3
1890,899.09,445.64,8.3797,5.2955,66,197,Hot desert,200,20,1,0,0,0,0.688,1,Asra,40,Alsia,4,HUMANS,,,,1715,1970.7,78.8
1891,901.88,436.77,8.9099,6.9814,67,306,Hot desert,200,20,1,0,0,0,2.201,1,Asra,40,Alsia,4,HUMANS,,,,1715,1766.2,70.6
1892,920.83,436.51,12.5115,7.0308,66,320,Hot desert,200,20,1,0,0,1,1.677,1,Asra,40,Alsia,7,GODLINGS,,,,1715,1338.8,53.6
1893,938.12,444.42,15.7977,5.5273,64,454,Hot desert,200,20,1,0,0,2,8.197,1,Asra,41,Sumayya,7,GODLINGS,,,,1715,1305.2,52.2
1894,965.5,447.71,21.0015,4.902,61,244,Hot desert,200,20,1,0,0,3,5.281,1,Asra,41,Sumayya,7,GODLINGS,,,,1715,1117.9,44.7
1895,975.02,444.53,22.8108,5.5064,60,222,Hot desert,200,20,1,0,0,1,1.449,1,Asra,41,Sumayya,4,HUMANS,,,,1715,1129.1,45.2
1896,991.19,438.29,25.8841,6.6925,60,422,Hot desert,200,20,1,0,0,3,7.126,1,Asra,41,Sumayya,7,GODLINGS,,,,1715,1212.3,48.5
1897,1017.33,449.04,30.8522,4.6492,56,321,Hot desert,200,20,1,0,57,40,1.393,1,Asra,41,Sumayya,4,HUMANS,,,,2620,1510.8,60.4
1898,1036.59,445.76,34.5127,5.2727,56,325,Hot desert,200,20,1,0,57,43,1.423,1,Asra,41,Sumayya,4,HUMANS,,,,2620,1268.2,50.7
1899,1060.69,443.74,39.0931,5.6566,55,455,Savanna,60,32,1,0,57,44,2.72,1,Asra,44,Tesem,4,HUMANS,,,,2620,1197.4,47.9
1900,1077.11,443.66,42.2139,5.6718,56,419,Savanna,60,32,1,0,0,17,2.206,1,Asra,44,Tesem,4,HUMANS,,,,1820,1083.4,43.3
1901,1096.13,434.3,45.8288,7.4509,52,247,Savanna,60,32,1,0,0,2,1.336,1,Asra,44,Tesem,4,HUMANS,,,,1820,988.5,39.5
1902,1102.27,447.72,46.9958,4.9001,68,293,Savanna,60,32,1,0,0,2,1.777,6,Mhekinn,8,Kamali,4,HUMANS,,,,1820,915.2,36.6
1903,1121.8,440.45,50.7076,6.2819,70,303,Savanna,60,32,1,0,0,2,1.849,6,Mhekinn,8,Kamali,4,HUMANS,,,,1820,794.7,31.8
1904,1148.22,447.26,55.7289,4.9875,63,324,Grassland,50,30,1,0,0,1,1.964,6,Mhekinn,8,Kamali,4,HUMANS,,,,1820,583.1,23.3
1905,1156.86,445.81,57.3711,5.2631,55,287,Grassland,50,30,1,0,0,2,1.747,6,Mhekinn,8,Kamali,4,HUMANS,,,,1820,525.3,21.0
1906,1180.71,443.16,61.9039,5.7668,57,440,Savanna,60,32,1,0,0,3,3.155,6,Mhekinn,9,Odina,7,GODLINGS,,,,1820,393.3,15.7
1907,1200.41,433.98,65.6481,7.5117,43,235,Savanna,60,32,1,0,0,11,1.727,6,Mhekinn,9,Odina,4,HUMANS,,,,1820,199.7,8.0
1908,1218.78,435.13,69.1395,7.2931,38,286,Grassland,50,30,1,0,0,19,2.125,6,Mhekinn,9,Odina,7,GODLINGS,,,,1820,110.4,4.4
1909,1231.36,436.15,71.5304,7.0993,42,243,Grassland,50,30,1,0,97,166,2.557,6,Mhekinn,9,Odina,7,GODLINGS,,,,1820,174.4,7.0
1910,1248.77,438.21,74.8393,6.7077,46,334,Grassland,50,30,1,0,0,11,2.444,6,Mhekinn,9,Odina,4,HUMANS,,,,1820,280.5,11.2
1911,1271.29,447.72,79.1194,4.9001,45,305,Grassland,50,30,1,0,0,5,3.362,6,Mhekinn,9,Odina,4,HUMANS,,,,2299,377.1,15.1
1912,1289.45,446.26,82.5709,5.1776,45,231,Grassland,50,30,1,0,0,2,5.295,6,Mhekinn,9,Odina,4,HUMANS,,,,1735,314.3,12.6
1913,1297.39,447.06,84.08,5.0256,40,146,Grassland,50,30,1,0,0,10,1.253,6,Mhekinn,9,Odina,4,HUMANS,,,,1735,296.5,11.9
1914,1315.56,447.67,87.5333,4.9096,40,443,Blood Fields,50,0,1,0,0,16,0,13,Blood Fields,10,Aravas,4,HUMANS,,,,1735,324.9,13.0
1915,1342.07,441.86,92.5718,6.0139,39,466,Blood Fields,50,0,1,0,0,3,0,13,Blood Fields,0,,4,HUMANS,,,,1735,310.4,12.4
1916,1356.68,442.32,95.3485,5.9265,30,259,Blood Fields,50,0,1,2,0,8,0,13,Blood Fields,0,,4,HUMANS,,,,1735,390.8,15.6
1917,1355.8,454.6,95.1813,3.5924,30,216,Blood Fields,50,0,1,1,0,8,0,13,Blood Fields,10,Aravas,4,HUMANS,,,,1735,413.4,16.5
1918,1379.15,445.38,99.6192,5.3449,10,237,Marine,10,0,0,0,0,0,0,0,Neutrals,0,,0,Wildlands,,,,,,
1919,1390.4,448.4,101.7573,4.7709,10,169,Marine,10,0,0,0,0,0,0,0,Neutrals,0,,0,Wildlands,,,,,,
1920,1402.76,436.38,104.1064,7.0555,10,242,Marine,10,0,0,0,0,0,0,0,Neutrals,0,,0,Wildlands,,,,,,
1921,1407.48,439.79,105.0035,6.4074,10,204,Marine,10,0,0,0,0,0,0,0,Neutrals,0,,0,Wildlands,,,,,,
1922,1426.04,443.81,108.531,5.6433,10,467,Marine,10,0,0,0,0,0,0,0,Neutrals,0,,0,Wildlands,,,,,,
1923,1447.16,436.71,112.545,6.9928,10,344,Marine,10,0,0,0,0,0,0,0,Neutrals,0,,0,Wildlands,,,,,,
1924,1460.3,445.1,115.0424,5.3981,10,248,Marine,10,0,0,0,0,0,0,0,Neutrals,0,,0,Wildlands,,,,,,
1925,1448.4,451.9,112.7807,4.1056,10,220,Marine,10,0,0,0,0,0,0,0,Neutrals,0,,0,Wildlands,,,,,,
1926,1474.88,433.07,117.8135,7.6847,100,168,Dragon Tundra,1000,30,1,2,0,1,0.032,7,Dragon Coves,12,P'ivka,9,DRAGON RIDGERS,,,,1840,3875.2,155.0
1927,1482.2,439.2,119.2047,6.5195,100,110,Dragon Tundra,1000,30,1,1,0,1,0.036,7,Dragon Coves,12,P'ivka,9,DRAGON RIDGERS,,,,1840,3686.6,147.5
1928,1489.55,445.36,120.6016,5.3487,100,107,Dragon Tundra,1000,30,1,1,0,0,0.092,7,Dragon Coves,12,P'ivka,9,DRAGON RIDGERS,,,,1840,4078.0,163.1
1929,1497.43,444.05,122.0993,5.5977,78,223,Dragon Tundra,1000,30,1,0,3,380,0.089,7,Dragon Coves,12,P'ivka,9,DRAGON RIDGERS,,,,1840,2716.0,108.6
1930,1525.18,444.95,127.3734,5.4266,78,437,Dragon Tundra,1000,30,1,0,3,487,0.223,7,Dragon Coves,12,P'ivka,9,DRAGON RIDGERS,,,,1840,3674.4,147.0
1931,1543.93,434.06,130.937,7.4965,78,297,Dragon Tundra,1000,30,1,0,0,32,0.052,7,Dragon Coves,12,P'ivka,9,DRAGON RIDGERS,,,,1840,4935.3,197.4
1932,1551.55,437.29,132.3852,6.8826,100,171,Dragon Tundra,1000,30,1,0,0,39,0.114,7,Dragon Coves,12,P'ivka,9,DRAGON RIDGERS,,,,1840,6346.4,253.9
1933,1556.3,445.1,133.288,5.3981,100,212,Dragon Tundra,1000,30,1,1,0,39,0.069,7,Dragon Coves,13,S'ven,9,DRAGON RIDGERS,,,,2224,6011.0,240.4
1934,1581.26,436.05,138.0319,7.1183,10,331,Marine,10,0,0,0,0,0,0,0,Neutrals,0,,0,Wildlands,,,,,,
1935,1584.0,447.9,138.5526,4.8659,10,247,Marine,10,0,0,0,0,0,0,0,Neutrals,0,,0,Wildlands,,,,,,
1936,1603.69,447.83,142.2949,4.8792,10,2741,Marine,10,0,0,0,0,0,0,0,Neutrals,0,,0,Wildlands,,,,,,
1937,210.2,463.2,-122.5497,1.9578,0,1021,Marine,10,0,0,0,0,0,0,0,Neutrals,0,,0,Wildlands,,,,,,
1938,224.16,456.26,-119.8965,3.2769,0,179,Marine,10,0,0,0,0,0,0,0,Neutrals,0,,0,Wildlands,,,,,,
1939,226.2,468.7,-119.5088,0.9124,0,231,Marine,10,0,0,0,0,0,0,0,Neutrals,0,,0,Wildlands,,,,,,
1940,240.44,457.99,-116.8023,2.948,31,188,Tropical rainforest,80,80,1,2,0,21,18.499,4,Boru,30,Chipia,4,HUMANS,,,,2141,1023.3,40.9
1941,244.7,466.2,-115.9927,1.3875,31,193,Tropical rainforest,80,80,1,2,0,21,11.849,4,Boru,30,Chipia,4,HUMANS,,,,2141,941.9,37.7
1942,261.81,452.47,-112.7408,3.9973,45,301,Tropical rainforest,80,80,1,0,0,25,16.287,4,Boru,30,Chipia,4,HUMANS,,,,2141,875.5,35.0
1943,272.85,459.98,-110.6425,2.5698,36,195,Tropical rainforest,80,80,1,0,0,3,11.129,4,Boru,30,Chipia,7,GODLINGS,,,,2141,731.5,29.3
1944,285.0,466.2,-108.3333,1.3875,36,222,Tropical rainforest,80,80,1,2,0,3,17.02,4,Boru,30,Chipia,4,HUMANS,,,,2141,611.4,24.5
1945,300.73,462.75,-105.3437,2.0433,0,121,Marine,10,0,0,0,0,0,0,0,Neutrals,0,,0,Wildlands,,,,,,
1946,307.43,466.29,-104.0703,1.3704,32,153,Tropical rainforest,80,80,1,1,0,17,11.794,4,Boru,31,Durmingia,8,SHIFTERS,,,,2141,427.3,17.1
1947,330.56,456.89,-99.6743,3.1571,48,460,Tropical rainforest,80,80,1,0,0,6,65.412,4,Boru,30,Chipia,7,GODLINGS,,,,2141,413.8,16.6
1948,355.07,464.22,-95.0159,1.7639,54,339,Tropical rainforest,80,80,1,0,0,4,24.227,4,Boru,31,Durmingia,4,HUMANS,,,,2141,407.1,16.3
1949,366.0,471.9,-92.9386,0.3041,54,253,Tropical rainforest,80,80,1,1,0,4,26.985,4,Boru,31,Durmingia,4,HUMANS,,,,2141,451.0,18.0
1950,370.3,451.52,-92.1213,4.1778,48,337,Tropical rainforest,80,80,1,0,0,3,21.468,4,Boru,31,Durmingia,4,HUMANS,,,,2141,581.6,23.3
1951,383.96,452.0,-89.5251,4.0866,26,224,Tropical rainforest,80,80,1,0,0,3,13.267,4,Boru,31,Durmingia,4,HUMANS,,,,2141,686.9,27.5
1952,397.69,462.89,-86.9156,2.0167,34,283,Tropical rainforest,80,80,1,0,206,139,16.735,4,Boru,31,Durmingia,4,HUMANS,,,,2141,777.3,31.1
1953,418.26,453.97,-83.0061,3.7121,39,373,Tropical rainforest,80,80,1,0,0,16,19.978,4,Boru,28,Bosted,4,HUMANS,,,,2141,999.2,40.0
1954,439.38,459.17,-78.9921,2.7238,56,412,Tropical rainforest,80,80,1,0,0,0,20.867,4,Boru,28,Bosted,7,GODLINGS,,,,2141,1272.0,50.9
1955,466.82,464.36,-73.7769,1.7373,56,385,Tropical seasonal forest,70,50,1,0,0,0,11.971,4,Boru,28,Bosted,4,HUMANS,,,,1968,1289.3,51.6
1956,477.4,459.14,-71.7661,2.7295,36,144,Grassland,50,30,1,0,0,1,2.871,4,Boru,28,Bosted,4,HUMANS,,,,1968,1153.0,46.1
1957,487.2,458.8,-69.9035,2.7941,30,355,Grassland,50,30,1,0,0,5,7.227,4,Boru,28,Bosted,4,HUMANS,,,,1968,1091.0,43.6
1958,515.01,459.65,-64.618,2.6325,30,295,Volcanic,50,50,1,0,93,391,0.51,2,Cutho,48,Verro,4,HUMANS,,,,1968,938.0,37.5
1959,527.72,457.22,-62.2023,3.0944,53,262,Volcanic,50,50,1,0,0,5,0.232,2,Cutho,48,Verro,4,HUMANS,,,,1968,854.8,34.2
1960,554.03,454.02,-57.2019,3.7026,58,335,Volcanic,50,50,1,0,0,1,0.308,2,Cutho,48,Verro,7,GODLINGS,,,,1968,709.0,28.4
1961,566.62,453.53,-54.8091,3.7958,60,191,Volcanic,50,50,1,0,0,2,0.438,2,Cutho,48,Verro,4,HUMANS,,,,1968,639.7,25.6
1962,576.98,456.05,-52.8401,3.3168,56,356,Volcanic,50,50,1,0,0,2,0.336,2,Cutho,48,Verro,4,HUMANS,,,,1968,575.2,23.0
1963,604.13,456.19,-47.68,3.2902,100,326,Volcanic,50,50,1,0,0,0,0.26,2,Cutho,47,Cutho,4,HUMANS,,,,1968,451.7,18.1
1964,626.39,465.52,-43.4493,1.5168,100,322,Volcanic,50,50,1,0,0,0,0.264,2,Cutho,47,Cutho,4,HUMANS,2,Cutho,537756,1968,357.6,14.3
1965,644.78,455.71,-39.9541,3.3814,56,238,Volcanic,50,50,1,1,0,5,0.342,2,Cutho,47,Cutho,4,HUMANS,,,,1968,116.8,4.7
1966,654.3,456.8,-38.1447,3.1742,56,145,Volcanic,50,50,1,1,0,5,0.211,2,Cutho,47,Cutho,4,HUMANS,,,,1968,64.1,2.6
1967,649.7,468.6,-39.019,0.9314,56,155,Volcanic,50,50,1,0,0,5,0.345,2,Cutho,47,Cutho,4,HUMANS,,,,1968,133.3,5.3
1968,663.75,457.94,-36.3487,2.9576,47,158,Volcanic,50,50,1,2,0,51,0.167,2,Cutho,47,Cutho,4,HUMANS,22,Rithi,1201809,1968,0.0,0.0
1969,672.6,464.6,-34.6667,1.6917,47,107,Volcanic,50,50,1,0,0,23,0.11,2,Cutho,47,Cutho,4,HUMANS,,,,1968,60.9,2.4
1970,659.1,469.7,-37.2325,0.7223,47,125,Volcanic,50,50,1,0,0,28,0.132,2,Cutho,47,Cutho,4,HUMANS,,,,1968,69.6,2.8
1971,673.5,458.26,-34.4956,2.8967,40,159,Volcanic,50,50,1,2,0,24,0.354,2,Cutho,47,Cutho,4,HUMANS,,,,1968,53.7,2.1
1972,686.0,458.3,-32.1199,2.8891,40,175,Volcanic,50,50,1,2,0,58,1.886,1,Asra,38,Warenland,4,HUMANS,,,,1968,122.4,4.9
1973,698.49,458.29,-29.7461,2.891,56,130,Hot desert,200,20,1,1,0,11,0.998,1,Asra,38,Warenland,4,HUMANS,,,,1968,416.5,16.7
1974,698.9,471.1,-29.6681,0.4562,56,201,Hot desert,200,20,1,0,0,11,3.493,1,Asra,38,Warenland,4,HUMANS,,,,1968,421.1,16.8
1975,690.0,464.8,-31.3596,1.6536,56,96,Volcanic,50,50,1,0,0,11,0.856,1,Asra,38,Warenland,4,HUMANS,,,,1968,181.2,7.2
1976,704.27,455.71,-28.6475,3.3814,54,221,Hot desert,200,20,1,1,0,0,1.666,1,Asra,38,Warenland,4,HUMANS,,,,1968,555.8,22.2
1977,728.59,450.91,-24.0253,4.2938,53,386,Hot desert,200,20,1,0,0,8,1.019,1,Asra,38,Warenland,7,GODLINGS,,,,1968,1101.2,44.0
1978,749.65,465.59,-20.0227,1.5035,56,349,Hot desert,200,20,1,0,0,4,0.893,1,Asra,38,Warenland,4,HUMANS,,,,1968,1708.3,68.3
1979,769.25,452.17,-16.2975,4.0543,58,337,Hot desert,200,20,1,0,0,0,0.888,1,Asra,38,Warenland,7,GODLINGS,,,,1968,2080.7,83.2
1980,784.48,454.63,-13.4029,3.5867,59,267,Hot desert,200,20,1,0,0,16,0.961,1,Asra,38,Warenland,4,HUMANS,,,,1968,2428.6,97.1
1981,800.99,453.87,-10.2651,3.7312,62,344,Hot desert,200,20,1,0,0,4,0.883,1,Asra,38,Warenland,4,HUMANS,,,,1968,2819.5,112.8
1982,818.5,463.36,-6.9371,1.9273,63,420,Hot desert,200,20,1,0,0,0,1.821,1,Asra,38,Warenland,4,HUMANS,,,,1968,3268.6,130.7
1983,839.3,462.92,-2.9839,2.011,64,304,Hot desert,200,20,1,0,0,0,0.807,1,Asra,40,Alsia,7,GODLINGS,,,,1715,3352.9,134.1
1984,853.2,460.55,-0.3421,2.4615,64,323,Hot desert,200,20,1,0,0,0,0.859,1,Asra,40,Alsia,4,HUMANS,,,,1715,3042.7,121.7
1985,872.45,455.09,3.3165,3.4993,64,443,Hot desert,200,20,1,0,0,0,1.572,1,Asra,40,Alsia,7,GODLINGS,,,,1715,2602.5,104.1
1986,892.46,455.68,7.1196,3.3871,65,306,Hot desert,200,20,1,0,0,0,1.048,1,Asra,40,Alsia,4,HUMANS,,,,1715,2162.1,86.5
1987,907.56,454.39,9.9895,3.6323,65,259,Hot desert,200,20,1,0,0,0,3.353,1,Asra,40,Alsia,4,HUMANS,,,,1715,1828.7,73.1
1988,919.65,461.32,12.2873,2.3151,63,435,Hot desert,200,20,1,0,0,1,1.488,1,Asra,40,Alsia,4,HUMANS,,,,1715,1855.9,74.2
1989,952.28,454.51,18.4889,3.6095,58,283,Hot desert,200,20,1,0,0,2,1.514,1,Asra,41,Sumayya,4,HUMANS,,,,1715,1444.9,57.8
1990,962.28,463.53,20.3895,1.895,59,181,Hot desert,200,20,1,0,0,23,0.817,1,Asra,41,Sumayya,4,HUMANS,,,,1715,1473.0,58.9
1991,976.32,451.94,23.0579,4.098,59,195,Hot desert,200,20,1,0,0,29,0.821,1,Asra,41,Sumayya,4,HUMANS,,,,1715,1294.6,51.8
1992,992.04,453.95,26.0456,3.7159,55,347,Hot desert,200,20,1,0,57,35,1.493,1,Asra,41,Sumayya,4,HUMANS,,,,1715,1569.0,62.8
1993,1019.91,451.63,31.3425,4.1569,52,242,Hot desert,200,20,1,0,0,2,0.642,1,Asra,41,Sumayya,4,HUMANS,,,,2620,1410.3,56.4
1994,1037.23,454.73,34.6344,3.5677,53,196,Savanna,60,32,1,0,0,0,1.037,1,Asra,41,Sumayya,4,HUMANS,,,,2620,1043.5,41.7
1995,1048.67,462.92,36.8086,2.011,72,298,Savanna,60,32,1,0,0,1,1.314,1,Asra,41,Sumayya,4,HUMANS,,,,2620,1036.0,41.4
1996,1071.93,459.66,41.2294,2.6306,67,311,Savanna,60,32,1,0,0,2,1.934,6,Mhekinn,8,Kamali,4,HUMANS,,,,2788,1084.9,43.4
1997,1096.28,463.4,45.8573,1.9197,72,277,Savanna,60,32,1,0,0,1,1.699,6,Mhekinn,8,Kamali,4,HUMANS,,,,1820,996.4,39.9
1998,1105.07,465.38,47.5279,1.5434,64,288,Savanna,60,32,1,0,0,5,5.939,6,Mhekinn,8,Kamali,4,HUMANS,,,,1820,925.0,37.0
1999,1119.03,452.12,50.1811,4.0638,67,377,Savanna,60,32,1,0,0,4,7.604,6,Mhekinn,8,Kamali,4,HUMANS,,,,1820,797.9,31.9
2000,1144.66,465.37,55.0523,1.5453,59,320,Grassland,50,30,1,0,0,0,1.959,6,Mhekinn,8,Kamali,4,HUMANS,,,,1820,631.9,25.3
2001,1161.94,454.18,58.3365,3.6722,57,261,Grassland,50,30,1,0,0,1,1.559,6,Mhekinn,8,Kamali,4,HUMANS,,,,1820,513.0,20.5
2002,1183.78,463.57,62.4874,1.8874,53,367,Savanna,60,32,1,0,0,1,2.677,6,Mhekinn,9,Odina,7,GODLINGS,,,,1820,466.0,18.6
2003,1202.84,450.91,66.1099,4.2938,38,247,Savanna,60,32,1,0,0,10,1.799,6,Mhekinn,9,Odina,4,HUMANS,,,,1820,258.4,10.3
2004,1208.87,454.92,67.256,3.5316,44,155,Savanna,60,32,1,0,0,2,1.371,6,Mhekinn,9,Odina,4,HUMANS,,,,1820,278.3,11.1
2005,1204.3,464.5,66.3874,1.7107,44,211,Savanna,60,32,1,1,0,2,6.325,6,Mhekinn,9,Odina,4,HUMANS,,,,1820,348.4,13.9
2006,1221.7,458.6,69.6944,2.8321,44,285,Savanna,60,32,1,1,0,2,9.172,6,Mhekinn,9,Odina,4,HUMANS,,,,1820,289.9,11.6
2007,1234.5,462.25,72.1272,2.1383,43,296,Savanna,60,32,1,0,97,152,3.112,6,Mhekinn,9,Odina,4,HUMANS,,,,2299,332.9,13.3
2008,1234.6,472.9,72.1462,0.114,43,172,Savanna,60,32,1,1,97,92,6.492,6,Mhekinn,9,Odina,4,HUMANS,,,,2299,262.6,10.5
2009,1255.44,463.65,76.107,1.8722,38,415,Grassland,50,30,1,0,0,53,4.602,6,Mhekinn,9,Odina,4,HUMANS,,,,2299,239.1,9.6
2010,1276.97,453.63,80.199,3.7768,32,260,Grassland,50,30,1,0,0,16,9.407,6,Mhekinn,9,Odina,7,GODLINGS,,,,2299,317.4,12.7
2011,1290.96,457.85,82.8579,2.9747,44,244,Grassland,50,30,1,0,0,3,2.447,6,Mhekinn,9,Odina,7,GODLINGS,,,,2299,352.3,14.1
2012,1302.64,454.04,85.0778,3.6988,43,192,Grassland,50,30,1,0,0,2,1.371,6,Mhekinn,9,Odina,4,HUMANS,,,,1735,348.2,13.9
2013,1322.18,464.91,88.7915,1.6327,43,299,Blood Fields,50,0,1,0,0,5,0,13,Blood Fields,10,Aravas,4,HUMANS,,,,1735,434.1,17.4
2014,1344.05,465.05,92.9481,1.6061,39,275,Blood Fields,50,0,1,0,0,8,0,13,Blood Fields,10,Aravas,4,HUMANS,,,,1735,438.4,17.5
2015,1354.84,466.8,94.9988,1.2735,20,130,Blood Fields,50,0,1,0,0,18,0,13,Blood Fields,10,Aravas,4,HUMANS,,,,1735,480.7,19.2
2016,1369.5,462.6,97.7851,2.0718,20,159,Blood Fields,50,0,1,1,0,28,0,13,Blood Fields,0,,4,HUMANS,79,Calcescast,78,1735,500.6,20.0
2017,1384.19,458.3,100.577,2.8891,20,251,Blood Fields,50,0,1,6,0,11,0,13,Blood Fields,10,Aravas,4,HUMANS,,,,1735,584.8,23.4
2018,1371.7,465.7,98.2032,1.4826,20,156,Blood Fields,50,0,1,2,0,11,0,13,Blood Fields,10,Aravas,4,HUMANS,,,,1735,521.5,20.9
2019,1401.69,451.46,103.9031,4.1892,10,184,Marine,10,0,0,0,0,0,0,0,Neutrals,0,,0,Wildlands,,,,,,
2020,1406.39,461.42,104.7963,2.2961,10,407,Marine,10,0,0,0,0,0,0,0,Neutrals,0,,0,Wildlands,,,,,,
2021,1438.73,461.99,110.9428,2.1878,10,277,Marine,10,0,0,0,0,0,0,0,Neutrals,0,,0,Wildlands,,,,,,
2022,1449.67,467.01,113.0221,1.2336,10,122,Marine,10,0,0,0,0,0,0,0,Neutrals,0,,0,Wildlands,,,,,,
2023,1461.6,460.2,115.2895,2.528,10,203,Marine,10,0,0,0,0,0,0,0,Neutrals,0,,0,Wildlands,,,,,,
2024,1473.45,453.44,117.5417,3.8129,10,270,Marine,10,0,0,0,0,0,0,0,Neutrals,0,,0,Wildlands,,,,,,
2025,1491.87,454.83,121.0425,3.5487,100,157,Dragon Tundra,1000,30,1,1,0,0,0.061,7,Dragon Coves,12,P'ivka,9,DRAGON RIDGERS,,,,1840,4784.0,191.4
2026,1492.3,466.1,121.1243,1.4065,100,210,Dragon Tundra,1000,30,1,1,0,0,0.155,7,Dragon Coves,13,S'ven,9,DRAGON RIDGERS,,,,1840,6024.6,241.0
2027,1503.66,451.97,123.2833,4.0923,78,299,Dragon Tundra,1000,30,1,0,0,3,0.236,7,Dragon Coves,12,P'ivka,9,DRAGON RIDGERS,,,,1840,3824.4,153.0
2028,1527.52,460.17,127.8181,2.5337,78,344,Dragon Tundra,1000,30,1,0,0,8,0.059,7,Dragon Coves,13,S'ven,9,DRAGON RIDGERS,,,,2224,3881.0,155.2
2029,1542.79,459.71,130.7203,2.6211,78,315,Dragon Tundra,1000,30,1,0,3,567,0.147,7,Dragon Coves,13,S'ven,9,DRAGON RIDGERS,,,,2224,3565.8,142.6
2030,1560.95,452.81,134.1718,3.9326,88,163,Dragon Tundra,1000,30,1,2,0,0,0.029,7,Dragon Coves,13,S'ven,9,DRAGON RIDGERS,,,,2224,4723.4,188.9
2031,1557.2,466.1,133.4591,1.4065,88,136,Dragon Tundra,1000,30,1,0,0,0,0.02,7,Dragon Coves,13,S'ven,9,DRAGON RIDGERS,,,,2224,3204.4,128.2
2032,1567.45,458.05,135.4072,2.9366,100,184,Dragon Tundra,1000,30,1,2,0,126,0.04,7,Dragon Coves,13,S'ven,9,DRAGON RIDGERS,,,,2224,4930.1,197.2
2033,1560.4,468.7,134.0673,0.9124,100,75,Dragon Tundra,1000,30,1,0,2,126,0.049,7,Dragon Coves,13,S'ven,9,DRAGON RIDGERS,,,,2224,3525.2,141.0
2034,1586.65,459.82,139.0563,2.6002,10,315,Marine,10,0,0,0,0,0,0,0,Neutrals,0,,0,Wildlands,,,,,,
2035,201.79,482.67,-124.1481,-1.743,0,8201,Marine,10,0,0,0,0,0,0,0,Neutrals,0,,0,Wildlands,,,,,,
2036,228.29,481.1,-119.1115,-1.4446,0,292,Marine,10,0,0,0,0,0,0,0,Neutrals,0,,0,Wildlands,,,,,,
2037,248.95,474.37,-115.1849,-0.1654,50,202,Tropical rainforest,80,80,1,1,0,8,14.536,4,Boru,30,Chipia,4,HUMANS,,,,2141,860.8,34.4
2038,244.7,486.8,-115.9927,-2.528,50,223,Tropical rainforest,80,80,1,2,0,8,21.851,4,Boru,30,Chipia,4,HUMANS,,,,2141,845.4,33.8
2039,264.59,475.88,-112.2124,-0.4524,42,295,Tropical rainforest,80,80,1,0,0,15,15.581,4,Boru,30,Chipia,7,GODLINGS,,,,2141,694.9,27.8
2040,282.07,482.79,-108.8902,-1.7658,50,247,Tropical rainforest,80,80,1,0,0,1,13.355,4,Boru,31,Durmingia,7,GODLINGS,,,,2141,529.5,21.2
2041,297.07,472.37,-106.0393,0.2148,50,240,Tropical rainforest,80,80,1,1,0,27,18.065,4,Boru,31,Durmingia,4,HUMANS,,,,2141,492.1,19.7
2042,315.92,474.15,-102.4567,-0.1235,54,338,Tropical rainforest,80,80,1,0,0,13,19.785,4,Boru,31,Durmingia,8,SHIFTERS,,,,2141,325.5,13.0
2043,337.49,479.01,-98.3572,-1.0473,53,204,Tropical rainforest,80,80,1,0,0,1,12.582,4,Boru,31,Durmingia,4,HUMANS,,,,2141,209.8,8.4
2044,347.58,475.88,-96.4395,-0.4524,55,214,Tropical rainforest,80,80,1,1,0,4,16.623,4,Boru,31,Durmingia,4,HUMANS,,,,2141,285.2,11.4
2045,340.8,482.9,-97.7281,-1.7867,55,139,Tropical rainforest,80,80,1,2,0,4,9.833,4,Boru,31,Durmingia,4,HUMANS,,,,2141,199.3,8.0
2046,376.88,479.52,-90.8708,-1.1442,33,270,Tropical rainforest,80,80,1,2,206,124,37.701,4,Boru,31,Durmingia,4,HUMANS,,,,2141,579.9,23.2
2047,390.27,470.09,-88.3259,0.6482,30,231,Tropical rainforest,80,80,1,0,206,126,16.887,4,Boru,31,Durmingia,7,GODLINGS,,,,2141,677.2,27.1
2048,400.7,476.24,-86.3436,-0.5208,47,367,Tropical rainforest,80,80,1,0,0,1,23.453,4,Boru,31,Durmingia,4,HUMANS,,,,2141,829.0,33.2
2049,425.42,480.44,-81.6453,-1.3191,49,420,Tropical rainforest,80,80,1,0,0,9,39.713,4,Boru,31,Durmingia,4,HUMANS,,,,2141,1060.7,42.4
2050,444.7,476.92,-77.981,-0.6501,53,311,Tropical rainforest,80,80,1,0,0,0,16.287,4,Boru,32,Helsteria,7,GODLINGS,,,,2141,1250.4,50.0
2051,454.63,483.04,-76.0937,-1.8133,48,245,Tropical seasonal forest,70,50,1,0,0,0,8.313,4,Boru,32,Helsteria,4,HUMANS,,,,2141,1340.2,53.6
2052,483.87,472.26,-70.5364,0.2357,38,213,Grassland,50,30,1,0,0,3,4.479,4,Boru,28,Bosted,4,HUMANS,,,,1968,1163.6,46.5
2053,489.78,478.08,-69.4132,-0.8705,30,345,Volcanic,50,50,1,0,0,2,0.353,2,Cutho,48,Verro,7,GODLINGS,,,,1968,1108.9,44.4
2054,514.08,469.16,-64.7947,0.8249,30,407,Volcanic,50,50,1,0,93,385,0.646,2,Cutho,48,Verro,4,HUMANS,,,,1968,966.5,38.7
2055,537.35,468.92,-60.3721,0.8705,59,349,Volcanic,50,50,1,0,0,1,0.331,2,Cutho,48,Verro,4,HUMANS,,,,1968,835.1,33.4
2056,552.85,472.7,-57.4262,0.1521,58,287,Volcanic,50,50,1,0,0,1,0.265,2,Cutho,48,Verro,4,HUMANS,,,,1968,769.5,30.8
2057,565.46,481.17,-55.0295,-1.4579,59,363,Volcanic,50,50,1,0,0,2,0.342,2,Cutho,48,Verro,4,HUMANS,23,Verro,87213,1968,686.9,27.5
2058,588.61,469.71,-50.6297,0.7204,55,347,Volcanic,50,50,1,0,0,2,0.3,2,Cutho,48,Verro,7,GODLINGS,,,,1968,530.7,21.2
2059,598.11,476.8,-48.8241,-0.6272,53,347,Volcanic,50,50,1,0,0,0,0.318,2,Cutho,47,Cutho,4,HUMANS,,,,1968,462.2,18.5
2060,619.37,473.12,-44.7835,0.0722,56,327,Volcanic,50,50,1,0,0,0,0.302,2,Cutho,47,Cutho,4,HUMANS,,,,1968,343.5,13.7
2061,641.75,478.14,-40.53,-0.8819,51,242,Volcanic,50,50,1,0,0,9,0.229,2,Cutho,47,Cutho,4,HUMANS,,,,1968,201.6,8.1
2062,654.54,481.52,-38.0991,-1.5244,60,194,Volcanic,50,50,1,2,0,5,0.185,2,Cutho,47,Cutho,4,HUMANS,,,,1968,161.9,6.5
2063,645.4,491.7,-39.8363,-3.4593,60,199,Volcanic,50,50,1,1,0,5,0.298,2,Cutho,47,Cutho,4,HUMANS,,,,1968,237.1,9.5
2064,668.0,476.4,-35.5409,-0.5512,60,194,Volcanic,50,50,1,2,0,5,0.206,2,Cutho,47,Cutho,4,HUMANS,,,,1968,150.7,6.0
2065,681.46,471.21,-32.9827,0.4353,56,143,Volcanic,50,50,1,1,0,5,3.144,1,Asra,38,Warenland,4,HUMANS,,,,1968,135.4,5.4
2066,690.4,477.5,-31.2836,-0.7603,56,128,Hot desert,200,20,1,1,0,5,0.998,1,Asra,38,Warenland,4,HUMANS,,,,1968,375.9,15.0
2067,699.34,483.88,-29.5845,-1.973,43,164,Hot desert,200,20,1,2,0,18,0.838,1,Asra,38,Warenland,4,HUMANS,,,,1968,617.5,24.7
2068,702.8,493.4,-28.9269,-3.7825,43,176,Hot desert,200,20,1,2,0,7,0.738,1,Asra,38,Warenland,4,HUMANS,,,,1968,840.3,33.6
2069,716.11,483.02,-26.3972,-1.8095,48,277,Hot desert,200,20,1,0,0,0,1.28,1,Asra,38,Warenland,4,HUMANS,,,,1968,881.6,35.3
2070,728.16,481.79,-24.107,-1.5757,49,298,Hot desert,200,20,1,0,0,8,1.009,1,Asra,38,Warenland,4,HUMANS,,,,1968,1154.8,46.2
2071,743.81,478.26,-21.1326,-0.9048,53,314,Hot desert,200,20,1,0,0,4,0.836,1,Asra,38,Warenland,7,GODLINGS,,,,1968,1543.0,61.7
2072,765.59,472.15,-16.9931,0.2566,55,429,Hot desert,200,20,1,0,0,16,5.737,1,Asra,38,Warenland,4,HUMANS,,,,1968,2065.6,82.6
2073,785.62,478.74,-13.1863,-0.996,55,417,Hot desert,200,20,1,0,0,12,6.649,1,Asra,39,Ading,4,HUMANS,,,,1968,2529.5,101.2
2074,795.08,469.97,-11.3883,0.671,60,379,Hot desert,200,20,1,0,0,4,1.913,1,Asra,38,Warenland,7,GODLINGS,,,,1968,2848.7,113.9
2075,826.3,478.78,-5.4547,-1.0036,61,223,Hot desert,200,20,1,0,0,0,5.306,1,Asra,39,Ading,4,HUMANS,,,,2620,3504.1,140.2
2076,831.28,478.31,-4.5082,-0.9143,62,292,Hot desert,200,20,1,0,0,0,1.288,1,Asra,39,Ading,4,HUMANS,,,,2620,3394.0,135.8
2077,862.32,481.38,1.3912,-1.4978,63,301,Hot desert,200,20,1,0,0,0,1.051,1,Asra,40,Alsia,7,GODLINGS,,,,2620,2918.9,116.8
2078,867.97,479.43,2.4651,-1.1271,64,267,Hot desert,200,20,1,0,0,0,0.926,1,Asra,40,Alsia,7,GODLINGS,,,,2620,2872.6,114.9
2079,896.06,473.11,7.8038,0.0741,64,351,Hot desert,200,20,1,0,0,0,1.233,1,Asra,40,Alsia,7,GODLINGS,,,,1715,2312.0,92.5
2080,903.08,478.35,9.138,-0.9219,62,237,Hot desert,200,20,1,0,0,0,0.842,1,Asra,40,Alsia,7,GODLINGS,73,Morutho,1014250,2620,2308.9,92.4
2081,919.99,484.37,12.3519,-2.0661,60,292,Hot desert,200,20,1,0,0,5,0.776,1,Asra,40,Alsia,4,HUMANS,,,,2620,1944.9,77.8
2082,944.58,471.43,17.0254,0.3935,59,369,Hot desert,200,20,1,0,0,10,1.313,1,Asra,40,Alsia,7,GODLINGS,,,,2620,1862.0,74.5
2083,959.39,471.16,19.8402,0.4448,57,203,Hot desert,200,20,1,0,0,18,2.659,1,Asra,41,Sumayya,4,HUMANS,,,,1715,1652.5,66.1
2084,977.45,472.29,23.2727,0.23,62,378,Hot desert,200,20,1,0,0,2,1.008,1,Asra,41,Sumayya,4,HUMANS,,,,2620,1598.8,64.0
2085,1000.1,471.08,27.5775,0.46,58,444,Hot desert,200,20,1,0,0,1,6.134,1,Asra,41,Sumayya,4,HUMANS,,,,2620,1185.6,47.4
2086,1010.2,484.2,29.4971,-2.0338,88,365,Savanna,60,32,1,0,0,0,5.255,1,Asra,41,Sumayya,4,HUMANS,,,,2620,821.3,32.9
2087,1031.92,469.23,33.6251,0.8116,72,420,Savanna,60,32,1,0,0,1,1.882,1,Asra,41,Sumayya,4,HUMANS,,,,2620,941.6,37.7
2088,1057.67,475.33,38.5192,-0.3478,58,208,Savanna,60,32,1,0,0,15,2.285,6,Mhekinn,8,Kamali,4,HUMANS,,,,2620,930.0,37.2
2089,1068.3,486.6,40.5395,-2.49,58,275,Savanna,60,32,1,1,0,13,11.764,6,Mhekinn,8,Kamali,4,HUMANS,,,,2788,869.1,34.8
2090,1046.1,486.7,36.3202,-2.509,58,309,Savanna,60,32,1,1,0,29,5.23,6,Mhekinn,5,Manaba,4,HUMANS,,,,2620,822.9,32.9
2091,1066.02,469.25,40.1061,0.8078,67,220,Savanna,60,32,1,0,0,2,2.128,6,Mhekinn,8,Kamali,4,HUMANS,,,,2788,1010.6,40.4
2092,1088.28,478.32,44.3368,-0.9162,59,422,Savanna,60,32,1,0,0,17,4.101,6,Mhekinn,8,Kamali,4,HUMANS,52,Kamali,1459284,2788,909.5,36.4
2093,1113.14,483.32,49.0617,-1.8665,52,337,Grassland,50,30,1,0,62,39,7.638,6,Mhekinn,8,Kamali,7,GODLINGS,,,,1820,849.5,34.0
2094,1131.22,478.21,52.498,-0.8952,57,374,Grassland,50,30,1,0,0,15,2.182,6,Mhekinn,8,Kamali,4,HUMANS,,,,1820,734.1,29.4
2095,1147.26,475.1,55.5465,-0.3041,55,262,Grassland,50,30,1,0,0,1,1.602,6,Mhekinn,8,Kamali,4,HUMANS,,,,1820,687.3,27.5
2096,1166.14,469.0,59.1348,0.8553,37,327,Grassland,50,30,1,0,0,7,2.35,6,Mhekinn,8,Kamali,4,HUMANS,,,,1820,567.6,22.7
2097,1177.87,483.68,61.3642,-1.935,36,385,Grassland,50,30,1,0,0,8,2.771,6,Mhekinn,9,Odina,7,GODLINGS,,,,2299,487.0,19.5
2098,1199.69,474.03,65.5113,-0.1007,42,233,Savanna,60,32,1,0,0,17,1.625,6,Mhekinn,9,Odina,4,HUMANS,,,,2299,410.5,16.4
2099,1206.5,483.7,66.8056,-1.9388,42,167,Grassland,50,30,1,1,0,26,2.437,6,Mhekinn,9,Odina,4,HUMANS,,,,2299,332.4,13.3
2100,1222.39,478.92,69.8256,-1.0302,19,242,Marine,10,0,0,0,0,85,0,0,Neutrals,0,,0,Wildlands,,,,,,
2101,1234.73,483.61,72.1709,-1.9216,50,146,Savanna,60,32,1,1,0,4,4.091,6,Mhekinn,50,Aravas,4,HUMANS,,,,2299,188.0,7.5
2102,1249.09,479.36,74.9001,-1.1138,47,248,Grassland,50,30,1,0,0,5,1.849,6,Mhekinn,50,Aravas,4,HUMANS,,,,2299,145.9,5.8
2103,1268.24,479.91,78.5398,-1.2184,41,297,Grassland,50,30,1,0,0,13,2.901,6,Mhekinn,50,Aravas,7,GODLINGS,,,,2299,165.1,6.6
2104,1293.46,478.41,83.333,-0.9333,35,297,Grassland,50,30,1,0,0,15,2.125,6,Mhekinn,9,Odina,4,HUMANS,,,,2299,277.4,11.1
2105,1305.82,472.63,85.6822,0.1654,44,252,Grassland,50,30,1,0,0,3,1.857,6,Mhekinn,9,Odina,7,GODLINGS,,,,2299,369.3,14.8
2106,1318.11,475.95,88.018,-0.4657,48,204,Blood Fields,50,0,1,0,0,3,0,13,Blood Fields,10,Aravas,4,HUMANS,,,,2299,446.3,17.9
2107,1333.68,474.79,90.9772,-0.2452,44,316,Blood Fields,50,0,1,0,0,4,0,13,Blood Fields,10,Aravas,4,HUMANS,,,,1735,519.5,20.8
2108,1359.13,473.01,95.8142,0.0931,37,139,Blood Fields,50,0,1,1,0,7,0,13,Blood Fields,10,Aravas,4,HUMANS,,,,1735,539.8,21.6
2109,1357.1,482.7,95.4284,-1.7487,37,195,Blood Fields,50,0,1,1,0,7,0,13,Blood Fields,10,Aravas,4,HUMANS,,,,1735,559.1,22.4
2110,1374.1,482.87,98.6594,-1.781,10,172,Marine,10,0,0,0,0,0,0,0,Neutrals,0,,0,Wildlands,,,,,,
2111,1387.4,480.2,101.1871,-1.2735,10,226,Marine,10,0,0,0,0,0,0,0,Neutrals,0,,0,Wildlands,,,,,,
2112,1400.6,477.52,103.6959,-0.7641,10,310,Marine,10,0,0,0,0,0,0,0,Neutrals,0,,0,Wildlands,,,,,,
2113,1436.76,473.88,110.5684,-0.0722,10,467,Marine,10,0,0,0,0,0,0,0,Neutrals,0,,0,Wildlands,,,,,,
2114,1452.95,471.72,113.6455,0.3383,10,113,Marine,10,0,0,0,0,0,0,0,Neutrals,0,,0,Wildlands,,,,,,
2115,1450.3,485.3,113.1418,-2.2429,10,242,Marine,10,0,0,0,0,0,0,0,Neutrals,0,,0,Wildlands,,,,,,
2116,1462.17,475.01,115.3978,-0.287,100,175,Dragon Tundra,1000,30,1,3,0,1,0.031,7,Dragon Coves,13,S'ven,9,DRAGON RIDGERS,,,,1840,9685.1,387.4
2117,1477.4,476.2,118.2924,-0.5132,100,249,Dragon Tundra,1000,30,1,2,0,1,0.063,7,Dragon Coves,13,S'ven,9,DRAGON RIDGERS,,,,1840,8004.7,320.2
2118,1465.9,487.8,116.1067,-2.7181,100,207,Dragon Tundra,1000,30,1,3,0,1,0.054,7,Dragon Coves,13,S'ven,9,DRAGON RIDGERS,,,,2224,9577.8,383.1
2119,1492.63,477.39,121.187,-0.7394,78,159,Dragon Tundra,1000,30,1,0,20,116,0.048,7,Dragon Coves,13,S'ven,9,DRAGON RIDGERS,,,,2224,6424.2,257.0
2120,1481.2,489.0,119.0146,-2.9461,78,149,Dragon Tundra,1000,30,1,0,20,58,0.155,7,Dragon Coves,13,S'ven,9,DRAGON RIDGERS,,,,2224,6961.1,278.4
2121,1491.3,488.5,120.9342,-2.8511,78,125,Dragon Tundra,1000,30,1,0,0,58,0.035,7,Dragon Coves,13,S'ven,9,DRAGON RIDGERS,,,,2224,5836.8,233.5
2122,1505.43,474.61,123.6197,-0.211,78,297,Dragon Tundra,1000,30,1,0,0,6,0.052,7,Dragon Coves,13,S'ven,9,DRAGON RIDGERS,,,,2224,4971.4,198.9
2123,1522.25,480.05,126.8165,-1.245,78,282,Dragon Tundra,1000,30,1,0,0,16,0.042,7,Dragon Coves,13,S'ven,9,DRAGON RIDGERS,,,,2224,3026.8,121.1
2124,1539.83,479.79,130.1577,-1.1956,78,238,Dragon Tundra,1000,30,1,0,3,648,0.12,7,Dragon Coves,13,S'ven,9,DRAGON RIDGERS,,,,2224,1333.1,53.3
2125,1553.35,479.36,132.7273,-1.1138,88,160,Dragon Tundra,1000,30,1,0,0,0,0.022,7,Dragon Coves,13,S'ven,9,DRAGON RIDGERS,,,,2224,1685.6,67.4
2126,1564.1,475.0,134.7705,-0.2851,88,180,Dragon Tundra,1000,30,1,2,2,126,0.081,7,Dragon Coves,13,S'ven,9,DRAGON RIDGERS,,,,2224,2973.7,118.9
2127,1552.9,489.6,132.6418,-3.0602,88,181,Dragon Tundra,1000,30,1,1,0,0,0.074,7,Dragon Coves,13,S'ven,9,DRAGON RIDGERS,,,,2224,1036.8,41.5
2128,1574.78,470.55,136.8003,0.5607,100,186,Dragon Tundra,1000,30,1,3,0,85,0.049,7,Dragon Coves,13,S'ven,9,DRAGON RIDGERS,,,,2224,4628.2,185.1
2129,1585.81,476.92,138.8966,-0.6501,10,280,Marine,10,0,0,0,0,0,0,0,Neutrals,0,,0,Wildlands,,,,,,
2130,1582.8,486.1,138.3246,-2.3949,10,206,Marine,10,0,0,0,0,0,0,0,Neutrals,0,,0,Wildlands,,,,,,
2131,1611.87,481.97,143.8496,-1.6099,10,4082,Marine,10,0,0,0,0,0,0,0,Neutrals,0,,0,Wildlands,,,,,,
2132,226.26,496.34,-119.4974,-4.3413,0,492,Marine,10,0,0,0,0,0,0,0,Neutrals,0,,0,Wildlands,,,,,,
2133,233.7,508.2,-118.0833,-6.5956,0,287,Marine,10,0,0,0,0,0,0,0,Neutrals,0,,0,Wildlands,,,,,,
2134,240.43,499.16,-116.8042,-4.8773,34,167,Tropical rainforest,80,80,1,2,0,24,9.979,4,Boru,31,Durmingia,4,HUMANS,,,,2141,934.9,37.4
2135,251.5,504.8,-114.7003,-5.9493,34,212,Tropical rainforest,80,80,1,2,0,24,12.575,4,Boru,31,Durmingia,4,HUMANS,,,,2141,825.5,33.0
2136,260.75,491.92,-112.9423,-3.5012,47,270,Tropical rainforest,80,80,1,0,0,4,14.387,4,Boru,30,Chipia,4,HUMANS,,,,2141,686.0,27.4
2137,278.24,490.99,-109.6181,-3.3244,47,285,Tropical rainforest,80,80,1,0,0,5,15.364,4,Boru,31,Durmingia,7,GODLINGS,,,,2141,531.9,21.3
2138,301.03,495.88,-105.2867,-4.2539,70,334,Tropical rainforest,80,80,1,0,0,1,32.57,4,Boru,31,Durmingia,4,HUMANS,,,,2141,326.8,13.1
2139,313.26,494.44,-102.9623,-3.9801,66,314,Tropical rainforest,80,80,1,0,0,2,16.504,4,Boru,31,Durmingia,4,HUMANS,,,,2141,207.5,8.3
2140,334.01,489.92,-99.0186,-3.121,53,243,Tropical rainforest,80,80,1,1,0,17,17.529,4,Boru,31,Durmingia,7,GODLINGS,,,,2141,109.0,4.4
2141,329.6,501.5,-99.8567,-5.3221,53,271,Tropical rainforest,80,80,1,2,0,25,33.897,4,Boru,31,Durmingia,7,GODLINGS,4,Xaros,249447,2141,0.0,0.0
2142,358.22,500.32,-94.4173,-5.0978,13,255,Marine,10,0,0,0,0,0,0,0,Neutrals,0,,0,Wildlands,,,,,,
2143,371.1,504.0,-91.9693,-5.7973,13,167,Marine,10,0,0,0,0,111,0,0,Neutrals,0,,0,Wildlands,,,,,,
2144,364.6,507.0,-93.2047,-6.3675,13,78,Marine,10,0,0,0,0,0,0,0,Neutrals,0,,0,Wildlands,,,,,,
2145,362.03,487.3,-93.6931,-2.623,0,266,Marine,10,0,0,0,0,0,0,0,Neutrals,0,,0,Wildlands,,,,,,
2146,386.72,494.58,-89.0006,-4.0068,28,308,Tropical rainforest,80,80,1,2,0,11,48.321,4,Boru,31,Durmingia,7,GODLINGS,,,,2141,738.2,29.5
2147,395.4,506.5,-87.3509,-6.2724,28,231,Tropical rainforest,80,80,1,1,0,4,20.019,4,Boru,31,Durmingia,4,HUMANS,,,,2141,868.0,34.7
2148,412.53,496.82,-84.0952,-4.4325,40,294,Tropical rainforest,80,80,1,0,0,7,17.895,4,Boru,31,Durmingia,4,HUMANS,,,,2141,1034.6,41.4
2149,420.83,493.67,-82.5177,-3.8338,59,269,Tropical rainforest,80,80,1,0,0,1,13.437,4,Boru,31,Durmingia,4,HUMANS,,,,2141,1133.6,45.3
2150,446.1,496.43,-77.7149,-4.3584,65,216,Tropical rainforest,80,80,1,0,0,0,11.655,4,Boru,32,Helsteria,7,GODLINGS,,,,2141,1382.8,55.3
2151,451.36,491.9,-76.7152,-3.4974,43,177,Tropical seasonal forest,70,50,1,0,0,0,5.531,4,Boru,32,Helsteria,7,GODLINGS,,,,2141,1376.6,55.1
2152,474.21,490.91,-72.3724,-3.3092,45,433,Tropical seasonal forest,70,50,1,0,0,1,14.522,4,Boru,32,Helsteria,4,HUMANS,,,,1968,1322.5,52.9
2153,493.44,500.64,-68.7175,-5.1586,30,379,Volcanic,50,50,1,0,93,320,1.003,2,Cutho,48,Verro,7,GODLINGS,,,,1968,1103.9,44.2
2154,509.52,494.74,-65.6614,-4.0372,30,341,Volcanic,50,50,1,0,93,334,0.522,2,Cutho,48,Verro,4,HUMANS,,,,1968,1009.7,40.4
2155,528.26,493.48,-62.0997,-3.7977,30,425,Volcanic,50,50,1,0,0,47,0.471,2,Cutho,48,Verro,7,GODLINGS,,,,1968,894.4,35.8
2156,544.6,487.75,-58.9942,-2.7086,56,380,Volcanic,50,50,1,0,0,3,0.347,2,Cutho,48,Verro,4,HUMANS,,,,1968,799.1,32.0
2157,573.68,492.29,-53.4673,-3.5715,49,339,Volcanic,50,50,1,0,0,14,0.339,2,Cutho,48,Verro,4,HUMANS,,,,1968,608.9,24.4
2158,578.38,501.63,-52.574,-5.3468,52,298,Volcanic,50,50,1,0,0,3,0.268,2,Cutho,48,Verro,4,HUMANS,,,,1968,592.4,23.7
2159,600.83,495.75,-48.3072,-4.2291,50,443,Volcanic,50,50,1,0,0,2,0.462,2,Cutho,47,Cutho,4,HUMANS,,,,1968,458.4,18.3
2160,625.89,491.53,-43.5443,-3.427,52,322,Volcanic,50,50,1,0,0,10,0.294,2,Cutho,47,Cutho,4,HUMANS,,,,1968,318.6,12.7
2161,636.3,501.95,-41.5658,-5.4076,57,226,Volcanic,50,50,1,3,0,7,0.222,2,Cutho,47,Cutho,4,HUMANS,,,,1968,312.5,12.5
2162,655.46,501.54,-37.9243,-5.3297,10,262,Marine,10,0,0,0,0,0,0,0,Neutrals,0,,0,Wildlands,,,,,,
2163,669.2,495.1,-35.3129,-4.1056,10,273,Marine,10,0,0,0,0,0,0,0,Neutrals,0,,0,Wildlands,,,,,,
2164,682.84,488.6,-32.7205,-2.8701,10,172,Marine,10,0,0,0,0,0,0,0,Neutrals,0,,0,Wildlands,,,,,,
2165,685.49,495.81,-32.2168,-4.2405,6,131,Marine,10,0,0,0,0,0,0,0,Neutrals,0,,0,Wildlands,,,,,,
2166,688.9,505.4,-31.5687,-6.0634,6,123,Marine,10,0,0,0,0,0,0,0,Neutrals,0,,0,Wildlands,,,,,,
2167,706.25,502.94,-28.2712,-5.5958,38,146,Hot desert,200,20,1,2,0,0,0.646,1,Asra,38,Warenland,4,HUMANS,,,,1968,1063.5,42.5
2168,723.68,488.13,-24.9585,-2.7808,42,255,Hot desert,200,20,1,0,0,12,0.852,1,Asra,38,Warenland,4,HUMANS,,,,1968,1082.6,43.3
2169,752.97,493.31,-19.3917,-3.7654,49,408,Hot desert,200,20,1,0,0,20,1.45,1,Asra,39,Ading,4,HUMANS,,,,1968,1756.6,70.3
2170,764.73,502.82,-17.1566,-5.573,49,330,Hot desert,200,20,1,0,0,12,1.432,1,Asra,39,Ading,7,GODLINGS,,,,1968,2089.3,83.6
2171,781.76,502.48,-13.9199,-5.5083,51,287,Hot desert,200,20,1,0,0,8,0.992,1,Asra,39,Ading,4,HUMANS,,,,1968,2482.8,99.3
2172,798.36,500.45,-10.7649,-5.1225,55,335,Hot desert,200,20,1,0,0,3,4.466,1,Asra,39,Ading,7,GODLINGS,,,,1968,2887.5,115.5
2173,818.25,493.24,-6.9846,-3.7521,59,374,Hot desert,200,20,1,0,0,0,1.642,1,Asra,39,Ading,4,HUMANS,,,,2620,3291.4,131.7
2174,838.71,500.69,-3.0961,-5.1681,59,259,Hot desert,200,20,1,0,0,0,0.702,1,Asra,39,Ading,4,HUMANS,,,,2620,2864.5,114.6
2175,851.05,498.84,-0.7507,-4.8165,59,377,Hot desert,200,20,1,0,0,0,1.317,1,Asra,39,Ading,4,HUMANS,,,,2620,2720.0,108.8
2176,873.29,489.45,3.4762,-3.0317,61,356,Hot desert,200,20,1,0,0,0,6.437,1,Asra,40,Alsia,7,GODLINGS,,,,2620,2604.3,104.2
2177,893.22,498.7,7.264,-4.7899,65,342,Hot desert,200,20,1,0,0,0,5.077,1,Asra,40,Alsia,7,GODLINGS,,,,2620,2121.0,84.8
2178,910.69,487.65,10.5844,-2.6895,66,213,Hot desert,200,20,1,0,0,0,3.177,1,Asra,40,Alsia,4,HUMANS,,,,2620,2044.5,81.8
2179,928.14,497.66,13.9009,-4.5922,73,307,Hot desert,200,20,1,0,0,1,4.1,1,Asra,40,Alsia,7,GODLINGS,,,,2620,1601.9,64.1
2180,939.72,487.78,16.1018,-2.7143,60,340,Hot desert,200,20,1,0,0,1,0.873,1,Asra,40,Alsia,7,GODLINGS,,,,2620,1677.0,67.1
2181,956.54,487.38,19.2985,-2.6382,66,427,Hot desert,200,20,1,0,0,2,1.14,1,Asra,46,Winch,7,GODLINGS,,,,2620,1423.4,56.9
2182,981.78,491.46,24.0956,-3.4137,82,466,Hot desert,200,20,1,0,0,1,1.205,1,Asra,46,Winch,4,HUMANS,,,,2620,1166.4,46.7
2183,1005.77,500.23,28.6551,-5.0807,58,350,Savanna,60,32,1,0,0,2,3.405,6,Mhekinn,5,Manaba,4,HUMANS,,,,2620,629.2,25.2
2184,1023.19,493.99,31.9659,-3.8946,58,304,Savanna,60,32,1,0,0,0,2.463,6,Mhekinn,5,Manaba,4,HUMANS,,,,2620,707.6,28.3
2185,1034.45,497.98,34.106,-4.653,48,202,Savanna,60,32,1,1,0,17,3.269,6,Mhekinn,5,Manaba,4,HUMANS,,,,2620,689.1,27.6
2186,1037.1,507.3,34.6096,-6.4245,48,180,Savanna,60,32,1,1,59,71,3.576,6,Mhekinn,5,Manaba,4,HUMANS,,,,2620,656.0,26.2
2187,1056.89,498.21,38.3709,-4.6967,19,312,Marine,10,0,0,0,0,54,0,0,Neutrals,0,,0,Wildlands,,,,,,
2188,1078.98,497.89,42.5693,-4.6359,60,226,Grassland,50,30,1,1,0,9,3.927,6,Mhekinn,8,Kamali,4,HUMANS,,,,2788,766.5,30.7
2189,1074.3,507.8,41.6798,-6.5195,60,204,Grassland,50,30,1,1,0,9,2.793,6,Mhekinn,8,Kamali,4,HUMANS,,,,2788,706.2,28.2
2190,1092.05,502.31,45.0534,-5.476,56,302,Grassland,50,30,1,0,0,3,1.814,6,Mhekinn,8,Kamali,7,GODLINGS,,,,2788,746.9,29.9
2191,1113.15,495.32,49.0636,-4.1474,54,208,Grassland,50,30,1,0,0,2,1.252,6,Mhekinn,8,Kamali,7,GODLINGS,,,,2788,831.5,33.3
2192,1118.58,498.16,50.0956,-4.6872,51,224,Grassland,50,30,1,0,62,61,1.69,6,Mhekinn,8,Kamali,4,HUMANS,,,,2788,843.1,33.7
2193,1140.7,492.76,54.2997,-3.6608,52,301,Savanna,60,32,1,0,0,0,2.125,6,Mhekinn,8,Kamali,4,HUMANS,,,,2299,760.3,30.4
2194,1158.98,493.63,57.774,-3.8262,51,331,Savanna,60,32,1,0,0,0,2.314,6,Mhekinn,8,Kamali,4,HUMANS,,,,2299,636.5,25.5
2195,1171.81,501.35,60.2124,-5.2936,39,252,Grassland,50,30,1,0,0,0,1.929,6,Mhekinn,8,Kamali,7,GODLINGS,,,,2299,508.0,20.3
2196,1199.72,491.69,65.517,-3.4574,50,287,Grassland,50,30,1,0,0,1,2.892,6,Mhekinn,9,Odina,4,HUMANS,,,,2299,359.0,14.4
2197,1213.33,493.39,68.1037,-3.7806,37,247,Grassland,50,30,1,1,97,75,5.904,6,Mhekinn,50,Aravas,4,HUMANS,,,,2299,259.1,10.4
2198,1230.04,491.36,71.2795,-3.3947,54,207,Grassland,50,30,1,1,0,1,3.503,6,Mhekinn,50,Aravas,4,HUMANS,,,,2299,154.5,6.2
2199,1241.6,498.5,73.4766,-4.7518,54,240,Grassland,50,30,1,0,0,1,2.589,6,Mhekinn,50,Aravas,7,GODLINGS,,,,2299,79.7,3.2
2200,1252.06,497.4,75.4646,-4.5428,49,103,Grassland,50,30,1,0,0,4,0.769,6,Mhekinn,50,Aravas,4,HUMANS,,,,2299,45.3,1.8
2201,1261.99,487.28,77.3519,-2.6192,47,142,Grassland,50,30,1,0,0,4,1.015,6,Mhekinn,50,Aravas,7,GODLINGS,,,,2299,111.9,4.5
2202,1273.7,489.2,79.5775,-2.9842,47,232,Grassland,50,30,1,1,0,4,3.497,6,Mhekinn,50,Aravas,7,GODLINGS,,,,2299,153.5,6.1
2203,1257.5,496.4,76.4985,-4.3527,47,160,Grassland,50,30,1,1,0,8,2.321,6,Mhekinn,50,Aravas,4,HUMANS,,,,2299,56.0,2.2
2204,1285.49,491.12,81.8183,-3.3491,49,196,Grassland,50,30,1,0,0,3,1.349,6,Mhekinn,50,Aravas,4,HUMANS,,,,2299,222.5,8.9
2205,1288.6,503.6,82.4094,-5.7212,49,271,Grassland,50,30,1,1,0,3,3.888,6,Mhekinn,50,Aravas,4,HUMANS,,,,2299,273.2,10.9
2206,1300.8,492.62,84.7281,-3.6342,38,315,Grassland,50,30,1,0,0,32,2.299,6,Mhekinn,50,Aravas,4,HUMANS,,,,2299,307.1,12.3
2207,1322.15,491.0,88.7858,-3.3263,36,404,Grassland,50,30,1,0,68,255,4.848,6,Mhekinn,50,Aravas,4,HUMANS,,,,2299,436.9,17.5
2208,1338.12,503.06,91.8211,-5.6186,43,367,Grassland,50,30,1,0,68,260,4.522,6,Mhekinn,50,Aravas,7,GODLINGS,,,,2299,566.2,22.6
2209,1355.09,492.4,95.0463,-3.5924,33,231,Blood Fields,50,0,1,0,68,271,0,13,Blood Fields,10,Aravas,4,HUMANS,,,,1735,625.6,25.0
2210,1368.5,491.3,97.595,-3.3833,33,188,Blood Fields,50,0,1,1,0,7,0,13,Blood Fields,10,Aravas,4,HUMANS,,,,1735,637.6,25.5
2211,1381.84,490.2,100.1304,-3.1742,20,154,Blood Fields,50,0,1,3,0,11,0,13,Blood Fields,10,Aravas,4,HUMANS,,,,1735,711.3,28.5
2212,1381.2,503.9,100.0088,-5.7782,20,261,Blood Fields,50,0,1,2,0,11,0,13,Blood Fields,10,Aravas,4,HUMANS,,,,1735,736.0,29.4
2213,1396.49,494.63,102.9148,-4.0163,10,209,Marine,10,0,0,0,0,0,0,0,Neutrals,0,,0,Wildlands,,,,,,
2214,1408.62,491.49,105.2202,-3.4194,10,489,Marine,10,0,0,0,0,0,0,0,Neutrals,0,,0,Wildlands,,,,,,
2215,1447.61,498.8,112.6306,-4.8089,10,474,Marine,10,0,0,0,0,0,0,0,Neutrals,0,,0,Wildlands,,,,,,
2216,1469.71,500.61,116.8308,-5.1529,100,174,Dragon Tundra,1000,30,1,2,0,65,0.051,7,Dragon Coves,13,S'ven,9,DRAGON RIDGERS,,,,2224,9316.6,372.7
2217,1479.8,500.1,118.7485,-5.056,100,160,Dragon Tundra,1000,30,1,3,0,65,0.102,7,Dragon Coves,13,S'ven,9,DRAGON RIDGERS,,,,2224,8205.2,328.2
2218,1489.91,499.51,120.67,-4.9438,98,127,Dragon Tundra,1000,30,1,1,0,9,0.049,7,Dragon Coves,13,S'ven,9,DRAGON RIDGERS,,,,2224,7035.6,281.4
2219,1499.3,502.6,122.4547,-5.5312,98,125,Dragon Tundra,1000,30,1,1,0,9,0.04,7,Dragon Coves,13,S'ven,9,DRAGON RIDGERS,,,,2224,6145.5,245.8
2220,1503.06,491.56,123.1693,-3.4327,78,203,Dragon Tundra,1000,30,1,0,20,184,0.052,7,Dragon Coves,13,S'ven,9,DRAGON RIDGERS,,,,2224,4500.1,180.0
2221,1520.44,493.63,126.4725,-3.8262,83,191,Dragon Tundra,1000,30,1,0,20,233,0.055,7,Dragon Coves,13,S'ven,9,DRAGON RIDGERS,,,,2224,2574.8,103.0
2222,1532.0,492.4,128.6696,-3.5924,83,229,Dragon Tundra,1000,30,1,1,3,722,0.189,7,Dragon Coves,13,S'ven,9,DRAGON RIDGERS,,,,2224,1296.0,51.8
2223,1519.3,506.6,126.2558,-6.2914,83,224,Dragon Tundra,1000,30,1,1,20,282,0.133,7,Dragon Coves,13,S'ven,9,DRAGON RIDGERS,,,,2224,3391.6,135.7
2224,1543.61,491.19,130.8762,-3.3624,98,151,Dragon Tundra,1000,30,1,0,0,9,0.021,7,Dragon Coves,13,S'ven,9,DRAGON RIDGERS,16,S'ven,345140,2224,0.0,0.0
2225,1552.39,499.82,132.5449,-5.0027,100,284,Dragon Tundra,1000,30,1,5,0,91,0.088,7,Dragon Coves,13,S'ven,9,DRAGON RIDGERS,,,,2224,1421.9,56.9
2226,1579.78,495.3,137.7506,-4.1436,10,185,Marine,10,0,0,0,0,0,0,0,Neutrals,0,,0,Wildlands,,,,,,
2227,1577.4,504.5,137.2982,-5.8923,10,194,Marine,10,0,0,0,0,0,0,0,Neutrals,0,,0,Wildlands,,,,,,
2228,1589.43,499.61,139.5846,-4.9628,10,579,Marine,10,0,0,0,0,0,0,0,Neutrals,0,,0,Wildlands,,,,,,
2229,241.05,520.01,-116.6864,-8.8403,0,191,Marine,10,0,0,0,0,0,0,0,Neutrals,0,,0,Wildlands,,,,,,
2230,262.62,510.51,-112.5868,-7.0346,22,148,Tropical rainforest,80,80,1,0,0,25,8.479,4,Boru,31,Durmingia,4,HUMANS,,,,2141,723.9,29.0
2231,262.3,519.7,-112.6477,-8.7814,22,173,Tropical rainforest,80,80,1,1,0,48,12.69,4,Boru,31,Durmingia,4,HUMANS,,,,2141,753.9,30.2
2232,271.57,511.46,-110.8858,-7.2152,56,285,Tropical rainforest,80,80,1,0,0,2,14.404,4,Boru,31,Durmingia,4,HUMANS,,,,2141,644.7,25.8
2233,291.51,511.23,-107.0961,-7.1715,55,383,Tropical rainforest,80,80,1,0,0,2,19.799,4,Boru,31,Durmingia,4,HUMANS,,,,2141,464.9,18.6
2234,307.27,517.25,-104.1007,-8.3157,67,255,Tropical rainforest,80,80,1,0,0,3,22.232,4,Boru,31,Durmingia,4,HUMANS,,,,2141,316.4,12.7
2235,325.17,513.01,-100.6987,-7.5098,61,265,Tropical rainforest,80,80,1,0,0,10,14.17,4,Boru,31,Durmingia,7,GODLINGS,,,,2141,130.2,5.2
2236,335.3,522.8,-98.7734,-9.3706,61,249,Tropical rainforest,80,80,1,1,0,10,18.312,4,Boru,31,Durmingia,4,HUMANS,,,,2141,232.8,9.3
2237,351.07,516.22,-95.7762,-8.12,10,264,Marine,10,0,0,0,0,0,0,0,Neutrals,0,,0,Wildlands,,,,,,
2238,361.0,514.9,-93.8889,-7.8691,10,151,Marine,10,0,0,0,0,0,0,0,Neutrals,0,,0,Wildlands,,,,,,
2239,370.99,513.66,-91.9902,-7.6334,0,173,Marine,10,0,0,0,0,0,0,0,Neutrals,0,,0,Wildlands,,,,,,
2240,383.97,507.72,-89.5232,-6.5043,0,187,Marine,10,0,0,0,0,0,0,0,Neutrals,0,,0,Wildlands,,,,,,
2241,404.09,518.43,-85.6993,-8.54,47,261,Tropical rainforest,80,80,1,0,0,1,13.572,4,Boru,31,Durmingia,4,HUMANS,,,,2141,960.6,38.4
2242,393.2,523.4,-87.769,-9.4847,47,194,Tropical rainforest,80,80,1,1,0,1,14.828,4,Boru,31,Durmingia,4,HUMANS,,,,2141,855.2,34.2
2243,420.03,513.12,-82.6697,-7.5307,56,315,Tropical rainforest,80,80,1,0,0,1,15.829,4,Boru,31,Durmingia,8,SHIFTERS,,,,2141,1141.7,45.7
2244,444.08,507.09,-78.0988,-6.3846,55,386,Tropical rainforest,80,80,1,0,0,1,33.436,4,Boru,32,Helsteria,4,HUMANS,,,,2141,1359.9,54.4
2245,462.06,510.47,-74.6816,-7.027,50,419,Tropical seasonal forest,70,50,1,0,0,2,14.149,4,Boru,32,Helsteria,4,HUMANS,,,,1968,1491.0,59.6
2246,478.85,517.69,-71.4905,-8.3994,34,371,Tropical seasonal forest,70,50,1,0,0,12,26.008,4,Boru,32,Helsteria,4,HUMANS,,,,1968,1294.0,51.8
2247,492.77,519.5,-68.8449,-8.7434,30,302,Tropical seasonal forest,70,50,1,0,93,306,18.17,4,Boru,32,Helsteria,7,GODLINGS,,,,1968,1205.6,48.2
2248,514.43,505.69,-64.7282,-6.1185,30,389,Volcanic,50,50,1,0,0,12,0.421,2,Cutho,48,Verro,4,HUMANS,,,,1968,995.8,39.8
2249,533.47,519.49,-61.1095,-8.7415,30,342,Grassland,50,30,1,0,0,26,5.298,3,Remoore,36,Taydale,7,GODLINGS,,,,1968,876.1,35.0
2250,549.22,509.92,-58.1161,-6.9225,35,456,Volcanic,50,50,1,0,0,16,0.469,2,Cutho,48,Verro,4,HUMANS,,,,1968,774.8,31.0
2251,567.78,514.11,-54.5886,-7.7189,42,336,Volcanic,50,50,1,0,0,5,0.349,2,Cutho,48,Verro,7,GODLINGS,,,,1968,682.5,27.3
2252,581.65,519.99,-51.9525,-8.8365,44,259,Grassland,50,30,1,0,0,3,1.138,3,Remoore,36,Taydale,7,GODLINGS,,,,1968,632.7,25.3
2253,606.15,514.56,-47.2961,-7.8044,51,266,Volcanic,50,50,1,0,0,1,0.249,2,Cutho,47,Cutho,4,HUMANS,,,,1968,494.7,19.8
2254,616.7,524.1,-45.2909,-9.6177,51,270,Grassland,50,30,1,1,0,1,4.437,3,Remoore,36,Taydale,4,HUMANS,,,,1968,498.9,20.0
2255,614.5,510.1,-45.7091,-6.9567,51,168,Volcanic,50,50,1,0,0,1,0.147,2,Cutho,47,Cutho,4,HUMANS,,,,1968,442.6,17.7
2256,622.84,505.64,-44.124,-6.109,50,198,Volcanic,50,50,1,1,0,14,0.301,2,Cutho,47,Cutho,4,HUMANS,,,,1968,389.3,15.6
2257,633.13,520.43,-42.1683,-8.9202,10,181,Marine,10,0,0,0,0,0,0,0,Neutrals,0,,0,Wildlands,,,,,,
2258,643.6,518.5,-40.1784,-8.5533,10,146,Marine,10,0,0,0,0,0,0,0,Neutrals,0,,0,Wildlands,,,,,,
2259,638.0,528.9,-41.2427,-10.5301,10,106,Marine,10,0,0,0,0,0,0,0,Neutrals,0,,0,Wildlands,,,,,,
2260,653.97,516.63,-38.2075,-8.1979,10,173,Marine,10,0,0,0,0,0,0,0,Neutrals,0,,0,Wildlands,,,,,,
2261,648.4,527.0,-39.2661,-10.169,10,129,Marine,10,0,0,0,0,0,0,0,Neutrals,0,,0,Wildlands,,,,,,
2262,682.26,505.12,-32.8307,-6.0101,10,236,Marine,10,0,0,0,0,0,0,0,Neutrals,0,,0,Wildlands,,,,,,
2263,692.36,514.97,-30.9111,-7.8824,10,185,Marine,10,0,0,0,0,0,0,0,Neutrals,0,,0,Wildlands,,,,,,
2264,698.5,524.7,-29.7442,-9.7318,10,210,Marine,10,0,0,0,0,0,0,0,Neutrals,0,,0,Wildlands,,,,,,
2265,711.28,506.03,-27.3152,-6.1831,33,262,Hot desert,200,20,1,3,0,0,1.1,1,Asra,39,Ading,4,HUMANS,,,,1968,1193.4,47.7
2266,727.33,512.39,-24.2648,-7.392,31,352,Hot desert,200,20,1,2,0,15,1.576,1,Asra,39,Ading,4,HUMANS,,,,1968,1573.2,62.9
2267,740.08,513.19,-21.8415,-7.544,41,322,Hot desert,200,20,1,0,154,36,1.128,1,Asra,39,Ading,7,GODLINGS,,,,1968,1753.4,70.1
2268,762.37,518.35,-17.6051,-8.5248,43,189,Hot desert,200,20,1,0,0,0,2.954,1,Asra,39,Ading,4,HUMANS,,,,1968,2282.0,91.3
2269,779.9,515.55,-14.2734,-7.9926,45,293,Hot desert,200,20,1,0,0,17,1.066,1,Asra,39,Ading,7,GODLINGS,,,,1968,2525.0,101.0
2270,792.91,508.25,-11.8007,-6.6051,49,266,Hot desert,200,20,1,0,0,6,0.901,1,Asra,39,Ading,7,GODLINGS,,,,1968,2759.0,110.4
2271,815.33,510.59,-7.5396,-7.0498,54,301,Hot desert,200,20,1,0,0,0,0.773,1,Asra,39,Ading,7,GODLINGS,,,,2620,3244.5,129.8
2272,829.73,504.92,-4.8028,-5.9721,56,285,Hot desert,200,20,1,0,0,0,0.744,1,Asra,39,Ading,7,GODLINGS,,,,2620,2904.0,116.2
2273,850.6,518.73,-0.8363,-8.597,56,415,Hot desert,200,20,1,0,0,1,5.279,1,Asra,39,Ading,7,GODLINGS,,,,2620,2353.5,94.1
2274,874.14,510.51,3.6377,-7.0346,61,449,Hot desert,200,20,1,0,0,1,1.921,1,Asra,40,Alsia,7,GODLINGS,,,,2620,2150.8,86.0
2275,894.86,511.5,7.5757,-7.2228,75,302,Hot desert,200,20,1,0,0,0,1.048,1,Asra,40,Alsia,7,GODLINGS,,,,2620,1837.1,73.5
2276,909.4,506.01,10.3392,-6.1793,75,354,Hot desert,200,20,1,0,0,0,1.23,1,Asra,40,Alsia,7,GODLINGS,,,,2620,1768.0,70.7
2277,934.72,514.83,15.1515,-7.8558,74,292,Hot desert,200,20,1,0,0,0,0.768,1,Asra,40,Alsia,4,HUMANS,,,,2620,1197.4,47.9
2278,944.23,520.19,16.9589,-8.8746,53,340,Hot desert,200,20,1,0,0,4,0.88,1,Asra,46,Winch,4,HUMANS,,,,2620,831.1,33.2
2279,967.52,510.16,21.3854,-6.9681,61,419,Hot desert,200,20,1,0,0,7,5.397,1,Asra,46,Winch,4,HUMANS,,,,2620,797.6,31.9
2280,979.61,510.58,23.6832,-7.0479,62,247,Savanna,60,32,1,0,0,0,1.083,1,Asra,46,Winch,4,HUMANS,,,,2620,531.4,21.3
2281,995.15,510.64,26.6367,-7.0593,60,292,Savanna,60,32,1,0,0,1,2.53,6,Mhekinn,5,Manaba,4,HUMANS,,,,2620,531.1,21.2
2282,1024.07,515.64,32.1332,-8.0097,55,405,Savanna,60,32,1,0,59,75,11.751,6,Mhekinn,5,Manaba,4,HUMANS,,,,2620,553.9,22.2
2283,1039.69,516.6,35.1019,-8.1922,56,152,Grassland,50,30,1,0,0,1,1.052,6,Mhekinn,5,Manaba,4,HUMANS,,,,2620,599.5,24.0
2284,1049.9,518.2,37.0424,-8.4963,56,188,Grassland,50,30,1,1,0,1,2.566,6,Mhekinn,8,Kamali,7,GODLINGS,,,,2620,605.8,24.2
2285,1060.03,519.84,38.9677,-8.808,58,184,Grassland,50,30,1,1,0,2,2.655,6,Mhekinn,8,Kamali,7,GODLINGS,,,,2788,651.4,26.1
2286,1069.59,517.74,40.7846,-8.4089,58,187,Grassland,50,30,1,1,0,2,2.612,6,Mhekinn,8,Kamali,7,GODLINGS,,,,2788,642.7,25.7
2287,1088.91,517.49,44.4566,-8.3614,57,289,Grassland,50,30,1,0,0,1,2.039,6,Mhekinn,8,Kamali,7,GODLINGS,,,,2788,661.7,26.5
2288,1103.06,513.74,47.1459,-7.6486,52,246,Grassland,50,30,1,0,0,3,1.487,6,Mhekinn,8,Kamali,7,GODLINGS,,,,2788,710.2,28.4
2289,1124.67,512.43,51.2531,-7.3996,41,265,Savanna,60,32,1,0,62,213,3.07,6,Mhekinn,8,Kamali,4,HUMANS,,,,2788,769.7,30.8
2290,1135.38,507.14,53.2886,-6.3941,46,214,Savanna,60,32,1,0,0,1,1.589,6,Mhekinn,8,Kamali,4,HUMANS,,,,2299,754.4,30.2
2291,1138.5,520.6,53.8816,-8.9525,46,237,Savanna,60,32,1,1,92,225,5.682,6,Mhekinn,8,Kamali,4,HUMANS,,,,2299,762.7,30.5
2292,1151.9,511.1,56.4284,-7.1468,46,284,Savanna,60,32,1,1,0,1,4.51,6,Mhekinn,8,Kamali,7,GODLINGS,,,,2299,642.3,25.7
2293,1168.45,515.14,59.5738,-7.9147,44,237,Grassland,50,30,1,1,0,15,3.944,6,Mhekinn,7,Ziracurny,7,GODLINGS,,,,2299,524.2,21.0
2294,1172.6,526.2,60.3626,-10.0169,44,254,Grassland,50,30,1,1,0,10,7.858,6,Mhekinn,7,Ziracurny,4,HUMANS,,,,2299,538.1,21.5
2295,1186.96,506.04,63.0918,-6.185,52,196,Grassland,50,30,1,0,0,1,1.125,6,Mhekinn,7,Ziracurny,4,HUMANS,,,,2299,420.8,16.8
2296,1189.54,508.46,63.5822,-6.645,42,309,Grassland,50,30,1,0,0,13,2.892,6,Mhekinn,7,Ziracurny,4,HUMANS,,,,2299,396.4,15.9
2297,1218.64,511.08,69.1129,-7.143,46,389,Grassland,50,30,1,0,97,68,14.503,6,Mhekinn,7,Ziracurny,7,GODLINGS,,,,2299,235.7,9.4
2298,1229.96,520.26,71.2643,-8.8879,49,180,Grassland,50,30,1,0,0,2,2.597,6,Mhekinn,50,Aravas,4,HUMANS,,,,2299,166.7,6.7
2299,1253.08,505.58,75.6585,-6.0976,51,167,Grassland,50,30,1,1,0,5,2.658,6,Mhekinn,50,Aravas,4,HUMANS,6,Aravas,853855,2299,0.0,0.0
2300,1248.8,515.6,74.845,-8.0021,51,214,Grassland,50,30,1,1,0,5,9.27,6,Mhekinn,50,Aravas,4,HUMANS,,,,2299,59.9,2.4
2301,1267.54,519.48,78.4067,-8.7396,0,392,Marine,10,0,0,0,0,119,0,0,Neutrals,0,,0,Wildlands,,,,,,
2302,1291.69,516.07,82.9966,-8.0914,44,198,Grassland,50,30,1,1,68,128,4.193,6,Mhekinn,50,Aravas,4,HUMANS,,,,2299,355.9,14.2
2303,1302.31,512.74,85.0151,-7.4585,40,257,Grassland,50,30,1,0,68,210,2.894,6,Mhekinn,50,Aravas,4,HUMANS,,,,2299,375.8,15.0
2304,1318.7,519.64,88.1301,-8.77,46,286,Grassland,50,30,1,0,0,3,5.837,6,Mhekinn,50,Aravas,4,HUMANS,,,,2299,488.3,19.5
2305,1348.1,508.38,93.7178,-6.6298,42,246,Grassland,50,30,1,0,0,4,1.734,6,Mhekinn,50,Aravas,7,GODLINGS,,,,2299,628.4,25.1
2306,1358.31,506.86,95.6583,-6.3409,28,263,Grassland,50,30,1,0,68,281,3.168,6,Mhekinn,50,Aravas,4,HUMANS,,,,2299,697.2,27.9
2307,1380.52,517.5,99.8795,-8.3633,20,275,Grassland,50,30,1,4,68,294,4.806,6,Mhekinn,50,Aravas,4,HUMANS,,,,1735,822.9,32.9
2308,1366.3,525.0,97.1769,-9.7888,20,300,Grassland,50,30,1,1,167,243,6.681,6,Mhekinn,50,Aravas,4,HUMANS,,,,2299,776.0,31.0
2309,1401.24,508.15,103.8175,-6.5861,10,193,Marine,10,0,0,0,0,0,0,0,Neutrals,0,,0,Wildlands,,,,,,
2310,1400.3,518.8,103.6389,-8.6103,10,180,Marine,10,0,0,0,0,0,0,0,Neutrals,0,,0,Wildlands,,,,,,
2311,1409.94,513.07,105.4711,-7.5212,10,321,Marine,10,0,0,0,0,0,0,0,Neutrals,0,,0,Wildlands,,,,,,
2312,1429.08,520.36,109.1088,-8.9069,10,705,Marine,10,0,0,0,0,0,0,0,Neutrals,0,,0,Wildlands,,,,,,
2313,1459.61,508.07,114.9113,-6.5709,10,304,Marine,10,0,0,0,0,0,0,0,Neutrals,0,,0,Wildlands,,,,,,
2314,1468.8,517.7,116.6579,-8.4013,10,296,Marine,10,0,0,0,0,0,0,0,Neutrals,0,,0,Wildlands,,,,,,
2315,1492.47,514.03,121.1566,-7.7037,8,199,Marine,10,0,0,0,0,0,0,0,Neutrals,0,,0,Wildlands,,,,,,
2316,1485.3,520.7,119.7939,-8.9715,8,138,Marine,10,0,0,0,0,0,0,0,Neutrals,0,,0,Wildlands,,,,,,
2317,1508.72,505.63,124.245,-6.1071,100,185,Dragon Tundra,1000,30,1,2,0,10,0.034,7,Dragon Coves,13,S'ven,9,DRAGON RIDGERS,,,,2224,5057.0,202.3
2318,1518.06,519.47,126.0202,-8.7377,88,206,Dragon Tundra,1000,30,1,4,0,29,0.036,7,Dragon Coves,13,S'ven,9,DRAGON RIDGERS,,,,2224,4991.6,199.7
2319,1541.86,518.78,130.5436,-8.6065,10,305,Marine,10,0,0,0,0,0,0,0,Neutrals,0,,0,Wildlands,,,,,,
2320,1550.25,518.91,132.1382,-8.6313,10,178,Marine,10,0,0,0,0,0,0,0,Neutrals,0,,0,Wildlands,,,,,,
2321,1562.7,516.3,134.5044,-8.1352,10,246,Marine,10,0,0,0,0,0,0,0,Neutrals,0,,0,Wildlands,,,,,,
2322,1575.11,513.72,136.863,-7.6448,10,205,Marine,10,0,0,0,0,0,0,0,Neutrals,0,,0,Wildlands,,,,,,
2323,223.27,530.6,-120.0656,-10.8532,0,1335,Marine,10,0,0,0,0,0,0,0,Neutrals,0,,0,Wildlands,,,,,,
2324,239.7,525.48,-116.943,-9.88,0,144,Marine,10,0,0,0,0,0,0,0,Neutrals,0,,0,Wildlands,,,,,,
2325,243.5,534.5,-116.2208,-11.5945,0,209,Marine,10,0,0,0,0,0,0,0,Neutrals,0,,0,Wildlands,,,,,,
2326,262.02,528.85,-112.7009,-10.5206,20,218,Tropical rainforest,80,80,1,4,0,9,14.047,4,Boru,31,Durmingia,4,HUMANS,,,,2141,833.1,33.3
2327,276.66,535.8,-109.9184,-11.8416,56,368,Tropical rainforest,80,80,1,0,0,1,19.87,4,Boru,31,Durmingia,4,HUMANS,,,,2141,690.5,27.6
2328,302.95,528.26,-104.9218,-10.4084,45,296,Tropical rainforest,80,80,1,0,0,1,16.341,4,Boru,31,Durmingia,4,HUMANS,,,,2141,383.7,15.3
2329,310.38,528.43,-103.5096,-10.4408,55,228,Tropical rainforest,80,80,1,0,0,13,11.248,4,Boru,31,Durmingia,4,HUMANS,,,,2141,318.3,12.7
2330,328.86,537.58,-99.9974,-12.1799,44,192,Tropical rainforest,80,80,1,0,0,24,10.424,4,Boru,31,Durmingia,4,HUMANS,,,,2141,374.7,15.0
2331,345.37,532.49,-96.8595,-11.2125,44,189,Tropical rainforest,80,80,1,1,0,72,15.065,4,Boru,31,Durmingia,4,HUMANS,,,,2141,355.8,14.2
2332,356.3,534.1,-94.7822,-11.5185,44,151,Tropical rainforest,80,80,1,2,0,29,21.173,4,Boru,31,Durmingia,4,HUMANS,,,,2141,453.0,18.1
2333,367.24,535.68,-92.7029,-11.8188,59,249,Tropical rainforest,80,80,1,2,0,10,18.139,4,Boru,31,Durmingia,4,HUMANS,,,,2141,586.8,23.5
2334,382.4,528.45,-89.8216,-10.4446,41,297,Tropical rainforest,80,80,1,2,0,22,33.815,4,Boru,31,Durmingia,7,GODLINGS,,,,2141,734.6,29.4
2335,400.65,537.14,-86.3531,-12.0963,44,439,Tropical rainforest,80,80,1,0,0,2,47.449,4,Boru,31,Durmingia,4,HUMANS,,,,2141,925.8,37.0
2336,425.14,526.37,-81.6985,-10.0492,47,422,Tropical rainforest,80,80,1,0,0,2,27.077,4,Boru,32,Helsteria,8,SHIFTERS,,,,2141,1158.6,46.3
2337,441.36,536.72,-78.6158,-12.0165,42,318,Tropical rainforest,80,80,1,0,0,9,21.339,4,Boru,32,Helsteria,7,GODLINGS,,,,2141,1327.9,53.1
2338,451.91,534.34,-76.6107,-11.5641,41,413,Tropical seasonal forest,70,50,1,0,0,4,14.251,4,Boru,32,Helsteria,4,HUMANS,,,,2141,1411.2,56.4
2339,482.45,536.52,-70.8063,-11.9785,31,249,Tropical seasonal forest,70,50,1,0,207,93,10.098,4,Boru,32,Helsteria,4,HUMANS,,,,1968,1329.7,53.2
2340,493.27,531.76,-68.7499,-11.0737,27,217,Tropical seasonal forest,70,50,1,0,207,114,8.998,4,Boru,32,Helsteria,7,GODLINGS,,,,1968,1229.6,49.2
2341,512.61,534.65,-65.0741,-11.623,30,346,Tropical seasonal forest,70,50,1,0,93,189,6.272,3,Remoore,36,Taydale,7,GODLINGS,,,,1968,1079.0,43.2
2342,528.42,530.75,-62.0693,-10.8817,30,288,Grassland,50,30,1,0,0,10,1.597,3,Remoore,36,Taydale,4,HUMANS,,,,1968,941.6,37.7
2343,543.57,534.34,-59.1899,-11.5641,32,309,Grassland,50,30,1,0,0,24,1.373,3,Remoore,36,Taydale,4,HUMANS,,,,1968,856.0,34.2
2344,572.17,531.29,-53.7542,-10.9844,36,257,Grassland,50,30,1,0,0,9,1.223,3,Remoore,36,Taydale,4,HUMANS,,,,1968,713.8,28.6
2345,577.34,530.25,-52.7716,-10.7867,36,171,Grassland,50,30,1,0,0,3,0.784,3,Remoore,36,Taydale,4,HUMANS,,,,1968,691.7,27.7
2346,594.94,528.86,-49.4266,-10.5225,41,333,Grassland,50,30,1,0,0,2,1.491,3,Remoore,36,Taydale,4,HUMANS,,,,1968,594.6,23.8
2347,627.23,533.58,-43.2896,-11.4196,39,237,Grassland,50,30,1,4,0,3,1.584,3,Remoore,36,Taydale,4,HUMANS,,,,1968,576.9,23.1
2348,642.8,537.42,-40.3304,-12.1495,10,160,Marine,10,0,0,0,0,0,0,0,Neutrals,0,,0,Wildlands,,,,,,
2349,660.81,523.76,-36.9075,-9.5531,10,334,Marine,10,0,0,0,0,0,0,0,Neutrals,0,,0,Wildlands,,,,,,
2350,687.44,527.36,-31.8462,-10.2374,10,364,Marine,10,0,0,0,0,0,0,0,Neutrals,0,,0,Wildlands,,,,,,
2351,704.7,534.4,-28.5658,-11.5755,10,205,Marine,10,0,0,0,0,0,0,0,Neutrals,0,,0,Wildlands,,,,,,
2352,715.9,540.4,-26.4371,-12.7159,10,294,Marine,10,0,0,0,0,0,0,0,Neutrals,0,,0,Wildlands,,,,,,
2353,736.13,524.92,-22.5923,-9.7736,28,228,Hot desert,200,20,1,3,154,39,4.126,1,Asra,39,Ading,7,GODLINGS,,,,1968,1922.1,76.9
2354,741.78,531.37,-21.5184,-10.9996,38,147,Hot desert,200,20,1,2,0,3,0.655,1,Asra,39,Ading,4,HUMANS,,,,1968,2157.9,86.3
2355,753.3,527.4,-19.3289,-10.245,38,200,Hot desert,200,20,1,1,0,3,1.493,1,Asra,39,Ading,4,HUMANS,,,,1968,2180.4,87.2
2356,764.77,523.42,-17.149,-9.4885,38,145,Hot desert,200,20,1,0,0,0,0.607,1,Asra,39,Ading,4,HUMANS,,,,1968,2405.4,96.2
2357,767.5,536.1,-16.6301,-11.8986,38,265,Hot desert,200,20,1,2,0,0,3.828,1,Asra,39,Ading,4,HUMANS,,,,1968,2546.8,101.9
2358,790.94,535.65,-12.1751,-11.8131,37,317,Hot desert,200,20,1,0,225,32,1.107,1,Asra,39,Ading,4,HUMANS,,,,1968,3041.5,121.7
2359,805.23,538.04,-9.4592,-12.2674,26,254,Hot desert,200,20,1,0,0,3,1.357,1,Asra,39,Ading,7,GODLINGS,71,Inim,1733831,2620,3163.1,126.5
2360,816.32,525.61,-7.3515,-9.9048,47,348,Hot desert,200,20,1,0,0,0,1.195,1,Asra,39,Ading,4,HUMANS,,,,2620,2970.8,118.8
2361,830.29,536.58,-4.6963,-11.9899,56,380,Hot desert,200,20,1,0,0,1,1.362,1,Asra,39,Ading,7,GODLINGS,,,,2620,2580.1,103.2
2362,859.63,529.08,0.88,-10.5643,62,305,Hot desert,200,20,1,0,0,0,0.815,1,Asra,39,Ading,7,GODLINGS,,,,2620,2051.3,82.1
2363,874.03,533.27,3.6168,-11.3607,67,254,Hot desert,200,20,1,0,0,1,0.689,1,Asra,39,Ading,7,GODLINGS,,,,2620,1857.4,74.3
2364,889.57,532.22,6.5703,-11.1611,77,329,Hot desert,200,20,1,0,0,1,4.205,1,Asra,39,Ading,4,HUMANS,,,,2620,1564.8,62.6
2365,908.02,528.78,10.0769,-10.5073,65,352,Hot desert,200,20,1,0,0,19,1.233,1,Asra,40,Alsia,4,HUMANS,,,,2620,1239.7,49.6
2366,927.62,526.39,13.802,-10.053,59,281,Hot desert,200,20,1,0,0,8,3.772,1,Asra,40,Alsia,4,HUMANS,,,,2620,926.0,37.0
2367,942.09,534.23,16.5522,-11.5432,54,319,Savanna,60,32,1,0,0,8,2.665,6,Mhekinn,5,Manaba,4,HUMANS,,,,2620,518.7,20.7
2368,966.3,531.61,21.1535,-11.0452,56,349,Savanna,60,32,1,0,0,19,2.524,6,Mhekinn,5,Manaba,4,HUMANS,,,,2620,414.7,16.6
2369,986.61,524.6,25.0136,-9.7128,58,265,Savanna,60,32,1,0,0,2,1.959,6,Mhekinn,5,Manaba,4,HUMANS,,,,2620,417.7,16.7
2370,999.33,527.64,27.4311,-10.2906,54,376,Savanna,60,32,1,0,0,5,3.122,6,Mhekinn,5,Manaba,7,GODLINGS,,,,2620,415.3,16.6
2371,1019.51,538.79,31.2665,-12.4099,43,440,Grassland,50,30,1,0,59,104,4.333,6,Mhekinn,5,Manaba,4,HUMANS,,,,2620,351.5,14.1
2372,1041.31,529.74,35.4098,-10.6898,57,342,Grassland,50,30,1,0,0,5,2.524,6,Mhekinn,5,Manaba,7,GODLINGS,,,,2620,526.7,21.1
2373,1059.06,536.84,38.7833,-12.0393,57,201,Grassland,50,30,1,0,0,5,1.531,6,Mhekinn,8,Kamali,4,HUMANS,,,,2788,555.4,22.2
2374,1071.08,533.44,41.0678,-11.393,57,205,Grassland,50,30,1,0,0,5,5.589,6,Mhekinn,8,Kamali,4,HUMANS,,,,2788,553.8,22.2
2375,1083.35,537.32,43.3999,-12.1305,46,254,Grassland,50,30,1,0,92,107,2.543,6,Mhekinn,8,Kamali,4,HUMANS,,,,2788,517.2,20.7
2376,1106.81,524.79,47.8586,-9.7489,38,309,Grassland,50,30,1,0,92,139,3.046,6,Mhekinn,8,Kamali,4,HUMANS,,,,2788,623.5,24.9
2377,1120.41,533.38,50.4434,-11.3816,49,384,Grassland,50,30,1,0,0,10,2.8,6,Mhekinn,8,Kamali,4,HUMANS,,,,2788,616.6,24.7
2378,1141.61,534.01,54.4727,-11.5014,52,267,Grassland,50,30,1,1,0,13,4.603,6,Mhekinn,7,Ziracurny,7,GODLINGS,,,,2788,693.3,27.7
2379,1155.15,529.08,57.0461,-10.5643,0,238,Marine,10,0,0,0,0,243,0,0,Neutrals,0,,0,Wildlands,,,,,,
2380,1176.67,537.27,61.1361,-12.121,48,284,Grassland,50,30,1,0,0,9,2.075,6,Mhekinn,7,Ziracurny,7,GODLINGS,,,,2299,532.9,21.3
2381,1165.1,540.7,58.9371,-12.773,48,256,Grassland,50,30,1,1,0,9,4.932,6,Mhekinn,7,Ziracurny,7,GODLINGS,,,,2299,599.3,24.0
2382,1202.42,528.61,66.0301,-10.475,51,357,Grassland,50,30,1,0,0,11,3.021,6,Mhekinn,7,Ziracurny,4,HUMANS,,,,2299,383.5,15.3
2383,1208.1,532.96,67.1096,-11.3018,27,219,Grassland,50,30,1,0,97,37,2.672,6,Mhekinn,7,Ziracurny,4,HUMANS,,,,2299,320.7,12.8
2384,1228.06,523.47,70.9032,-9.498,45,273,Grassland,50,30,1,0,0,15,2.708,6,Mhekinn,50,Aravas,4,HUMANS,,,,2299,187.2,7.5
2385,1244.52,525.63,74.0316,-9.9086,47,222,Wetland,150,10,1,0,74,40,1.083,6,Mhekinn,50,Aravas,4,HUMANS,,,,2299,251.9,10.1
2386,1252.7,533.5,75.5863,-11.4044,47,186,Wetland,150,10,1,2,68,40,2.829,6,Mhekinn,50,Aravas,4,HUMANS,,,,2299,374.2,15.0
2387,1265.32,534.73,77.9848,-11.6382,0,166,Marine,10,0,0,0,0,0,0,0,Neutrals,0,,0,Wildlands,,,,,,
2388,1288.42,528.35,82.3751,-10.4256,53,248,Grassland,50,30,1,2,0,19,8.694,6,Mhekinn,50,Aravas,4,HUMANS,,,,2299,441.5,17.7
2389,1303.58,525.08,85.2564,-9.804,40,321,Grassland,50,30,1,0,0,77,2.998,6,Mhekinn,50,Aravas,4,HUMANS,,,,2299,437.9,17.5
2390,1325.27,524.04,89.3788,-9.6063,45,372,Grassland,50,30,1,0,0,21,2.749,6,Mhekinn,50,Aravas,4,HUMANS,,,,2299,531.8,21.3
2391,1344.74,531.17,93.0792,-10.9616,43,245,Grassland,50,30,1,0,0,23,1.763,6,Mhekinn,50,Aravas,4,HUMANS,,,,2299,645.8,25.8
2392,1352.03,532.5,94.4648,-11.2144,20,169,Wetland,150,10,1,0,0,53,0.602,6,Mhekinn,50,Aravas,4,HUMANS,,,,2299,768.1,30.7
2393,1354.3,542.3,94.8962,-13.0771,20,158,Wetland,150,10,1,0,167,173,0.906,6,Mhekinn,50,Aravas,7,GODLINGS,,,,2299,899.9,36.0
2394,1379.29,536.64,99.6458,-12.0013,10,156,Marine,10,0,0,0,0,0,0,0,Neutrals,0,,0,Wildlands,,,,,,
2395,1389.3,533.1,101.5482,-11.3284,10,178,Marine,10,0,0,0,0,0,0,0,Neutrals,0,,0,Wildlands,,,,,,
2396,1399.37,529.55,103.4621,-10.6536,10,145,Marine,10,0,0,0,0,0,0,0,Neutrals,0,,0,Wildlands,,,,,,
2397,1405.7,536.95,104.6652,-12.0602,10,457,Marine,10,0,0,0,0,0,0,0,Neutrals,0,,0,Wildlands,,,,,,
2398,1449.49,536.74,112.9879,-12.0203,10,947,Marine,10,0,0,0,0,0,0,0,Neutrals,0,,0,Wildlands,,,,,,
2399,1478.07,527.32,118.4197,-10.2298,10,244,Marine,10,0,0,0,0,0,0,0,Neutrals,0,,0,Wildlands,,,,,,
2400,1490.2,528.1,120.7251,-10.378,10,253,Marine,10,0,0,0,0,0,0,0,Neutrals,0,,0,Wildlands,,,,,,
2401,1502.33,528.97,123.0306,-10.5434,10,283,Marine,10,0,0,0,0,0,0,0,Neutrals,0,,0,Wildlands,,,,,,
2402,1515.4,529.0,125.5146,-10.5491,10,221,Marine,10,0,0,0,0,0,0,0,Neutrals,0,,0,Wildlands,,,,,,
2403,1528.39,529.03,127.9835,-10.5548,10,271,Marine,10,0,0,0,0,0,0,0,Neutrals,0,,0,Wildlands,,,,,,
2404,1554.73,533.58,132.9896,-11.4196,10,858,Marine,10,0,0,0,0,0,0,0,Neutrals,0,,0,Wildlands,,,,,,
2405,1576.79,528.35,137.1823,-10.4256,10,761,Marine,10,0,0,0,0,0,0,0,Neutrals,0,,0,Wildlands,,,,,,
2406,1589.43,528.46,139.5846,-10.4465,10,7317,Marine,10,0,0,0,0,0,0,0,Neutrals,0,,0,Wildlands,,,,,,
2407,221.44,548.51,-120.4135,-14.2574,0,7388,Marine,10,0,0,0,0,0,0,0,Neutrals,0,,0,Wildlands,,,,,,
2408,247.24,543.45,-115.5099,-13.2957,0,274,Marine,10,0,0,0,0,0,0,0,Neutrals,0,,0,Wildlands,,,,,,
2409,252.1,558.0,-114.5863,-16.0612,0,249,Marine,10,0,0,0,0,0,0,0,Neutrals,0,,0,Wildlands,,,,,,
2410,266.97,542.54,-111.7601,-13.1227,28,171,Tropical rainforest,80,80,1,2,253,40,20.901,4,Boru,31,Durmingia,4,HUMANS,,,,2141,806.4,32.3
2411,272.4,553.8,-110.7281,-15.2629,28,265,Tropical rainforest,80,80,1,2,0,11,15.269,4,Boru,31,Durmingia,4,HUMANS,,,,2141,853.3,34.1
2412,271.87,542.39,-110.8288,-13.0942,20,103,Tropical rainforest,80,80,1,0,253,30,11.645,4,Boru,31,Durmingia,4,HUMANS,,,,2141,774.2,31.0
2413,301.12,551.39,-105.2696,-14.8049,74,469,Tropical rainforest,80,80,1,0,0,1,41.375,4,Boru,31,Durmingia,7,GODLINGS,,,,2141,639.6,25.6
2414,320.46,545.06,-101.5939,-13.6017,48,320,Tropical rainforest,80,80,1,0,0,5,29.683,4,Boru,31,Durmingia,4,HUMANS,,,,2141,483.6,19.3
2415,336.4,543.04,-98.5643,-13.2177,42,284,Tropical rainforest,80,80,1,0,0,21,15.635,4,Boru,31,Durmingia,4,HUMANS,,,,2141,456.6,18.3
2416,357.7,542.3,-94.5161,-13.0771,65,212,Tropical rainforest,80,80,1,0,0,2,11.767,4,Boru,31,Durmingia,4,HUMANS,,,,2141,564.7,22.6
2417,365.73,552.07,-92.9899,-14.9341,62,305,Tropical rainforest,80,80,1,0,0,4,30.405,4,Boru,31,Durmingia,4,HUMANS,,,,2141,676.0,27.0
2418,382.37,554.67,-89.8273,-15.4283,56,402,Tropical rainforest,80,80,1,0,0,9,21.661,4,Boru,31,Durmingia,4,HUMANS,,,,2141,800.5,32.0
2419,411.88,556.97,-84.2187,-15.8655,38,278,Tropical rainforest,80,80,1,0,207,41,18.255,4,Boru,32,Helsteria,7,GODLINGS,,,,2141,1072.9,42.9
2420,422.59,552.75,-82.1832,-15.0634,38,347,Tropical rainforest,80,80,1,0,207,53,50.021,4,Boru,32,Helsteria,4,HUMANS,,,,2141,1174.2,47.0
2421,438.56,554.32,-79.148,-15.3618,38,286,Tropical seasonal forest,70,50,1,0,207,68,12.748,4,Boru,32,Helsteria,7,GODLINGS,,,,2141,1297.8,51.9
2422,463.7,550.12,-74.3699,-14.5635,36,239,Tropical seasonal forest,70,50,1,0,207,74,8.734,4,Boru,32,Helsteria,4,HUMANS,28,Vomo,370370,2141,1494.1,59.8
2423,473.54,550.27,-72.4997,-14.592,41,253,Tropical seasonal forest,70,50,1,0,0,6,21.499,4,Boru,32,Helsteria,4,HUMANS,,,,1968,1485.9,59.4
2424,488.08,541.68,-69.7363,-12.9592,32,264,Tropical seasonal forest,70,50,1,0,0,16,20.369,4,Boru,32,Helsteria,4,HUMANS,,,,1968,1326.6,53.1
2425,512.51,548.02,-65.0931,-14.1643,31,354,Tropical seasonal forest,70,50,1,0,93,187,3.388,3,Remoore,36,Taydale,4,HUMANS,,,,1968,1139.0,45.6
2426,538.1,550.99,-60.2295,-14.7288,35,309,Grassland,50,30,1,0,0,7,1.368,3,Remoore,36,Taydale,4,HUMANS,,,,1968,951.4,38.1
2427,549.68,543.87,-58.0287,-13.3755,36,206,Grassland,50,30,1,0,0,3,0.942,3,Remoore,36,Taydale,4,HUMANS,,,,1968,876.6,35.1
2428,561.02,545.11,-55.8734,-13.6112,37,407,Grassland,50,30,1,0,0,4,1.853,3,Remoore,36,Taydale,4,HUMANS,44,Dywer,348089,1968,813.9,32.6
2429,591.71,546.04,-50.0405,-13.788,37,441,Grassland,50,30,1,0,191,32,5.859,3,Remoore,36,Taydale,4,HUMANS,,,,1968,702.7,28.1
2430,609.75,553.72,-46.6118,-15.2477,35,189,Grassland,50,30,1,0,0,3,2.597,3,Remoore,36,Taydale,4,HUMANS,,,,1968,689.9,27.6
2431,616.39,547.62,-45.3499,-14.0883,37,276,Grassland,50,30,1,1,191,44,5.608,3,Remoore,36,Taydale,4,HUMANS,45,Heigate,824643,1968,640.3,25.6
2432,617.0,558.2,-45.2339,-16.0993,37,172,Grassland,50,30,1,1,0,7,2.115,3,Remoore,36,Taydale,4,HUMANS,,,,1968,698.6,27.9
2433,640.27,554.01,-40.8113,-15.3029,10,283,Marine,10,0,0,0,0,0,0,0,Neutrals,0,,0,Wildlands,,,,,,
2434,648.1,547.6,-39.3231,-14.0845,10,151,Marine,10,0,0,0,0,0,0,0,Neutrals,0,,0,Wildlands,,,,,,
2435,655.85,541.1,-37.8501,-12.849,10,218,Marine,10,0,0,0,0,0,0,0,Neutrals,0,,0,Wildlands,,,,,,
2436,672.5,545.49,-34.6857,-13.6834,10,417,Marine,10,0,0,0,0,0,0,0,Neutrals,0,,0,Wildlands,,,,,,
2437,703.61,543.08,-28.773,-13.2253,10,384,Marine,10,0,0,0,0,0,0,0,Neutrals,0,,0,Wildlands,,,,,,
2438,727.0,546.35,-24.3275,-13.8469,10,283,Marine,10,0,0,0,0,0,0,0,Neutrals,0,,0,Wildlands,,,,,,
2439,737.9,544.5,-22.2558,-13.4952,10,189,Marine,10,0,0,0,0,0,0,0,Neutrals,0,,0,Wildlands,,,,,,
2440,748.82,542.64,-20.1804,-13.1417,10,161,Marine,10,0,0,0,0,0,0,0,Neutrals,0,,0,Wildlands,,,,,,
2441,751.7,551.3,-19.633,-14.7878,10,175,Marine,10,0,0,0,0,0,0,0,Neutrals,0,,0,Wildlands,,,,,,
2442,770.23,548.86,-16.1113,-14.324,24,282,Hot desert,200,20,1,4,0,0,1.457,1,Asra,39,Ading,4,HUMANS,,,,1968,2833.9,113.4
2443,787.35,545.85,-12.8575,-13.7518,23,211,Hot desert,200,20,1,1,0,13,1.825,1,Asra,39,Ading,4,HUMANS,,,,1968,3033.3,121.3
2444,795.8,551.0,-11.2515,-14.7307,23,160,Hot desert,200,20,1,2,225,48,1.354,1,Asra,39,Ading,7,GODLINGS,,,,1968,3263.0,130.5
2445,804.3,556.08,-9.636,-15.6963,24,140,Hot desert,200,20,1,1,0,4,3.35,1,Asra,39,Ading,7,GODLINGS,,,,2620,3203.9,128.2
2446,813.9,558.1,-7.8114,-16.0803,24,159,Hot desert,200,20,1,2,0,4,1.076,1,Asra,39,Ading,7,GODLINGS,,,,2620,2991.5,119.7
2447,817.24,546.12,-7.1766,-13.8032,41,214,Hot desert,200,20,1,0,0,2,3.411,1,Asra,39,Ading,7,GODLINGS,,,,2620,2844.6,113.8
2448,833.82,550.95,-4.0254,-14.7212,62,274,Hot desert,200,20,1,0,0,1,0.947,1,Asra,39,Ading,7,GODLINGS,,,,2620,2464.7,98.6
2449,852.9,546.73,-0.3991,-13.9191,63,424,Hot desert,200,20,1,0,0,1,5.854,1,Asra,39,Ading,4,HUMANS,,,,2620,2034.8,81.4
2450,873.22,545.25,3.4629,-13.6378,66,308,Hot desert,200,20,1,0,0,1,1.114,1,Asra,39,Ading,4,HUMANS,,,,2620,1586.6,63.5
2451,898.94,546.4,8.3512,-13.8564,57,182,Hot desert,200,20,1,0,0,10,0.653,1,Asra,39,Ading,4,HUMANS,,,,2620,1004.0,40.2
2452,906.2,559.1,9.731,-16.2703,57,289,Savanna,60,32,1,2,0,10,2.48,6,Mhekinn,5,Manaba,4,HUMANS,,,,2620,682.1,27.3
2453,886.8,556.4,6.0439,-15.7571,57,262,Hot desert,200,20,1,1,0,11,1.712,1,Asra,39,Ading,4,HUMANS,,,,2620,1113.1,44.5
2454,905.01,545.76,9.5048,-13.7347,43,190,Hot desert,200,20,1,0,0,23,3.219,1,Asra,39,Ading,4,HUMANS,,,,2620,976.8,39.1
2455,924.1,541.7,13.133,-12.963,48,340,Savanna,60,32,1,0,78,60,3.22,6,Mhekinn,5,Manaba,4,HUMANS,,,,2620,593.1,23.7
2456,939.34,551.76,16.0295,-14.8752,50,278,Savanna,60,32,1,0,0,3,6.931,6,Mhekinn,5,Manaba,4,HUMANS,,,,2620,460.5,18.4
2457,966.81,542.51,21.2504,-13.117,51,358,Savanna,60,32,1,0,0,8,3.046,6,Mhekinn,5,Manaba,4,HUMANS,,,,2620,333.7,13.3
2458,986.96,543.17,25.0801,-13.2424,47,310,Savanna,60,32,1,0,0,25,2.227,6,Mhekinn,5,Manaba,7,GODLINGS,,,,2620,261.4,10.5
2459,996.74,553.53,26.9389,-15.2116,39,312,Grassland,50,30,1,0,59,119,2.921,6,Mhekinn,5,Manaba,7,GODLINGS,,,,2620,187.4,7.5
2460,1020.68,554.58,31.4889,-15.4112,50,231,Savanna,60,32,1,0,0,3,1.887,6,Mhekinn,5,Manaba,7,GODLINGS,,,,2620,273.8,11.0
2461,1034.28,556.13,34.0737,-15.7058,48,351,Savanna,60,32,1,0,0,13,7.583,6,Mhekinn,5,Manaba,7,GODLINGS,,,,2620,355.7,14.2
2462,1054.97,545.71,38.006,-13.7252,41,308,Grassland,50,30,1,0,0,22,2.147,6,Mhekinn,8,Kamali,4,HUMANS,,,,2788,480.2,19.2
2463,1076.12,547.57,42.0257,-14.0788,45,317,Grassland,50,30,1,0,92,66,2.717,6,Mhekinn,8,Kamali,4,HUMANS,,,,2788,446.5,17.9
2464,1090.52,548.77,44.7626,-14.3069,43,245,Grassland,50,30,1,0,0,10,1.719,6,Mhekinn,8,Kamali,4,HUMANS,,,,2788,460.4,18.4
2465,1101.24,547.78,46.8,-14.1187,48,410,Grassland,50,30,1,0,0,8,2.967,6,Mhekinn,8,Kamali,7,GODLINGS,,,,2788,481.4,19.3
2466,1126.48,554.66,51.5971,-15.4264,48,413,Grassland,50,30,1,0,0,16,3.061,6,Mhekinn,7,Ziracurny,4,HUMANS,,,,2788,538.4,21.5
2467,1144.65,551.78,55.0504,-14.879,51,250,Grassland,50,30,1,0,0,7,4.973,6,Mhekinn,7,Ziracurny,4,HUMANS,,,,2788,633.1,25.3
2468,1153.56,544.16,56.7439,-13.4306,42,214,Grassland,50,30,1,1,92,257,8.759,6,Mhekinn,7,Ziracurny,4,HUMANS,,,,2299,677.6,27.1
2469,1186.76,552.79,63.0538,-15.071,50,307,Grassland,50,30,1,0,0,8,2.234,6,Mhekinn,7,Ziracurny,4,HUMANS,,,,2299,526.0,21.0
2470,1199.43,547.72,65.4618,-14.1073,49,269,Grassland,50,30,1,0,0,9,1.995,6,Mhekinn,7,Ziracurny,7,GODLINGS,,,,2299,449.0,18.0
2471,1214.01,545.65,68.2329,-13.7138,31,351,Grassland,50,30,1,0,0,42,7.902,6,Mhekinn,7,Ziracurny,4,HUMANS,,,,2299,331.6,13.3
2472,1234.56,553.99,72.1386,-15.299,46,341,Grassland,50,30,1,0,74,106,2.886,6,Mhekinn,7,Ziracurny,4,HUMANS,,,,2299,375.1,15.0
2473,1248.31,547.34,74.7519,-14.0351,50,240,Wetland,150,10,1,0,0,16,0.573,6,Mhekinn,50,Aravas,4,HUMANS,,,,2299,631.7,25.3
2474,1260.95,541.28,77.1542,-12.8832,48,188,Wetland,150,10,1,1,0,20,1.809,6,Mhekinn,50,Aravas,4,HUMANS,,,,2299,566.0,22.6
2475,1276.0,541.7,80.0146,-12.963,48,271,Grassland,50,30,1,1,0,20,4.165,6,Mhekinn,50,Aravas,4,HUMANS,,,,2299,541.8,21.7
2476,1291.07,542.21,82.8788,-13.06,51,306,Grassland,50,30,1,0,0,17,2.263,6,Mhekinn,50,Aravas,4,HUMANS,,,,2299,519.1,20.8
2477,1299.14,556.29,84.4126,-15.7362,49,342,Grassland,50,30,1,0,0,26,2.43,6,Mhekinn,50,Aravas,7,GODLINGS,,,,2299,608.4,24.3
2478,1322.13,553.22,88.782,-15.1527,45,429,Grassland,50,30,1,0,0,22,3.112,6,Mhekinn,50,Aravas,7,GODLINGS,,,,2299,646.5,25.9
2479,1340.89,544.07,92.3475,-13.4135,38,339,Grassland,50,30,1,0,167,69,2.979,6,Mhekinn,50,Aravas,4,HUMANS,,,,2299,683.5,27.3
2480,1356.48,552.1,95.3105,-14.9398,24,221,Wetland,150,10,1,0,0,28,0.827,6,Mhekinn,50,Aravas,7,GODLINGS,,,,2299,972.9,38.9
2481,1369.8,546.7,97.8421,-13.9134,24,183,Wetland,150,10,1,1,0,28,1.78,6,Mhekinn,50,Aravas,4,HUMANS,,,,2299,1164.1,46.6
2482,1369.1,555.5,97.7091,-15.5861,24,167,Grassland,50,30,1,0,0,28,3.46,6,Mhekinn,11,Tavitah,4,HUMANS,,,,2299,1018.5,40.7
2483,1383.09,541.23,100.368,-12.8737,20,174,Grassland,50,30,1,3,0,49,1.625,6,Mhekinn,50,Aravas,4,HUMANS,,,,2299,1185.6,47.4
2484,1402.43,553.63,104.0437,-15.2306,10,445,Marine,10,0,0,0,0,0,0,0,Neutrals,0,,0,Wildlands,,,,,,
2485,1466.57,544.13,116.2341,-13.4249,10,1523,Marine,10,0,0,0,0,0,0,0,Neutrals,0,,0,Wildlands,,,,,,
2486,1502.41,553.91,123.0458,-15.2838,10,3871,Marine,10,0,0,0,0,0,0,0,Neutrals,0,,0,Wildlands,,,,,,
2487,1525.55,548.07,127.4437,-14.1738,10,1275,Marine,10,0,0,0,0,0,0,0,Neutrals,0,,0,Wildlands,,,,,,
2488,1536.15,546.6,129.4583,-13.8944,10,4426,Marine,10,0,0,0,0,0,0,0,Neutrals,0,,0,Wildlands,,,,,,
2489,241.59,564.55,-116.5838,-17.3062,0,384,Marine,10,0,0,0,0,0,0,0,Neutrals,0,,0,Wildlands,,,,,,
2490,256.96,572.51,-113.6626,-18.8192,0,268,Marine,10,0,0,0,0,0,0,0,Neutrals,0,,0,Wildlands,,,,,,
2491,277.75,565.07,-109.7113,-17.4051,39,296,Tropical rainforest,80,80,1,1,0,3,22.917,4,Boru,31,Durmingia,4,HUMANS,,,,2141,877.9,35.1
2492,280.6,577.7,-109.1696,-19.8057,39,290,Tropical rainforest,80,80,1,3,195,37,39.567,4,Boru,31,Durmingia,4,HUMANS,,,,2141,1001.0,40.0
2493,299.81,569.72,-105.5186,-18.2889,38,260,Tropical rainforest,80,80,1,0,195,34,14.651,4,Boru,31,Durmingia,8,SHIFTERS,,,,2141,813.3,32.5
2494,318.68,567.5,-101.9322,-17.8669,64,439,Tropical rainforest,80,80,1,0,0,1,22.649,4,Boru,31,Durmingia,8,SHIFTERS,,,,2141,760.9,30.4
2495,341.03,566.77,-97.6844,-17.7282,60,337,Tropical rainforest,80,80,1,0,0,2,17.59,4,Boru,31,Durmingia,4,HUMANS,,,,2141,765.1,30.6
2496,350.93,569.45,-95.8028,-18.2376,65,196,Tropical rainforest,80,80,1,0,0,2,21.834,4,Boru,31,Durmingia,4,HUMANS,,,,2141,810.9,32.4
2497,362.54,573.2,-93.5962,-18.9504,59,306,Tropical rainforest,80,80,1,0,0,5,16.938,4,Boru,31,Durmingia,4,HUMANS,,,,2141,864.0,34.6
2498,389.37,568.12,-88.4969,-17.9848,31,285,Tropical rainforest,80,80,1,0,0,26,15.418,4,Boru,31,Durmingia,8,SHIFTERS,,,,2141,933.9,37.4
2499,402.05,567.89,-86.087,-17.9411,42,249,Tropical rainforest,80,80,1,0,0,16,23.911,4,Boru,32,Helsteria,7,GODLINGS,,,,2141,1009.1,40.4
2500,416.26,572.33,-83.3863,-18.785,49,280,Tropical rainforest,80,80,1,0,0,3,17.101,4,Boru,32,Helsteria,7,GODLINGS,,,,2141,1163.0,46.5
2501,444.67,563.76,-77.9867,-17.1561,45,300,Tropical seasonal forest,70,50,1,0,0,1,9.908,4,Boru,32,Helsteria,7,GODLINGS,,,,2141,1391.5,55.7
2502,462.23,559.56,-74.6493,-16.3578,47,260,Tropical seasonal forest,70,50,1,0,0,1,8.686,4,Boru,32,Helsteria,7,GODLINGS,,,,2141,1537.5,61.5
2503,478.08,568.84,-71.6368,-18.1216,73,380,Tropical seasonal forest,70,50,1,0,0,2,12.894,4,Boru,32,Helsteria,7,GODLINGS,,,,1968,1594.2,63.8
2504,499.5,565.3,-67.5658,-17.4488,47,372,Tropical seasonal forest,70,50,1,0,0,32,6.032,3,Remoore,37,Holingia,4,HUMANS,,,,1968,1318.3,52.7
2505,511.69,566.33,-65.249,-17.6446,30,290,Tropical seasonal forest,70,50,1,0,93,149,2.692,3,Remoore,37,Holingia,4,HUMANS,,,,1968,1184.1,47.4
2506,527.42,562.06,-62.2594,-16.8329,40,378,Grassland,50,30,1,0,0,3,1.753,3,Remoore,36,Taydale,4,HUMANS,,,,1968,1046.6,41.9
2507,548.5,569.74,-58.2529,-18.2927,39,509,Grassland,50,30,1,0,0,3,2.284,3,Remoore,36,Taydale,4,HUMANS,,,,1968,973.5,38.9
2508,572.64,569.66,-53.6649,-18.2775,39,352,Grassland,50,30,1,0,0,8,1.604,3,Remoore,36,Taydale,4,HUMANS,,,,1968,878.1,35.1
2509,579.53,569.78,-52.3554,-18.3003,38,286,Grassland,50,30,1,0,0,16,1.554,3,Remoore,36,Taydale,4,HUMANS,,,,1968,853.2,34.1
2510,599.03,566.02,-48.6493,-17.5856,34,376,Grassland,50,30,1,0,0,4,2.528,3,Remoore,36,Taydale,4,HUMANS,,,,1968,779.6,31.2
2511,617.57,568.75,-45.1256,-18.1045,37,213,Grassland,50,30,1,0,0,15,5.011,3,Remoore,36,Taydale,4,HUMANS,,,,1968,756.7,30.3
2512,626.3,571.8,-43.4664,-18.6843,37,156,Grassland,50,30,1,1,0,31,1.909,3,Remoore,36,Taydale,4,HUMANS,,,,1968,789.2,31.6
2513,634.93,574.82,-41.8262,-19.2583,37,190,Grassland,50,30,1,1,0,24,1.807,3,Remoore,36,Taydale,4,HUMANS,,,,1968,839.5,33.6
2514,648.4,567.2,-39.2661,-17.8099,37,218,Grassland,50,30,1,2,0,13,1.699,3,Remoore,36,Taydale,4,HUMANS,,,,1968,924.6,37.0
2515,648.4,582.0,-39.2661,-20.623,37,203,Grassland,50,30,1,0,0,23,0.942,3,Remoore,36,Taydale,4,HUMANS,,,,1968,923.5,36.9
2516,661.81,559.6,-36.7174,-16.3654,33,208,Grassland,50,30,1,4,0,23,1.1,3,Remoore,36,Taydale,4,HUMANS,,,,1968,1009.4,40.4
2517,661.8,574.4,-36.7193,-19.1785,33,211,Grassland,50,30,1,1,0,61,1.812,3,Remoore,36,Taydale,4,HUMANS,,,,1968,1008.2,40.3
2518,671.62,562.92,-34.8529,-16.9964,10,200,Marine,10,0,0,0,0,0,0,0,Neutrals,0,,0,Wildlands,,,,,,
2519,683.9,565.8,-32.519,-17.5438,10,299,Marine,10,0,0,0,0,0,0,0,Neutrals,0,,0,Wildlands,,,,,,
2520,696.22,568.63,-30.1775,-18.0817,10,324,Marine,10,0,0,0,0,0,0,0,Neutrals,0,,0,Wildlands,,,,,,
2521,706.7,575.0,-28.1857,-19.2925,10,351,Marine,10,0,0,0,0,0,0,0,Neutrals,0,,0,Wildlands,,,,,,
2522,733.03,564.42,-23.1814,-17.2815,10,519,Marine,10,0,0,0,0,0,0,0,Neutrals,0,,0,Wildlands,,,,,,
2523,754.48,559.88,-19.1047,-16.4186,10,332,Marine,10,0,0,0,0,0,0,0,Neutrals,0,,0,Wildlands,,,,,,
2524,770.13,567.98,-16.1303,-17.9582,10,269,Marine,10,0,0,0,0,0,0,0,Neutrals,0,,0,Wildlands,,,,,,
2525,776.42,571.46,-14.9348,-18.6196,10,178,Marine,10,0,0,0,0,0,0,0,Neutrals,0,,0,Wildlands,,,,,,
2526,786.8,568.2,-12.962,-18.0,10,237,Marine,10,0,0,0,0,0,0,0,Neutrals,0,,0,Wildlands,,,,,,
2527,797.18,564.93,-10.9892,-17.3785,10,180,Marine,10,0,0,0,0,0,0,0,Neutrals,0,,0,Wildlands,,,,,,
2528,807.2,576.8,-9.0848,-19.6346,10,330,Marine,10,0,0,0,0,0,0,0,Neutrals,0,,0,Wildlands,,,,,,
2529,823.58,560.19,-5.9716,-16.4775,23,183,Hot desert,200,20,1,1,0,4,1.729,1,Asra,39,Ading,7,GODLINGS,,,,2620,2768.2,110.7
2530,832.25,568.84,-4.3238,-18.1216,53,286,Hot desert,200,20,1,5,0,1,4.394,1,Asra,39,Ading,4,HUMANS,,,,2620,2532.9,101.3
2531,847.5,570.0,-1.4254,-18.3421,53,257,Hot desert,200,20,1,1,0,2,1.981,1,Asra,39,Ading,4,HUMANS,,,,2620,2196.4,87.9
2532,862.82,571.16,1.4863,-18.5626,73,255,Hot desert,200,20,1,3,0,1,0.908,1,Asra,39,Ading,4,HUMANS,,,,2620,1858.4,74.3
2533,874.64,566.38,3.7327,-17.6541,61,277,Hot desert,200,20,1,3,0,18,0.978,1,Asra,39,Ading,4,HUMANS,,,,2620,1493.8,59.8
2534,891.03,571.5,6.8478,-18.6272,10,201,Marine,10,0,0,0,0,0,0,0,Neutrals,0,,0,Wildlands,,,,,,
2535,900.2,580.0,8.5906,-20.2429,10,132,Marine,10,0,0,0,0,0,0,0,Neutrals,0,,0,Wildlands,,,,,,
2536,913.49,571.81,11.1165,-18.6862,20,257,Savanna,60,32,1,2,78,62,3.743,6,Mhekinn,5,Manaba,4,HUMANS,,,,2620,496.0,19.8
2537,922.3,581.0,12.7909,-20.4329,20,217,Grassland,50,30,1,2,0,4,4.846,6,Mhekinn,5,Manaba,4,HUMANS,,,,2620,400.0,16.0
2538,934.71,562.27,15.1496,-16.8729,43,243,Savanna,60,32,1,0,78,61,2.35,6,Mhekinn,5,Manaba,4,HUMANS,,,,2620,444.0,17.8
2539,938.87,569.2,15.9402,-18.1901,43,285,Savanna,60,32,1,0,0,3,6.661,6,Mhekinn,5,Manaba,4,HUMANS,,,,2620,378.6,15.1
2540,955.24,560.91,19.0515,-16.6144,30,414,Savanna,60,32,1,0,0,27,11.818,6,Mhekinn,5,Manaba,4,HUMANS,,,,2620,278.9,11.2
2541,983.21,560.78,24.3674,-16.5897,35,360,Grassland,50,30,1,0,59,154,3.346,6,Mhekinn,5,Manaba,4,HUMANS,,,,2620,106.9,4.3
2542,1006.48,566.8,28.7901,-17.7339,50,193,Savanna,60,32,1,2,0,2,2.858,6,Mhekinn,5,Manaba,4,HUMANS,,,,2620,150.2,6.0
2543,996.0,572.3,26.7982,-18.7793,50,151,Grassland,50,30,1,1,0,2,2.336,6,Mhekinn,5,Manaba,4,HUMANS,,,,2620,72.0,2.9
2544,1017.7,564.36,30.9225,-17.2701,54,177,Savanna,60,32,1,1,0,3,5.47,6,Mhekinn,5,Manaba,4,HUMANS,,,,2620,233.5,9.3
2545,1031.72,573.75,33.5871,-19.0549,55,209,Savanna,60,32,1,1,0,5,3.061,6,Mhekinn,6,Agasga,4,HUMANS,,,,2620,347.7,13.9
2546,1037.0,581.5,34.5906,-20.528,55,142,Savanna,60,32,1,1,0,5,1.915,6,Mhekinn,6,Agasga,4,HUMANS,,,,2788,336.7,13.5
2547,1053.31,564.2,37.6905,-17.2397,56,285,Grassland,50,30,1,0,0,5,1.729,6,Mhekinn,6,Agasga,7,GODLINGS,,,,2788,378.1,15.1
2548,1065.47,570.6,40.0016,-18.4562,52,285,Grassland,50,30,1,0,0,9,1.722,6,Mhekinn,6,Agasga,4,HUMANS,,,,2788,295.0,11.8
2549,1089.15,571.85,44.5022,-18.6938,49,271,Grassland,50,30,1,0,0,9,1.959,6,Mhekinn,8,Kamali,4,HUMANS,,,,2788,333.3,13.3
2550,1104.71,574.29,47.4595,-19.1576,52,286,Grassland,50,30,1,0,0,7,6.354,6,Mhekinn,8,Kamali,4,HUMANS,,,,2788,386.0,15.4
2551,1121.83,573.64,50.7133,-19.034,51,324,Grassland,50,30,1,0,0,8,6.576,6,Mhekinn,7,Ziracurny,7,GODLINGS,,,,2788,430.9,17.2
2552,1141.11,564.85,54.3776,-17.3633,45,346,Grassland,50,30,1,0,0,33,2.568,6,Mhekinn,7,Ziracurny,4,HUMANS,,,,2788,547.5,21.9
2553,1162.55,568.01,58.4525,-17.9639,39,488,Grassland,50,30,1,0,92,281,5.887,6,Mhekinn,7,Ziracurny,4,HUMANS,,,,2788,678.7,27.1
2554,1180.97,569.87,61.9534,-18.3174,51,400,Grassland,50,30,1,0,0,7,2.473,6,Mhekinn,7,Ziracurny,4,HUMANS,,,,2299,627.6,25.1
2555,1197.39,564.32,65.0741,-17.2625,51,394,Grassland,50,30,1,0,0,8,2.369,6,Mhekinn,7,Ziracurny,7,GODLINGS,,,,2299,537.8,21.5
2556,1220.77,566.78,69.5177,-17.7301,51,306,Grassland,50,30,1,0,0,9,6.289,6,Mhekinn,7,Ziracurny,4,HUMANS,,,,2299,491.5,19.7
2557,1231.39,567.39,71.5361,-17.846,51,216,Grassland,50,30,1,0,0,10,1.33,6,Mhekinn,7,Ziracurny,4,HUMANS,,,,2299,460.3,18.4
2558,1253.39,560.0,75.7174,-16.4414,37,388,Wetland,150,10,1,0,74,170,1.857,6,Mhekinn,7,Ziracurny,4,HUMANS,,,,2299,701.2,28.0
2559,1276.86,562.84,80.1781,-16.9812,44,478,Grassland,50,30,1,0,0,16,3.518,6,Mhekinn,11,Tavitah,4,HUMANS,,,,2299,656.9,26.3
2560,1294.59,567.23,83.5478,-17.8156,54,217,Grassland,50,30,1,0,0,14,5.585,6,Mhekinn,11,Tavitah,4,HUMANS,,,,2299,681.7,27.3
2561,1299.68,572.23,84.5152,-18.766,59,231,Grassland,50,30,1,0,0,16,1.654,6,Mhekinn,11,Tavitah,4,HUMANS,,,,2299,718.0,28.7
2562,1324.99,563.97,89.3256,-17.196,44,259,Grassland,50,30,1,0,0,32,1.951,6,Mhekinn,11,Tavitah,4,HUMANS,,,,2299,707.6,28.3
2563,1333.15,570.89,90.8765,-18.5113,38,381,Grassland,50,30,1,0,0,22,2.822,6,Mhekinn,11,Tavitah,4,HUMANS,,,,2299,766.5,30.7
2564,1356.81,568.75,95.3732,-18.1045,20,339,Grassland,50,30,1,0,296,50,2.911,6,Mhekinn,11,Tavitah,7,GODLINGS,,,,2299,909.1,36.4
2565,1381.67,558.93,100.0981,-16.238,20,178,Grassland,50,30,1,1,0,56,2.786,6,Mhekinn,11,Tavitah,4,HUMANS,,,,2299,1087.9,43.5
2566,1389.7,563.9,101.6243,-17.1827,20,156,Grassland,50,30,1,2,0,28,1.538,6,Mhekinn,11,Tavitah,4,HUMANS,,,,2299,1099.1,44.0
2567,1376.6,570.5,99.1345,-18.4372,20,212,Grassland,50,30,1,2,296,78,3.076,6,Mhekinn,11,Tavitah,4,HUMANS,,,,2299,1018.4,40.7
2568,1397.81,568.84,103.1656,-18.1216,20,109,Grassland,50,30,1,4,0,53,2.366,6,Mhekinn,11,Tavitah,4,HUMANS,,,,2299,1151.3,46.1
2569,1407.62,570.39,105.0301,-18.4163,10,260,Marine,10,0,0,0,0,0,0,0,Neutrals,0,,0,Wildlands,,,,,,
2570,1399.7,575.5,103.5249,-19.3875,10,143,Marine,10,0,0,0,0,0,0,0,Neutrals,0,,0,Wildlands,,,,,,
2571,241.08,579.97,-116.6807,-20.2372,0,1187,Marine,10,0,0,0,0,0,0,0,Neutrals,0,,0,Wildlands,,,,,,
2572,252.95,581.48,-114.4247,-20.5242,0,191,Marine,10,0,0,0,0,0,0,0,Neutrals,0,,0,Wildlands,,,,,,
2573,254.9,594.2,-114.0541,-22.9419,0,357,Marine,10,0,0,0,0,0,0,0,Neutrals,0,,0,Wildlands,,,,,,
2574,283.45,590.31,-108.6279,-22.2025,33,268,Tropical rainforest,80,80,1,1,0,5,21.885,4,Boru,31,Durmingia,8,SHIFTERS,,,,2141,1073.6,42.9
2575,299.58,577.56,-105.5623,-19.7791,44,262,Tropical rainforest,80,80,1,0,0,2,14.882,4,Boru,31,Durmingia,8,SHIFTERS,,,,2141,892.7,35.7
2576,313.49,589.57,-102.9186,-22.0619,60,462,Tropical rainforest,80,80,1,0,0,4,43.798,4,Boru,31,Durmingia,8,SHIFTERS,,,,2141,960.4,38.4
2577,338.2,583.16,-98.2222,-20.8435,65,404,Tropical rainforest,80,80,1,0,0,1,24.552,4,Boru,31,Durmingia,7,GODLINGS,,,,2141,929.8,37.2
2578,354.25,577.53,-95.1718,-19.7734,56,190,Tropical rainforest,80,80,1,0,0,13,10.478,4,Boru,31,Durmingia,7,GODLINGS,,,,2141,887.8,35.5
2579,376.42,588.67,-90.9582,-21.8908,40,391,Tropical rainforest,80,80,1,0,179,66,22.496,4,Boru,33,Fowenia,8,SHIFTERS,,,,2141,1058.9,42.4
2580,392.93,582.52,-87.8203,-20.7219,42,335,Tropical rainforest,80,80,1,0,0,2,18.024,4,Boru,33,Fowenia,8,SHIFTERS,,,,2141,1100.3,44.0
2581,410.78,591.68,-84.4278,-22.4629,66,211,Tropical rainforest,80,80,1,0,0,2,10.912,4,Boru,33,Fowenia,4,HUMANS,,,,2141,1365.9,54.6
2582,423.84,583.13,-81.9456,-20.8378,59,200,Tropical rainforest,80,80,1,0,0,2,11.401,4,Boru,32,Helsteria,4,HUMANS,,,,2141,1308.2,52.3
2583,433.29,581.4,-80.1496,-20.509,57,306,Tropical seasonal forest,70,50,1,0,0,1,9.65,4,Boru,32,Helsteria,4,HUMANS,,,,2141,1341.3,53.7
2584,455.27,580.57,-75.9721,-20.3512,65,363,Tropical seasonal forest,70,50,1,0,0,1,10.871,4,Boru,32,Helsteria,4,HUMANS,,,,2141,1544.5,61.8
2585,471.97,584.23,-72.7981,-21.0469,92,331,Temperate deciduous forest,70,100,1,0,0,0,21.254,4,Boru,32,Helsteria,4,HUMANS,,,,2141,1765.1,70.6
2586,494.33,591.03,-68.5484,-22.3394,67,374,Temperate deciduous forest,70,100,1,0,0,17,5.382,3,Remoore,37,Holingia,4,HUMANS,,,,1968,1524.4,61.0
2587,504.96,583.19,-66.5281,-20.8492,35,323,Temperate deciduous forest,70,100,1,0,93,118,5.234,3,Remoore,37,Holingia,4,HUMANS,,,,1968,1341.3,53.7
2588,531.23,591.46,-61.5352,-22.4211,38,402,Grassland,50,30,1,0,0,18,1.835,3,Remoore,37,Holingia,4,HUMANS,,,,1968,1126.1,45.0
2589,552.23,592.27,-57.544,-22.5751,40,195,Grassland,50,30,1,0,0,5,0.857,3,Remoore,37,Holingia,4,HUMANS,,,,1968,1062.6,42.5
2590,559.21,591.81,-56.2174,-22.4876,40,234,Grassland,50,30,1,0,0,5,1.047,3,Remoore,37,Holingia,4,HUMANS,,,,1968,1024.1,41.0
2591,578.45,585.83,-52.5607,-21.351,40,327,Grassland,50,30,1,0,0,11,4.621,3,Remoore,36,Taydale,7,GODLINGS,,,,1968,946.1,37.8
2592,596.72,589.91,-49.0883,-22.1265,39,404,Grassland,50,30,1,0,0,12,2.459,3,Remoore,36,Taydale,4,HUMANS,,,,1968,928.2,37.1
2593,623.33,583.77,-44.0308,-20.9595,39,335,Grassland,50,30,1,0,0,13,2,3,Remoore,36,Taydale,4,HUMANS,,,,1968,849.6,34.0
2594,638.36,591.28,-41.1743,-22.3869,39,240,Grassland,50,30,1,0,0,11,1.083,3,Remoore,36,Taydale,4,HUMANS,,,,1968,936.6,37.5
2595,661.84,589.23,-36.7117,-21.9973,37,138,Grassland,50,30,1,0,0,15,0.634,3,Remoore,36,Taydale,4,HUMANS,,,,3115,938.0,37.5
2596,670.6,586.9,-35.0468,-21.5544,37,127,Grassland,50,30,1,0,0,15,0.688,3,Remoore,36,Taydale,4,HUMANS,,,,3115,987.8,39.5
2597,671.6,598.7,-34.8567,-23.7973,37,88,Grassland,50,30,1,0,0,15,1.278,3,Remoore,36,Taydale,4,HUMANS,,,,3115,924.1,37.0
2598,679.43,584.59,-33.3686,-21.1153,26,198,Grassland,50,30,1,3,0,39,3.006,3,Remoore,36,Taydale,4,HUMANS,,,,3115,958.5,38.3
2599,680.4,596.3,-33.1842,-23.3411,26,102,Grassland,50,30,1,0,0,24,1.665,3,Remoore,36,Taydale,4,HUMANS,,,,3115,893.9,35.8
2600,688.34,591.74,-31.6751,-22.4743,20,191,Grassland,50,30,1,2,0,51,1.285,3,Remoore,36,Taydale,4,HUMANS,,,,3115,907.8,36.3
2601,717.19,581.43,-26.192,-20.5147,10,293,Marine,10,0,0,0,0,0,0,0,Neutrals,0,,0,Wildlands,,,,,,
2602,722.9,592.05,-25.1067,-22.5333,10,154,Marine,10,0,0,0,0,0,0,0,Neutrals,0,,0,Wildlands,,,,,,
2603,735.5,593.7,-22.712,-22.8469,10,231,Marine,10,0,0,0,0,0,0,0,Neutrals,0,,0,Wildlands,,,,,,
2604,753.15,591.97,-19.3575,-22.5181,10,248,Marine,10,0,0,0,0,0,0,0,Neutrals,0,,0,Wildlands,,,,,,
2605,767.48,589.27,-16.6339,-22.0049,10,316,Marine,10,0,0,0,0,0,0,0,Neutrals,0,,0,Wildlands,,,,,,
2606,786.22,588.33,-13.0722,-21.8262,10,299,Marine,10,0,0,0,0,0,0,0,Neutrals,0,,0,Wildlands,,,,,,
2607,817.31,588.71,-7.1633,-21.8984,10,307,Marine,10,0,0,0,0,0,0,0,Neutrals,0,,0,Wildlands,,,,,,
2608,828.9,589.7,-4.9605,-22.0866,10,211,Marine,10,0,0,0,0,0,0,0,Neutrals,0,,0,Wildlands,,,,,,
2609,840.44,590.75,-2.7673,-22.2862,10,183,Marine,10,0,0,0,0,0,0,0,Neutrals,0,,0,Wildlands,,,,,,
2610,847.55,580.63,-1.4159,-20.3626,10,184,Marine,10,0,0,0,0,0,0,0,Neutrals,0,,0,Wildlands,,,,,,
2611,861.3,584.2,1.1974,-21.0412,10,191,Marine,10,0,0,0,0,0,0,0,Neutrals,0,,0,Wildlands,,,,,,
2612,875.01,587.81,3.8031,-21.7273,10,357,Marine,10,0,0,0,0,0,0,0,Neutrals,0,,0,Wildlands,,,,,,
2613,888.08,581.12,6.2871,-20.4558,10,203,Marine,10,0,0,0,0,0,0,0,Neutrals,0,,0,Wildlands,,,,,,
2614,898.8,584.8,8.3246,-21.1552,10,223,Marine,10,0,0,0,0,0,0,0,Neutrals,0,,0,Wildlands,,,,,,
2615,909.46,588.55,10.3506,-21.868,10,209,Marine,10,0,0,0,0,0,0,0,Neutrals,0,,0,Wildlands,,,,,,
2616,931.14,590.2,14.4711,-22.1816,20,198,Grassland,50,30,1,2,0,3,2.165,6,Mhekinn,5,Manaba,4,HUMANS,,,,2620,329.8,13.2
2617,941.9,598.1,16.5161,-23.6832,20,157,Grassland,50,30,1,2,59,196,2.742,6,Mhekinn,5,Manaba,4,HUMANS,,,,2620,288.4,11.5
2618,948.99,590.59,17.8636,-22.2558,20,246,Grassland,50,30,1,0,59,193,2.655,6,Mhekinn,5,Manaba,4,HUMANS,,,,2620,231.6,9.3
2619,963.57,580.22,20.6346,-20.2847,28,372,Grassland,50,30,1,0,59,189,4.473,6,Mhekinn,5,Manaba,7,GODLINGS,,,,2620,133.2,5.3
2620,985.48,577.88,24.7988,-19.8399,46,222,Savanna,60,32,1,1,0,7,3.279,6,Mhekinn,5,Manaba,7,GODLINGS,53,Manaba,1749017,2620,0.0,0.0
2621,981.2,588.0,23.9854,-21.7635,46,190,Savanna,60,32,1,1,0,7,2.8,6,Mhekinn,5,Manaba,4,HUMANS,,,,2620,72.5,2.9
2622,1000.59,579.58,27.6706,-20.163,0,216,Marine,10,0,0,0,0,27,0,0,Neutrals,0,,0,Wildlands,,,,,,
2623,1018.01,579.78,30.9814,-20.2011,14,292,Marine,10,0,0,0,0,0,0,0,Neutrals,0,,0,Wildlands,,,,,,
2624,1042.33,589.32,35.6037,-22.0144,54,119,Grassland,50,30,1,0,0,5,0.877,6,Mhekinn,6,Agasga,4,HUMANS,,,,2788,272.6,10.9
2625,1035.4,596.4,34.2865,-23.3601,54,185,Grassland,50,30,1,1,0,5,5.803,6,Mhekinn,6,Agasga,4,HUMANS,,,,2788,290.2,11.6
2626,1046.93,577.25,36.4779,-19.7202,55,233,Savanna,60,32,1,0,0,5,1.697,6,Mhekinn,6,Agasga,7,GODLINGS,,,,2788,358.7,14.3
2627,1068.15,580.92,40.511,-20.4177,54,227,Grassland,50,30,1,0,0,7,4.255,6,Mhekinn,6,Agasga,4,HUMANS,,,,2788,236.3,9.5
2628,1079.6,579.9,42.6871,-20.2239,54,224,Grassland,50,30,1,1,0,7,3.151,6,Mhekinn,6,Agasga,4,HUMANS,,,,2788,264.6,10.6
2629,1091.13,578.82,44.8785,-20.0186,57,160,Grassland,50,30,1,1,0,11,4.393,6,Mhekinn,8,Kamali,4,HUMANS,,,,2788,333.0,13.3
2630,1106.46,585.05,47.7921,-21.2027,50,269,Grassland,50,30,1,1,0,14,8.1,6,Mhekinn,6,Agasga,4,HUMANS,,,,2788,323.0,12.9
2631,1131.42,585.68,52.536,-21.3225,46,248,Grassland,50,30,1,0,0,14,1.799,6,Mhekinn,7,Ziracurny,7,GODLINGS,,,,2788,453.7,18.1
2632,1136.28,587.56,53.4596,-21.6798,31,224,Grassland,50,30,1,0,0,15,1.582,6,Mhekinn,7,Ziracurny,7,GODLINGS,,,,2788,482.3,19.3
2633,1153.19,589.6,56.6735,-22.0676,36,405,Grassland,50,30,1,0,92,329,5.412,6,Mhekinn,7,Ziracurny,4,HUMANS,,,,2788,566.2,22.6
2634,1186.65,591.76,63.0329,-22.4781,51,215,Grassland,50,30,1,0,0,9,1.33,6,Mhekinn,7,Ziracurny,7,GODLINGS,,,,2299,699.9,28.0
2635,1190.77,593.05,63.8159,-22.7233,51,216,Grassland,50,30,1,0,0,9,1.239,6,Mhekinn,7,Ziracurny,4,HUMANS,,,,2299,700.0,28.0
2636,1216.63,583.38,68.7308,-20.8853,51,398,Grassland,50,30,1,0,0,10,2.497,6,Mhekinn,7,Ziracurny,4,HUMANS,,,,2299,580.0,23.2
2637,1240.54,578.39,73.2751,-19.9369,38,379,Grassland,50,30,1,0,74,220,9.622,6,Mhekinn,7,Ziracurny,7,GODLINGS,,,,2299,551.0,22.0
2638,1258.69,590.93,76.7247,-22.3204,36,197,Grassland,50,30,1,0,0,19,1.509,6,Mhekinn,11,Tavitah,7,GODLINGS,,,,2299,672.3,26.9
2639,1261.45,584.64,77.2493,-21.1248,40,329,Grassland,50,30,1,0,0,19,2.358,6,Mhekinn,11,Tavitah,7,GODLINGS,,,,2299,677.0,27.1
2640,1279.37,592.69,80.6551,-22.6549,41,397,Grassland,50,30,1,0,126,40,3.3,6,Mhekinn,11,Tavitah,4,HUMANS,,,,2299,799.8,32.0
2641,1308.39,579.05,86.1706,-20.0623,40,222,Grassland,50,30,1,0,152,51,1.895,6,Mhekinn,11,Tavitah,7,GODLINGS,,,,2299,790.8,31.6
2642,1315.85,584.36,87.5885,-21.0716,32,300,Wetland,150,10,1,0,152,112,1.388,6,Mhekinn,11,Tavitah,7,GODLINGS,,,,2299,941.9,37.7
2643,1333.82,592.14,91.0038,-22.5504,24,378,Wetland,150,10,1,0,152,140,1.814,6,Mhekinn,11,Tavitah,4,HUMANS,56,Tavitah,211841,2299,1129.3,45.2
2644,1362.53,581.51,96.4604,-20.5299,20,205,Grassland,50,30,1,0,0,24,1.641,6,Mhekinn,11,Tavitah,4,HUMANS,,,,2299,986.1,39.4
2645,1361.7,592.3,96.3026,-22.5808,20,197,Grassland,50,30,1,1,0,24,5.89,6,Mhekinn,11,Tavitah,4,HUMANS,,,,2299,1045.6,41.8
2646,1371.58,582.03,98.1804,-20.6287,20,151,Grassland,50,30,1,2,0,72,1.708,6,Mhekinn,11,Tavitah,4,HUMANS,,,,2299,1035.9,41.4
2647,1391.82,580.66,102.0272,-20.3683,7,245,Marine,10,0,0,0,0,0,0,0,Neutrals,0,,0,Wildlands,,,,,,
2648,1381.8,589.6,100.1228,-22.0676,7,307,Marine,10,0,0,0,0,0,0,0,Neutrals,0,,0,Wildlands,,,,,,
2649,1416.63,578.23,106.7425,-19.9064,10,1340,Marine,10,0,0,0,0,0,0,0,Neutrals,0,,0,Wildlands,,,,,,
2650,256.83,606.85,-113.6873,-25.3464,0,256,Marine,10,0,0,0,0,0,0,0,Neutrals,0,,0,Wildlands,,,,,,
2651,280.43,601.22,-109.2019,-24.2762,24,219,Tropical rainforest,80,80,1,2,0,7,22.93,4,Boru,31,Durmingia,4,HUMANS,,,,2141,1173.2,46.9
2652,279.8,611.0,-109.3216,-26.1352,24,181,Tropical rainforest,80,80,1,3,0,7,11.299,4,Boru,31,Durmingia,4,HUMANS,,,,2141,1259.5,50.4
2653,294.74,603.74,-106.4822,-24.7552,20,360,Tropical rainforest,80,80,1,0,0,21,20.477,4,Boru,31,Durmingia,4,HUMANS,,,,2141,1127.0,45.1
2654,322.62,611.07,-101.1833,-26.1485,42,309,Tropical rainforest,80,80,1,0,0,17,19.178,4,Boru,33,Fowenia,4,HUMANS,,,,2141,1166.0,46.6
2655,329.94,608.11,-99.7921,-25.5859,48,257,Tropical rainforest,80,80,1,0,0,22,35.892,4,Boru,33,Fowenia,4,HUMANS,,,,2141,1161.1,46.4
2656,353.3,596.54,-95.3523,-23.3867,47,357,Tropical rainforest,80,80,1,0,0,11,21.987,4,Boru,33,Fowenia,4,HUMANS,,,,2141,1055.3,42.2
2657,361.72,608.36,-93.752,-25.6334,39,215,Tropical rainforest,80,80,1,1,179,87,19.497,4,Boru,33,Fowenia,4,HUMANS,,,,2141,1195.0,47.8
2658,372.2,608.0,-91.7602,-25.5649,39,156,Tropical rainforest,80,80,1,1,0,10,17.804,4,Boru,33,Fowenia,4,HUMANS,,,,2141,1233.0,49.3
2659,364.7,626.2,-93.1857,-29.0243,39,324,Tropical rainforest,80,80,1,1,95,252,31.488,4,Boru,33,Fowenia,4,HUMANS,26,Atlai,1679433,2141,1354.2,54.2
2660,382.64,607.73,-89.776,-25.5136,40,253,Tropical rainforest,80,80,1,1,0,4,18.961,4,Boru,33,Fowenia,4,HUMANS,,,,2141,1235.4,49.4
2661,385.8,617.6,-89.1754,-27.3897,40,151,Tropical rainforest,80,80,1,1,0,4,11.347,4,Boru,33,Fowenia,4,HUMANS,,,,2141,1326.6,53.1
2662,408.53,598.52,-84.8554,-23.763,46,252,Tropical rainforest,80,80,1,0,95,55,14.594,4,Boru,33,Fowenia,4,HUMANS,,,,2141,1328.6,53.1
2663,419.17,602.03,-82.8332,-24.4302,44,276,Tropical seasonal forest,70,50,1,0,95,39,27.077,4,Boru,33,Fowenia,7,GODLINGS,,,,2141,1414.9,56.6
2664,437.0,600.04,-79.4444,-24.052,48,387,Tropical seasonal forest,70,50,1,0,0,23,14.258,4,Boru,32,Helsteria,7,GODLINGS,,,,2141,1473.2,58.9
2665,462.42,595.93,-74.6132,-23.2707,62,358,Temperate deciduous forest,70,100,1,0,0,4,23.08,4,Boru,32,Helsteria,4,HUMANS,,,,2141,1675.0,67.0
2666,479.07,608.15,-71.4487,-25.5935,58,243,Temperate deciduous forest,70,100,1,0,48,33,15.795,4,Boru,32,Helsteria,7,GODLINGS,,,,1968,1605.7,64.2
2667,490.91,609.31,-69.1984,-25.8139,42,288,Temperate deciduous forest,70,100,1,0,93,45,4.335,3,Remoore,37,Holingia,4,HUMANS,,,,1968,1477.4,59.1
2668,515.89,598.31,-64.4507,-23.7231,35,384,Grassland,50,30,1,0,93,61,1.982,3,Remoore,37,Holingia,4,HUMANS,43,Tavner,386647,1968,1230.5,49.2
2669,525.0,598.66,-62.7193,-23.7897,40,228,Grassland,50,30,1,0,0,3,1.078,3,Remoore,37,Holingia,4,HUMANS,,,,1968,1181.1,47.2
2670,551.25,599.82,-57.7303,-24.0101,40,282,Grassland,50,30,1,0,0,3,1.318,3,Remoore,37,Holingia,4,HUMANS,,,,1968,1086.2,43.4
2671,570.12,602.02,-54.1439,-24.4283,40,351,Grassland,50,30,1,0,0,4,1.883,3,Remoore,37,Holingia,4,HUMANS,,,,3115,1023.3,40.9
2672,585.85,609.16,-51.1542,-25.7854,40,298,Grassland,50,30,1,0,0,4,1.383,3,Remoore,37,Holingia,4,HUMANS,,,,3115,928.3,37.1
2673,596.19,602.42,-49.189,-24.5043,40,282,Grassland,50,30,1,0,0,7,1.242,3,Remoore,36,Taydale,4,HUMANS,,,,3115,928.0,37.1
2674,624.44,605.98,-43.8199,-25.181,40,284,Grassland,50,30,1,0,0,8,1.278,3,Remoore,36,Taydale,4,HUMANS,,,,3115,889.4,35.6
2675,631.13,602.86,-42.5484,-24.588,40,207,Grassland,50,30,1,0,0,9,0.974,3,Remoore,36,Taydale,4,HUMANS,,,,3115,893.5,35.7
2676,656.8,598.1,-37.6696,-23.6832,39,209,Grassland,50,30,1,0,0,10,0.933,3,Remoore,36,Taydale,4,HUMANS,,,,3115,881.8,35.3
2677,669.0,603.1,-35.3509,-24.6336,39,155,Temperate deciduous forest,70,100,1,1,0,10,3.12,3,Remoore,36,Taydale,4,HUMANS,,,,3115,932.6,37.3
2678,654.9,612.4,-38.0307,-26.4013,39,291,Temperate deciduous forest,70,100,1,1,0,37,5.891,3,Remoore,36,Taydale,4,HUMANS,41,Taydale,180799,3115,802.5,32.1
2679,681.28,608.08,-33.017,-25.5801,23,194,Temperate deciduous forest,70,100,1,1,105,325,7.658,3,Remoore,36,Taydale,4,HUMANS,,,,3115,824.0,33.0
2680,689.3,603.7,-31.4927,-24.7476,23,114,Grassland,50,30,1,0,105,358,2.084,3,Remoore,36,Taydale,4,HUMANS,,,,3115,841.8,33.7
2681,697.41,599.4,-29.9513,-23.9303,20,191,Grassland,50,30,1,2,105,383,3.753,3,Remoore,36,Taydale,4,HUMANS,,,,3115,892.3,35.7
2682,714.21,600.26,-26.7583,-24.0938,37,186,Grassland,50,30,1,2,0,5,2.655,3,Remoore,35,Hitchia,4,HUMANS,,,,3115,915.2,36.6
2683,724.7,600.5,-24.7646,-24.1394,37,126,Wetland,150,10,1,2,0,5,0.278,3,Remoore,35,Hitchia,4,HUMANS,,,,3115,1088.3,43.5
2684,704.9,608.3,-28.5278,-25.622,37,162,Temperate deciduous forest,70,100,1,0,0,5,2.617,3,Remoore,35,Hitchia,4,HUMANS,,,,3115,847.5,33.9
2685,735.21,600.68,-22.7671,-24.1736,35,130,Wetland,150,10,1,2,159,119,1.851,3,Remoore,35,Hitchia,4,HUMANS,,,,3115,1273.8,51.0
2686,744.7,608.5,-20.9635,-25.66,35,233,Wetland,150,10,1,2,0,24,0.546,3,Remoore,35,Hitchia,4,HUMANS,,,,3115,1358.8,54.4
2687,748.15,595.28,-20.3077,-23.1472,10,135,Marine,10,0,0,0,0,0,0,0,Neutrals,0,,0,Wildlands,,,,,,
2688,758.97,598.29,-18.2513,-23.7193,10,154,Marine,10,0,0,0,0,0,0,0,Neutrals,0,,0,Wildlands,,,,,,
2689,765.5,609.6,-17.0102,-25.8691,10,253,Marine,10,0,0,0,0,0,0,0,Neutrals,0,,0,Wildlands,,,,,,
2690,791.01,599.89,-12.1618,-24.0234,10,284,Marine,10,0,0,0,0,0,0,0,Neutrals,0,,0,Wildlands,,,,,,
2691,799.12,596.66,-10.6205,-23.4095,10,326,Marine,10,0,0,0,0,0,0,0,Neutrals,0,,0,Wildlands,,,,,,
2692,830.28,604.57,-4.6982,-24.913,10,330,Marine,10,0,0,0,0,0,0,0,Neutrals,0,,0,Wildlands,,,,,,
2693,851.41,596.44,-0.6823,-23.3677,10,267,Marine,10,0,0,0,0,0,0,0,Neutrals,0,,0,Wildlands,,,,,,
2694,865.21,598.89,1.9405,-23.8334,10,568,Marine,10,0,0,0,0,0,0,0,Neutrals,0,,0,Wildlands,,,,,,
2695,910.83,606.11,10.611,-25.2057,10,690,Marine,10,0,0,0,0,0,0,0,Neutrals,0,,0,Wildlands,,,,,,
2696,922.45,596.28,12.8194,-23.3373,10,169,Marine,10,0,0,0,0,0,0,0,Neutrals,0,,0,Wildlands,,,,,,
2697,930.5,605.4,14.3494,-25.0707,10,176,Marine,10,0,0,0,0,0,0,0,Neutrals,0,,0,Wildlands,,,,,,
2698,952.61,605.94,18.5516,-25.1734,20,228,Grassland,50,30,1,2,0,10,2.147,6,Mhekinn,5,Manaba,4,HUMANS,,,,2620,262.2,10.5
2699,961.86,596.05,20.3096,-23.2936,20,203,Grassland,50,30,1,0,0,8,1.768,6,Mhekinn,5,Manaba,4,HUMANS,,,,2620,187.7,7.5
2700,976.9,598.07,23.1681,-23.6775,26,168,Savanna,60,32,1,0,0,1,1.447,6,Mhekinn,5,Manaba,7,GODLINGS,,,,2620,144.8,5.8
2701,991.9,597.9,26.019,-23.6452,26,252,Savanna,60,32,1,1,0,28,7.647,6,Mhekinn,5,Manaba,7,GODLINGS,,,,2620,168.7,6.7
2702,980.2,610.8,23.7953,-26.0971,26,163,Grassland,50,30,1,0,258,36,1.337,6,Mhekinn,5,Manaba,4,HUMANS,,,,2620,229.1,9.2
2703,970.3,609.0,21.9137,-25.755,26,157,Grassland,50,30,1,0,0,1,1.153,6,Mhekinn,5,Manaba,4,HUMANS,,,,2620,215.0,8.6
2704,1006.81,597.72,28.8528,-23.611,53,239,Grassland,50,30,1,2,0,2,3.125,6,Mhekinn,5,Manaba,7,GODLINGS,,,,2620,306.1,12.2
2705,1014.4,602.28,30.2953,-24.4777,41,246,Grassland,50,30,1,1,0,11,3.627,6,Mhekinn,6,Agasga,4,HUMANS,,,,2620,354.8,14.2
2706,1028.42,603.44,32.9599,-24.6982,48,333,Grassland,50,30,1,1,0,9,10.186,6,Mhekinn,6,Agasga,4,HUMANS,,,,2788,331.3,13.3
2707,1047.58,596.81,36.6015,-23.438,52,342,Grassland,50,30,1,0,0,24,8.293,6,Mhekinn,6,Agasga,4,HUMANS,,,,2788,219.8,8.8
2708,1066.99,598.28,40.2905,-23.7174,52,314,Grassland,50,30,1,1,0,7,4.686,6,Mhekinn,6,Agasga,4,HUMANS,,,,2788,135.9,5.4
2709,1071.6,609.0,41.1667,-25.755,52,314,Grassland,50,30,1,1,0,7,3.99,6,Mhekinn,6,Agasga,7,GODLINGS,,,,2788,71.7,2.9
2710,1092.03,596.95,45.0496,-23.4646,0,327,Marine,10,0,0,0,0,55,0,0,Neutrals,0,,0,Wildlands,,,,,,
2711,1104.8,601.05,47.4766,-24.2439,48,211,Grassland,50,30,1,1,0,8,7.176,6,Mhekinn,6,Agasga,4,HUMANS,,,,2788,230.1,9.2
2712,1100.9,612.0,46.7354,-26.3252,48,151,Grassland,50,30,1,1,0,8,4.41,6,Mhekinn,6,Agasga,4,HUMANS,,,,2788,166.2,6.6
2713,1119.94,607.51,50.3541,-25.4718,35,230,Grassland,50,30,1,0,0,20,1.921,6,Mhekinn,6,Agasga,4,HUMANS,,,,2788,280.7,11.2
2714,1141.23,605.23,54.4004,-25.0384,22,248,Grassland,50,30,1,1,92,337,10.136,6,Mhekinn,7,Ziracurny,4,HUMANS,,,,2788,420.0,16.8
2715,1130.1,611.2,52.2851,-26.1732,22,206,Grassland,50,30,1,2,0,37,4.594,6,Mhekinn,7,Ziracurny,4,HUMANS,,,,2788,338.6,13.5
2716,1156.35,606.85,57.2741,-25.3464,25,213,Grassland,50,30,1,3,0,4,2.05,6,Mhekinn,7,Ziracurny,4,HUMANS,,,,2788,509.9,20.4
2717,1167.6,603.3,59.4123,-24.6716,25,258,Grassland,50,30,1,2,0,4,5.88,6,Mhekinn,7,Ziracurny,4,HUMANS,,,,2788,574.8,23.0
2718,1178.93,599.81,61.5656,-24.0082,32,277,Grassland,50,30,1,1,0,13,3.631,6,Mhekinn,7,Ziracurny,4,HUMANS,,,,2788,651.4,26.1
2719,1196.75,602.07,64.9525,-24.4378,20,268,Grassland,50,30,1,4,0,18,2.65,6,Mhekinn,7,Ziracurny,4,HUMANS,,,,2788,750.2,30.0
2720,1210.52,600.04,67.5696,-24.052,28,239,Grassland,50,30,1,1,0,5,3.125,6,Mhekinn,7,Ziracurny,4,HUMANS,55,Ziracurny,513375,2299,677.6,27.1
2721,1220.5,599.7,69.4664,-23.9873,28,209,Grassland,50,30,1,2,0,5,1.845,6,Mhekinn,7,Ziracurny,4,HUMANS,,,,2299,672.2,26.9
2722,1230.45,599.26,71.3575,-23.9037,22,296,Grassland,50,30,1,3,74,239,4.739,6,Mhekinn,7,Ziracurny,4,HUMANS,,,,2299,678.5,27.1
2723,1246.54,601.0,74.4155,-24.2344,22,238,Grassland,50,30,1,1,0,21,3.467,6,Mhekinn,7,Ziracurny,4,HUMANS,,,,2299,679.7,27.2
2724,1259.4,604.9,76.8596,-24.9757,22,194,Grassland,50,30,1,2,0,40,1.799,6,Mhekinn,11,Tavitah,4,HUMANS,,,,2299,749.3,30.0
2725,1272.35,608.71,79.3209,-25.6999,20,218,Grassland,50,30,1,3,126,61,2.952,6,Mhekinn,11,Tavitah,4,HUMANS,,,,2299,835.5,33.4
2726,1283.3,608.2,81.402,-25.603,20,180,Grassland,50,30,1,1,0,31,3.08,6,Mhekinn,11,Tavitah,4,HUMANS,,,,2299,887.8,35.5
2727,1294.21,607.72,83.4756,-25.5117,26,148,Grassland,50,30,1,2,0,19,3.948,6,Mhekinn,11,Tavitah,4,HUMANS,,,,2299,917.1,36.7
2728,1301.9,612.5,84.9371,-26.4203,26,172,Grassland,50,30,1,2,0,19,1.741,6,Mhekinn,11,Tavitah,4,HUMANS,,,,2299,942.5,37.7
2729,1298.0,597.03,84.1959,-23.4798,41,322,Grassland,50,30,1,0,0,10,8.302,6,Mhekinn,11,Tavitah,4,HUMANS,,,,2299,854.7,34.2
2730,1319.45,607.37,88.2727,-25.4452,25,250,Wetland,150,10,1,2,0,23,1.209,6,Mhekinn,11,Tavitah,4,HUMANS,,,,2299,1244.2,49.8
2731,1336.73,605.9,91.5569,-25.1658,20,206,Grassland,50,30,1,3,152,155,3.269,6,Mhekinn,11,Tavitah,4,HUMANS,,,,2299,1206.6,48.3
2732,1348.8,604.5,93.8509,-24.8997,20,215,Grassland,50,30,1,2,0,15,2.118,6,Mhekinn,11,Tavitah,4,HUMANS,,,,2299,1143.2,45.7
2733,1360.83,603.09,96.1373,-24.6317,20,106,Grassland,50,30,1,3,0,28,0.957,6,Mhekinn,11,Tavitah,4,HUMANS,,,,2299,1105.1,44.2
2734,1371.86,598.49,98.2336,-23.7573,10,200,Marine,10,0,0,0,0,0,0,0,Neutrals,0,,0,Wildlands,,,,,,
2735,1366.5,606.4,97.2149,-25.2608,10,134,Marine,10,0,0,0,0,0,0,0,Neutrals,0,,0,Wildlands,,,,,,
2736,1412.15,598.81,105.8911,-23.8182,10,2463,Marine,10,0,0,0,0,0,0,0,Neutrals,0,,0,Wildlands,,,,,,
2737,240.5,615.88,-116.7909,-27.0627,0,8626,Marine,10,0,0,0,0,0,0,0,Neutrals,0,,0,Wildlands,,,,,,
2738,261.46,617.06,-112.8073,-27.287,10,216,Marine,10,0,0,0,0,0,0,0,Neutrals,0,,0,Wildlands,,,,,,
2739,267.5,624.1,-111.6594,-28.6251,10,109,Marine,10,0,0,0,0,0,0,0,Neutrals,0,,0,Wildlands,,,,,,
2740,279.15,620.71,-109.4452,-27.9808,26,154,Tropical rainforest,80,80,1,2,0,9,8.825,4,Boru,33,Fowenia,4,HUMANS,,,,2141,1349.4,54.0
2741,293.95,620.46,-106.6323,-27.9333,28,248,Tropical rainforest,80,80,1,0,0,4,13.844,4,Boru,33,Fowenia,4,HUMANS,,,,2141,1303.7,52.1
2742,291.6,632.7,-107.0789,-30.2598,28,243,Tropical rainforest,80,80,1,2,0,4,13.959,4,Boru,33,Fowenia,4,HUMANS,,,,2141,1413.4,56.5
2743,310.87,626.97,-103.4165,-29.1706,20,304,Tropical rainforest,80,80,1,0,297,57,17.42,4,Boru,33,Fowenia,4,HUMANS,,,,2141,1352.0,54.1
2744,334.71,615.91,-98.8855,-27.0684,35,205,Tropical rainforest,80,80,1,0,166,33,14.115,4,Boru,33,Fowenia,4,HUMANS,,,,2141,1253.5,50.1
2745,347.52,615.66,-96.4509,-27.0209,40,317,Tropical rainforest,80,80,1,0,0,9,19.178,4,Boru,33,Fowenia,4,HUMANS,,,,2141,1231.1,49.2
2746,376.8,614.1,-90.886,-26.7244,0,131,Marine,10,0,0,0,0,242,0,0,Neutrals,0,,0,Wildlands,,,,,,
2747,389.0,627.44,-88.5673,-29.26,30,183,Tropical seasonal forest,70,50,1,0,95,89,6.868,4,Boru,33,Fowenia,4,HUMANS,,,,2141,1418.2,56.7
2748,378.4,635.8,-90.5819,-30.849,30,203,Tropical seasonal forest,70,50,1,1,95,121,24.674,4,Boru,33,Fowenia,4,HUMANS,,,,2141,1483.0,59.3
2749,401.49,618.58,-86.1934,-27.5759,32,303,Tropical seasonal forest,70,50,1,0,95,66,11.011,4,Boru,33,Fowenia,4,HUMANS,,,,2141,1414.8,56.6
2750,414.91,620.3,-83.6428,-27.9029,64,405,Tropical seasonal forest,70,50,1,0,0,2,13.742,4,Boru,33,Fowenia,4,HUMANS,,,,2141,1582.0,63.3
2751,446.13,614.78,-77.7092,-26.8536,59,423,Tropical seasonal forest,70,50,1,0,0,8,32.472,4,Boru,32,Helsteria,8,SHIFTERS,,,,2141,1643.4,65.7
2752,453.68,628.7,-76.2743,-29.4995,57,242,Temperate deciduous forest,70,100,1,0,0,13,27.657,4,Boru,33,Fowenia,8,SHIFTERS,,,,2141,1765.3,70.6
2753,471.29,613.96,-72.9273,-26.6978,49,306,Temperate deciduous forest,70,100,1,0,0,19,22.018,4,Boru,32,Helsteria,4,HUMANS,,,,3115,1647.8,65.9
2754,492.66,621.75,-68.8658,-28.1785,41,314,Temperate deciduous forest,70,100,1,0,48,63,4.885,3,Remoore,37,Holingia,4,HUMANS,,,,3115,1437.6,57.5
2755,508.23,628.92,-65.9066,-29.5413,40,287,Grassland,50,30,1,0,0,5,1.355,3,Remoore,37,Holingia,4,HUMANS,,,,3115,1290.4,51.6
2756,538.6,614.2,-60.1345,-26.7434,40,476,Grassland,50,30,1,0,0,5,6.39,3,Remoore,37,Holingia,4,HUMANS,,,,3115,1130.5,45.2
2757,552.27,628.76,-57.5364,-29.5109,40,336,Grassland,50,30,1,0,0,5,1.563,3,Remoore,37,Holingia,4,HUMANS,,,,3115,1020.6,40.8
2758,565.1,628.16,-55.098,-29.3968,40,395,Grassland,50,30,1,0,0,5,5.234,3,Remoore,37,Holingia,4,HUMANS,,,,3115,950.0,38.0
2759,589.81,627.58,-50.4016,-29.2866,40,339,Temperate deciduous forest,70,100,1,0,0,7,5.282,3,Remoore,37,Holingia,4,HUMANS,46,Rowin,146536,3115,873.1,34.9
2760,599.07,618.02,-48.6417,-27.4695,40,359,Grassland,50,30,1,0,0,5,1.654,3,Remoore,37,Holingia,4,HUMANS,,,,3115,840.8,33.6
2761,623.47,619.61,-44.0042,-27.7717,40,293,Temperate deciduous forest,70,100,1,0,0,7,7.347,3,Remoore,36,Taydale,4,HUMANS,,,,3115,819.9,32.8
2762,632.17,617.11,-42.3507,-27.2965,40,277,Temperate deciduous forest,70,100,1,0,0,18,4.14,3,Remoore,36,Taydale,4,HUMANS,,,,3115,814.9,32.6
2763,653.0,626.69,-38.3918,-29.1174,40,204,Temperate deciduous forest,70,100,1,1,106,53,6.68,3,Remoore,36,Taydale,4,HUMANS,,,,3115,691.5,27.7
2764,669.16,625.16,-35.3205,-28.8266,7,260,Marine,10,0,0,0,0,291,0,0,Neutrals,0,,0,Wildlands,,,,,,
2765,695.51,616.39,-30.3124,-27.1597,39,226,Temperate deciduous forest,70,100,1,0,0,14,5.559,3,Remoore,35,Hitchia,4,HUMANS,,,,3115,752.1,30.1
2766,688.8,626.7,-31.5877,-29.1193,39,218,Temperate deciduous forest,70,100,1,1,0,14,6.303,3,Remoore,35,Hitchia,4,HUMANS,,,,3115,657.4,26.3
2767,717.0,614.28,-26.2281,-26.7586,38,225,Temperate deciduous forest,70,100,1,0,0,23,3.625,3,Remoore,35,Hitchia,8,SHIFTERS,,,,3115,848.4,33.9
2768,725.3,616.66,-24.6506,-27.211,34,336,Wetland,150,10,1,0,159,95,0.728,3,Remoore,35,Hitchia,4,HUMANS,,,,3115,1002.8,40.1
2769,754.27,616.33,-19.1446,-27.1483,34,227,Wetland,150,10,1,3,169,65,1.205,3,Remoore,35,Hitchia,4,HUMANS,,,,3115,1310.2,52.4
2770,759.1,626.8,-18.2266,-29.1383,34,216,Wetland,150,10,1,1,0,27,1.137,3,Remoore,35,Hitchia,4,HUMANS,,,,3115,1207.3,48.3
2771,771.95,620.99,-15.7844,-28.034,10,168,Marine,10,0,0,0,0,0,0,0,Neutrals,0,,0,Wildlands,,,,,,
2772,778.7,627.8,-14.5015,-29.3284,10,118,Marine,10,0,0,0,0,0,0,0,Neutrals,0,,0,Wildlands,,,,,,
2773,782.44,622.3,-13.7906,-28.283,10,194,Marine,10,0,0,0,0,0,0,0,Neutrals,0,,0,Wildlands,,,,,,
2774,797.3,621.87,-10.9664,-28.2013,10,395,Marine,10,0,0,0,0,0,0,0,Neutrals,0,,0,Wildlands,,,,,,
2775,823.13,616.27,-6.0572,-27.1369,10,513,Marine,10,0,0,0,0,0,0,0,Neutrals,0,,0,Wildlands,,,,,,
2776,852.2,620.58,-0.5322,-27.9561,10,825,Marine,10,0,0,0,0,0,0,0,Neutrals,0,,0,Wildlands,,,,,,
2777,922.9,618.92,12.905,-27.6405,10,596,Marine,10,0,0,0,0,0,0,0,Neutrals,0,,0,Wildlands,,,,,,
2778,938.52,614.54,15.8737,-26.808,10,226,Marine,10,0,0,0,0,0,0,0,Neutrals,0,,0,Wildlands,,,,,,
2779,943.1,628.9,16.7442,-29.5375,10,358,Marine,10,0,0,0,0,0,0,0,Neutrals,0,,0,Wildlands,,,,,,
2780,963.75,619.96,20.6689,-27.8382,20,251,Grassland,50,30,1,3,0,15,3.18,6,Mhekinn,6,Agasga,4,HUMANS,,,,2620,285.2,11.4
2781,973.6,621.7,22.5409,-28.169,20,154,Grassland,50,30,1,2,258,50,2.141,6,Mhekinn,6,Agasga,4,HUMANS,,,,2620,299.2,12.0
2782,983.52,623.44,24.4263,-28.4997,28,159,Grassland,50,30,1,1,0,5,2.115,6,Mhekinn,6,Agasga,4,HUMANS,,,,2620,304.6,12.2
2783,992.9,632.0,26.2091,-30.1267,28,196,Grassland,50,30,1,2,0,5,1.684,6,Mhekinn,6,Agasga,4,HUMANS,,,,2620,374.4,15.0
2784,994.55,617.44,26.5227,-27.3592,39,238,Grassland,50,30,1,0,0,7,1.734,6,Mhekinn,6,Agasga,7,GODLINGS,,,,2620,312.4,12.5
2785,1009.04,621.59,29.2766,-28.148,48,399,Grassland,50,30,1,0,0,7,2.865,6,Mhekinn,6,Agasga,7,GODLINGS,,,,2620,414.0,16.6
2786,1038.41,628.16,34.8586,-29.3968,43,387,Grassland,50,30,1,0,104,51,3.241,6,Mhekinn,6,Agasga,7,GODLINGS,,,,2788,238.1,9.5
2787,1048.2,627.76,36.7193,-29.3208,50,332,Grassland,50,30,1,0,0,11,2.843,6,Mhekinn,6,Agasga,4,HUMANS,,,,2788,172.3,6.9
2788,1076.18,619.64,42.0371,-27.7774,47,288,Grassland,50,30,1,0,0,17,2.068,6,Mhekinn,6,Agasga,7,GODLINGS,54,Agasga,656176,2788,0.0,0.0
2789,1086.6,621.3,44.0175,-28.0929,47,223,Grassland,50,30,1,1,89,72,4.008,6,Mhekinn,6,Agasga,4,HUMANS,,,,2788,70.0,2.8
2790,1097.0,623.03,45.9942,-28.4218,38,138,Grassland,50,30,1,0,0,20,1.044,6,Mhekinn,6,Agasga,4,HUMANS,,,,2788,128.0,5.1
2791,1101.8,633.2,46.9064,-30.3548,38,106,Grassland,50,30,1,0,0,20,0.776,6,Mhekinn,6,Agasga,4,HUMANS,,,,2788,189.9,7.6
2792,1107.33,614.89,47.9575,-26.8746,37,136,Grassland,50,30,1,0,0,21,1.202,6,Mhekinn,6,Agasga,4,HUMANS,,,,2788,200.4,8.0
2793,1119.06,617.17,50.1868,-27.3079,20,172,Grassland,50,30,1,1,0,60,2.51,6,Mhekinn,6,Agasga,4,HUMANS,,,,2788,266.1,10.6
2794,1112.9,630.2,49.0161,-29.7846,20,222,Grassland,50,30,1,2,0,81,2.513,6,Mhekinn,6,Agasga,4,HUMANS,,,,2788,223.9,9.0
2795,1143.68,622.66,54.8661,-28.3514,10,249,Marine,10,0,0,0,0,0,0,0,Neutrals,0,,0,Wildlands,,,,,,
2796,1153.2,622.3,56.6754,-28.283,10,196,Marine,10,0,0,0,0,0,0,0,Neutrals,0,,0,Wildlands,,,,,,
2797,1162.77,622.04,58.4943,-28.2336,10,260,Marine,10,0,0,0,0,0,0,0,Neutrals,0,,0,Wildlands,,,,,,
2798,1179.65,623.54,61.7025,-28.5187,10,300,Marine,10,0,0,0,0,0,0,0,Neutrals,0,,0,Wildlands,,,,,,
2799,1191.3,624.5,63.9167,-28.7012,10,219,Marine,10,0,0,0,0,0,0,0,Neutrals,0,,0,Wildlands,,,,,,
2800,1203.02,625.41,66.1442,-28.8741,10,313,Marine,10,0,0,0,0,0,0,0,Neutrals,0,,0,Wildlands,,,,,,
2801,1209.19,620.16,67.3168,-27.8762,10,199,Marine,10,0,0,0,0,0,0,0,Neutrals,0,,0,Wildlands,,,,,,
2802,1218.3,624.6,69.0482,-28.7202,10,270,Marine,10,0,0,0,0,0,0,0,Neutrals,0,,0,Wildlands,,,,,,
2803,1227.37,629.01,70.7721,-29.5584,10,216,Marine,10,0,0,0,0,0,0,0,Neutrals,0,,0,Wildlands,,,,,,
2804,1237.6,621.3,72.7164,-28.0929,10,226,Marine,10,0,0,0,0,0,0,0,Neutrals,0,,0,Wildlands,,,,,,
2805,1247.85,613.64,74.6645,-26.637,10,182,Marine,10,0,0,0,0,0,0,0,Neutrals,0,,0,Wildlands,,,,,,
2806,1258.0,620.9,76.5936,-28.0169,10,213,Marine,10,0,0,0,0,0,0,0,Neutrals,0,,0,Wildlands,,,,,,
2807,1268.17,628.23,78.5265,-29.4101,10,286,Marine,10,0,0,0,0,0,0,0,Neutrals,0,,0,Wildlands,,,,,,
2808,1280.81,624.41,80.9288,-28.6841,10,198,Marine,10,0,0,0,0,0,0,0,Neutrals,0,,0,Wildlands,,,,,,
2809,1295.8,629.8,83.7778,-29.7086,10,397,Marine,10,0,0,0,0,0,0,0,Neutrals,0,,0,Wildlands,,,,,,
2810,1309.59,617.37,86.3987,-27.3459,20,100,Grassland,50,30,1,3,0,38,0.928,6,Mhekinn,11,Tavitah,4,HUMANS,,,,2299,992.5,39.7
2811,1316.14,613.93,87.6436,-26.6921,9,102,Marine,10,0,0,0,0,0,0,0,Neutrals,0,,0,Wildlands,,,,,,
2812,1313.5,624.6,87.1418,-28.7202,9,163,Marine,10,0,0,0,0,0,0,0,Neutrals,0,,0,Wildlands,,,,,,
2813,1329.0,618.6,90.0877,-27.5797,9,243,Marine,10,0,0,0,0,0,0,0,Neutrals,0,,0,Wildlands,,,,,,
2814,1341.76,623.18,92.5129,-28.4503,10,197,Marine,10,0,0,0,0,0,0,0,Neutrals,0,,0,Wildlands,,,,,,
2815,1351.5,618.8,94.364,-27.6177,10,177,Marine,10,0,0,0,0,0,0,0,Neutrals,0,,0,Wildlands,,,,,,
2816,1361.23,614.4,96.2133,-26.7814,10,263,Marine,10,0,0,0,0,0,0,0,Neutrals,0,,0,Wildlands,,,,,,
2817,1383.53,619.6,100.4516,-27.7698,10,993,Marine,10,0,0,0,0,0,0,0,Neutrals,0,,0,Wildlands,,,,,,
2818,263.12,632.58,-112.4918,-30.237,10,325,Marine,10,0,0,0,0,0,0,0,Neutrals,0,,0,Wildlands,,,,,,
2819,273.45,631.23,-110.5285,-29.9804,10,122,Marine,10,0,0,0,0,0,0,0,Neutrals,0,,0,Wildlands,,,,,,
2820,275.4,640.7,-110.1579,-31.7804,10,162,Marine,10,0,0,0,0,0,0,0,Neutrals,0,,0,Wildlands,,,,,,
2821,289.23,644.99,-107.5294,-32.5958,20,180,Tropical rainforest,80,80,1,2,0,7,18.007,4,Boru,33,Fowenia,4,HUMANS,,,,2141,1523.6,60.9
2822,300.1,654.9,-105.4635,-34.4794,20,226,Tropical rainforest,80,80,1,0,297,64,14.292,4,Boru,33,Fowenia,4,HUMANS,,,,2141,1615.4,64.6
2823,294.3,654.6,-106.5658,-34.4224,20,127,Tropical rainforest,80,80,1,2,0,7,7.512,4,Boru,33,Fowenia,4,HUMANS,,,,2141,1619.2,64.8
2824,318.54,633.95,-101.9588,-30.4974,20,324,Tropical rainforest,80,80,1,0,0,4,19.422,4,Boru,33,Fowenia,7,GODLINGS,,,,2141,1370.5,54.8
2825,330.05,633.53,-99.7712,-30.4175,36,328,Tropical rainforest,80,80,1,0,166,37,31.79,4,Boru,33,Fowenia,7,GODLINGS,,,,2141,1386.2,55.4
2826,345.47,642.39,-96.8405,-32.1016,39,416,Tropical rainforest,80,80,1,0,95,300,28.027,4,Boru,33,Fowenia,4,HUMANS,,,,2141,1479.0,59.2
2827,367.7,644.09,-92.6155,-32.4247,47,175,Tropical seasonal forest,70,50,1,0,0,30,6.532,4,Boru,33,Fowenia,7,GODLINGS,,,,2141,1521.8,60.9
2828,389.35,639.22,-88.5007,-31.499,40,230,Tropical seasonal forest,70,50,1,0,0,10,9.528,4,Boru,33,Fowenia,7,GODLINGS,,,,2141,1531.7,61.3
2829,410.0,644.86,-84.576,-32.5711,49,376,Tropical seasonal forest,70,50,1,0,0,12,12.622,4,Boru,33,Fowenia,7,GODLINGS,,,,2141,1717.9,68.7
2830,425.81,639.39,-81.5712,-31.5314,71,329,Tropical seasonal forest,70,50,1,0,0,2,10.383,4,Boru,33,Fowenia,7,GODLINGS,,,,2141,1780.9,71.2
2831,442.2,635.95,-78.4561,-30.8775,69,314,Temperate deciduous forest,70,100,1,0,0,4,20.833,4,Boru,33,Fowenia,4,HUMANS,,,,2141,1850.6,74.0
2832,461.35,639.33,-74.8165,-31.52,62,266,Temperate deciduous forest,70,100,1,0,0,10,18.187,4,Boru,33,Fowenia,4,HUMANS,,,,3115,1767.5,70.7
2833,470.36,632.78,-73.1041,-30.275,46,340,Temperate deciduous forest,70,100,1,0,0,35,23.87,4,Boru,32,Helsteria,4,HUMANS,,,,3115,1647.4,65.9
2834,493.14,640.28,-68.7746,-31.7005,40,370,Temperate deciduous forest,70,100,1,0,48,83,5.948,3,Remoore,37,Holingia,4,HUMANS,,,,3115,1435.0,57.4
2835,511.85,631.81,-65.2186,-30.0906,40,326,Grassland,50,30,1,0,0,5,1.418,3,Remoore,37,Holingia,4,HUMANS,,,,3115,1264.9,50.6
2836,536.37,638.93,-60.5583,-31.4439,40,343,Grassland,50,30,1,0,0,5,1.545,3,Remoore,37,Holingia,4,HUMANS,,,,3115,1124.4,45.0
2837,542.91,644.76,-59.3154,-32.5521,40,305,Temperate deciduous forest,70,100,1,0,0,10,4.668,3,Remoore,37,Holingia,4,HUMANS,,,,3115,1143.7,45.7
2838,568.69,645.42,-54.4156,-32.6775,40,337,Temperate deciduous forest,70,100,1,0,0,12,5.091,3,Remoore,37,Holingia,4,HUMANS,,,,3115,945.1,37.8
2839,587.69,643.95,-50.8045,-32.3981,40,254,Temperate deciduous forest,70,100,1,0,0,7,4.124,3,Remoore,37,Holingia,4,HUMANS,,,,3115,798.4,31.9
2840,598.97,646.86,-48.6607,-32.9512,40,354,Temperate deciduous forest,70,100,1,0,0,12,8.823,3,Remoore,37,Holingia,4,HUMANS,,,,3115,708.7,28.3
2841,622.18,639.29,-44.2494,-31.5124,40,512,Temperate deciduous forest,70,100,1,0,0,19,7.719,3,Remoore,35,Hitchia,4,HUMANS,,,,3115,668.0,26.7
2842,642.16,646.7,-40.452,-32.9208,40,308,Temperate deciduous forest,70,100,1,0,0,18,4.456,3,Remoore,35,Hitchia,4,HUMANS,,,,3115,504.0,20.2
2843,649.53,634.49,-39.0513,-30.6,40,253,Temperate deciduous forest,70,100,1,0,106,32,6.332,3,Remoore,35,Hitchia,4,HUMANS,,,,3115,625.8,25.0
2844,665.8,635.8,-35.9591,-30.849,40,300,Temperate deciduous forest,70,100,1,1,0,58,6.407,3,Remoore,35,Hitchia,4,HUMANS,,,,3115,563.6,22.5
2845,682.0,637.1,-32.8801,-31.0961,40,303,Temperate deciduous forest,70,100,1,1,105,63,9.643,3,Remoore,35,Hitchia,4,HUMANS,,,,3115,561.7,22.5
2846,699.69,637.62,-29.518,-31.1949,40,331,Temperate deciduous forest,70,100,1,0,0,14,8.031,3,Remoore,35,Hitchia,4,HUMANS,,,,3115,624.6,25.0
2847,717.81,638.14,-26.0741,-31.2938,39,414,Temperate deciduous forest,70,100,1,0,0,10,6.027,3,Remoore,35,Hitchia,4,HUMANS,,,,3115,697.8,27.9
2848,734.19,646.23,-22.961,-32.8315,39,284,Temperate deciduous forest,70,100,1,0,159,45,4.396,3,Remoore,35,Hitchia,4,HUMANS,,,,3115,765.1,30.6
2849,743.67,642.56,-21.1592,-32.1339,37,358,Temperate deciduous forest,70,100,1,0,169,38,5.302,3,Remoore,35,Hitchia,4,HUMANS,,,,3115,843.4,33.7
2850,763.83,637.19,-17.3276,-31.1132,34,228,Wetland,150,10,1,2,0,22,0.539,3,Remoore,35,Hitchia,4,HUMANS,,,,3115,1187.4,47.5
2851,769.6,647.8,-16.231,-33.1299,34,197,Temperate deciduous forest,70,100,1,2,162,55,5.366,3,Remoore,35,Hitchia,4,HUMANS,,,,3115,988.1,39.5
2852,785.38,634.65,-13.2319,-30.6304,10,202,Marine,10,0,0,0,0,0,0,0,Neutrals,0,,0,Wildlands,,,,,,
2853,795.1,638.0,-11.3845,-31.2672,10,216,Marine,10,0,0,0,0,0,0,0,Neutrals,0,,0,Wildlands,,,,,,
2854,804.91,641.34,-9.52,-31.902,10,255,Marine,10,0,0,0,0,0,0,0,Neutrals,0,,0,Wildlands,,,,,,
2855,812.33,646.8,-8.1098,-32.9398,10,181,Marine,10,0,0,0,0,0,0,0,Neutrals,0,,0,Wildlands,,,,,,
2856,825.1,642.5,-5.6827,-32.1225,10,280,Marine,10,0,0,0,0,0,0,0,Neutrals,0,,0,Wildlands,,,,,,
2857,837.8,638.19,-3.269,-31.3033,10,369,Marine,10,0,0,0,0,0,0,0,Neutrals,0,,0,Wildlands,,,,,,
2858,840.9,650.8,-2.6798,-33.7001,10,325,Marine,10,0,0,0,0,0,0,0,Neutrals,0,,0,Wildlands,,,,,,
2859,886.77,646.89,6.0382,-32.9569,10,1381,Marine,10,0,0,0,0,0,0,0,Neutrals,0,,0,Wildlands,,,,,,
2860,947.61,643.34,17.6013,-32.2822,10,240,Marine,10,0,0,0,0,0,0,0,Neutrals,0,,0,Wildlands,,,,,,
2861,956.7,641.7,19.3289,-31.9704,10,135,Marine,10,0,0,0,0,0,0,0,Neutrals,0,,0,Wildlands,,,,,,
2862,965.73,640.12,21.0452,-31.6701,10,167,Marine,10,0,0,0,0,0,0,0,Neutrals,0,,0,Wildlands,,,,,,
2863,974.68,640.7,22.7462,-31.7804,7,210,Marine,10,0,0,0,0,0,0,0,Neutrals,0,,0,Wildlands,,,,,,
2864,986.7,645.2,25.0307,-32.6357,7,228,Marine,10,0,0,0,0,0,0,0,Neutrals,0,,0,Wildlands,,,,,,
2865,1002.37,640.65,28.0089,-31.7709,20,171,Grassland,50,30,1,2,0,14,1.567,6,Mhekinn,6,Agasga,4,HUMANS,,,,2620,445.0,17.8
2866,1014.54,642.52,30.3219,-32.1263,22,288,Grassland,50,30,1,2,104,59,7.766,6,Mhekinn,6,Agasga,4,HUMANS,,,,2788,391.4,15.7
2867,1033.29,645.25,33.8855,-32.6452,35,286,Grassland,50,30,1,0,0,16,2.505,6,Mhekinn,6,Agasga,4,HUMANS,,,,2788,276.5,11.1
2868,1052.3,637.13,37.4985,-31.1018,45,293,Grassland,50,30,1,0,0,15,6.419,6,Mhekinn,6,Agasga,4,HUMANS,,,,2788,162.8,6.5
2869,1074.05,642.25,41.6323,-32.075,33,356,Wetland,150,10,1,0,213,44,1.262,6,Mhekinn,6,Agasga,7,GODLINGS,,,,2788,386.7,15.5
2870,1094.92,635.81,45.5988,-30.8509,32,207,Wetland,150,10,1,0,89,91,3.772,6,Mhekinn,6,Agasga,4,HUMANS,,,,2788,323.3,12.9
2871,1106.68,643.28,47.8339,-32.2707,20,225,Grassland,50,30,1,3,0,64,5.1,6,Mhekinn,6,Agasga,4,HUMANS,,,,2788,251.5,10.1
2872,1131.61,633.68,52.5721,-30.446,10,282,Marine,10,0,0,0,0,0,0,0,Neutrals,0,,0,Wildlands,,,,,,
2873,1130.2,644.0,52.3041,-32.4076,10,242,Marine,10,0,0,0,0,0,0,0,Neutrals,0,,0,Wildlands,,,,,,
2874,1161.35,644.6,58.2244,-32.5216,10,708,Marine,10,0,0,0,0,0,0,0,Neutrals,0,,0,Wildlands,,,,,,
2875,1186.52,637.23,63.0082,-31.1208,10,1025,Marine,10,0,0,0,0,0,0,0,Neutrals,0,,0,Wildlands,,,,,,
2876,1230.95,645.5,71.4525,-32.6927,10,912,Marine,10,0,0,0,0,0,0,0,Neutrals,0,,0,Wildlands,,,,,,
2877,1244.43,631.03,74.0145,-29.9423,10,347,Marine,10,0,0,0,0,0,0,0,Neutrals,0,,0,Wildlands,,,,,,
2878,1276.54,631.53,80.1173,-30.0374,10,279,Marine,10,0,0,0,0,0,0,0,Neutrals,0,,0,Wildlands,,,,,,
2879,1310.88,635.25,86.6439,-30.7445,10,219,Marine,10,0,0,0,0,0,0,0,Neutrals,0,,0,Wildlands,,,,,,
2880,1316.73,640.24,87.7557,-31.6929,10,309,Marine,10,0,0,0,0,0,0,0,Neutrals,0,,0,Wildlands,,,,,,
2881,1347.46,631.99,93.5962,-30.1248,10,512,Marine,10,0,0,0,0,0,0,0,Neutrals,0,,0,Wildlands,,,,,,
2882,258.05,652.22,-113.4554,-33.97,10,3698,Marine,10,0,0,0,0,0,0,0,Neutrals,0,,0,Wildlands,,,,,,
2883,277.3,650.14,-109.7968,-33.5747,10,221,Marine,10,0,0,0,0,0,0,0,Neutrals,0,,0,Wildlands,,,,,,
2884,299.31,664.25,-105.6136,-36.2566,20,178,Tropical rainforest,80,80,1,3,297,71,13.657,4,Boru,33,Fowenia,4,HUMANS,,,,2141,1698.0,67.9
2885,311.04,664.72,-103.3842,-36.3459,20,304,Tropical rainforest,80,80,1,1,0,8,40.096,4,Boru,33,Fowenia,4,HUMANS,,,,2141,1649.2,66.0
2886,330.26,664.54,-99.7313,-36.3117,20,422,Tropical seasonal forest,70,50,1,0,95,346,24.284,4,Boru,33,Fowenia,4,HUMANS,,,,2141,1625.0,65.0
2887,356.58,653.36,-94.7289,-34.1867,47,272,Tropical seasonal forest,70,50,1,0,0,7,9.535,4,Boru,33,Fowenia,7,GODLINGS,,,,2141,1623.2,64.9
2888,369.5,649.05,-92.2734,-33.3675,72,244,Tropical seasonal forest,70,50,1,0,0,4,19.788,4,Boru,33,Fowenia,7,GODLINGS,,,,2141,1587.8,63.5
2889,389.91,654.05,-88.3943,-34.3178,69,394,Tropical seasonal forest,70,50,1,0,0,7,32.329,4,Boru,33,Fowenia,4,HUMANS,,,,2141,1728.8,69.2
2890,412.83,663.06,-84.0382,-36.0304,63,263,Tropical seasonal forest,70,50,1,0,0,8,8.958,4,Boru,33,Fowenia,7,GODLINGS,,,,2141,1909.4,76.4
2891,427.59,655.25,-81.2329,-34.5459,65,356,Temperate deciduous forest,70,100,1,0,0,10,37.568,4,Boru,33,Fowenia,4,HUMANS,,,,2141,1903.8,76.2
2892,448.88,652.15,-77.1865,-33.9567,66,356,Temperate deciduous forest,70,100,1,0,0,5,24.227,4,Boru,33,Fowenia,4,HUMANS,,,,3115,1918.9,76.8
2893,461.93,662.77,-74.7063,-35.9753,30,319,Temperate deciduous forest,70,100,1,0,48,218,8.221,3,Remoore,37,Holingia,4,HUMANS,,,,3115,1755.6,70.2
2894,481.35,658.58,-71.0154,-35.1789,40,287,Temperate deciduous forest,70,100,1,0,48,129,7.627,3,Remoore,37,Holingia,4,HUMANS,,,,3115,1602.6,64.1
2895,487.93,661.13,-69.7648,-35.6636,40,282,Temperate deciduous forest,70,100,1,0,0,8,7.078,3,Remoore,37,Holingia,7,GODLINGS,,,,3115,1579.9,63.2
2896,508.27,650.1,-65.899,-33.5671,40,408,Temperate deciduous forest,70,100,1,0,0,5,6.073,3,Remoore,37,Holingia,4,HUMANS,,,,3115,1401.8,56.1
2897,525.57,656.05,-62.611,-34.698,40,380,Temperate deciduous forest,70,100,1,0,0,12,5.997,3,Remoore,37,Holingia,4,HUMANS,,,,3115,1260.9,50.4
2898,544.05,664.69,-59.0987,-36.3402,40,286,Temperate deciduous forest,70,100,1,0,0,29,4.203,3,Remoore,37,Holingia,4,HUMANS,,,,3115,1103.8,44.2
2899,570.97,657.75,-53.9823,-35.0211,40,376,Temperate deciduous forest,70,100,1,0,0,14,5.995,3,Remoore,37,Holingia,4,HUMANS,,,,3115,889.7,35.6
2900,591.21,658.04,-50.1355,-35.0762,40,208,Temperate deciduous forest,70,100,1,0,0,8,5.342,3,Remoore,37,Holingia,4,HUMANS,,,,3115,733.9,29.4
2901,596.17,663.27,-49.1928,-36.0703,40,235,Temperate deciduous forest,70,100,1,0,0,7,5.535,3,Remoore,35,Hitchia,4,HUMANS,,,,3115,678.4,27.1
2902,620.0,665.1,-44.6637,-36.4182,40,363,Temperate deciduous forest,70,100,1,0,0,8,5.695,3,Remoore,35,Hitchia,4,HUMANS,,,,3115,494.4,19.8
2903,645.18,657.93,-39.8781,-35.0553,40,187,Temperate deciduous forest,70,100,1,0,0,13,4.64,3,Remoore,35,Hitchia,8,SHIFTERS,,,,3115,427.3,17.1
2904,651.79,661.02,-38.6218,-35.6427,40,313,Temperate deciduous forest,70,100,1,0,0,27,4.637,3,Remoore,35,Hitchia,8,SHIFTERS,,,,3115,371.1,14.8
2905,672.27,661.89,-34.7294,-35.808,40,414,Temperate deciduous forest,70,100,1,0,105,30,6.329,3,Remoore,35,Hitchia,4,HUMANS,,,,3115,356.6,14.3
2906,694.68,656.37,-30.4702,-34.7588,40,275,Temperate deciduous forest,70,100,1,0,0,16,3.957,3,Remoore,35,Hitchia,4,HUMANS,,,,3115,475.2,19.0
2907,706.68,657.95,-28.1895,-35.0591,40,341,Temperate deciduous forest,70,100,1,0,0,13,5.363,3,Remoore,35,Hitchia,4,HUMANS,,,,3115,522.9,20.9
2908,730.49,664.77,-23.6642,-36.3554,40,197,Temperate deciduous forest,70,100,1,0,0,16,3.112,3,Remoore,35,Hitchia,4,HUMANS,,,,3115,627.5,25.1
2909,742.66,659.47,-21.3512,-35.348,40,223,Temperate deciduous forest,70,100,1,0,0,19,3.429,3,Remoore,35,Hitchia,4,HUMANS,,,,3115,729.7,29.2
2910,764.46,656.59,-17.2079,-34.8006,38,276,Temperate deciduous forest,70,100,1,0,162,33,4.124,3,Remoore,35,Hitchia,4,HUMANS,,,,3115,909.7,36.4
2911,775.37,658.37,-15.1344,-35.139,37,166,Temperate deciduous forest,70,100,1,1,0,28,3.134,3,Remoore,35,Hitchia,4,HUMANS,,,,3115,994.8,39.8
2912,784.6,661.3,-13.3801,-35.6959,37,171,Temperate deciduous forest,70,100,1,2,0,28,2.697,3,Remoore,35,Hitchia,4,HUMANS,,,,3115,1037.7,41.5
2913,777.8,672.9,-14.6725,-37.9007,37,224,Temperate deciduous forest,70,100,1,0,180,43,3.338,3,Remoore,35,Hitchia,4,HUMANS,,,,3115,934.1,37.4
2914,793.79,664.29,-11.6335,-36.2642,20,195,Wetland,150,10,1,2,180,106,1.166,3,Remoore,35,Hitchia,4,HUMANS,,,,3115,1133.0,45.3
2915,809.1,661.1,-8.7237,-35.6579,20,282,Wetland,150,10,1,2,214,85,1.662,3,Remoore,34,Ormland,4,HUMANS,,,,3115,1391.0,55.6
2916,824.39,657.94,-5.8177,-35.0572,20,266,Wetland,150,10,1,4,303,92,1.535,3,Remoore,34,Ormland,4,HUMANS,,,,3115,1648.6,65.9
2917,844.0,663.35,-2.0906,-36.0855,10,212,Marine,10,0,0,0,0,0,0,0,Neutrals,0,,0,Wildlands,,,,,,
2918,860.08,663.46,0.9655,-36.1064,10,372,Marine,10,0,0,0,0,0,0,0,Neutrals,0,,0,Wildlands,,,,,,
2919,869.1,666.3,2.6798,-36.6463,10,233,Marine,10,0,0,0,0,0,0,0,Neutrals,0,,0,Wildlands,,,,,,
2920,930.67,651.94,14.3817,-33.9168,10,1833,Marine,10,0,0,0,0,0,0,0,Neutrals,0,,0,Wildlands,,,,,,
2921,957.86,649.57,19.5494,-33.4663,10,458,Marine,10,0,0,0,0,0,0,0,Neutrals,0,,0,Wildlands,,,,,,
2922,974.92,661.7,22.7918,-35.7719,10,1158,Marine,10,0,0,0,0,0,0,0,Neutrals,0,,0,Wildlands,,,,,,
2923,998.8,649.77,27.3304,-33.5043,10,238,Marine,10,0,0,0,0,0,0,0,Neutrals,0,,0,Wildlands,,,,,,
2924,1009.0,660.7,29.269,-35.5818,10,293,Marine,10,0,0,0,0,0,0,0,Neutrals,0,,0,Wildlands,,,,,,
2925,1022.67,653.7,31.8671,-34.2513,20,169,Grassland,50,30,1,2,0,33,1.596,6,Mhekinn,6,Agasga,4,HUMANS,,,,2788,351.1,14.0
2926,1031.21,657.87,33.4902,-35.0439,20,157,Wetland,150,10,1,0,0,27,2.979,6,Mhekinn,6,Agasga,4,HUMANS,,,,2788,487.5,19.5
2927,1054.84,653.2,37.9813,-34.1563,29,289,Wetland,150,10,1,0,244,48,1.066,6,Mhekinn,6,Agasga,4,HUMANS,,,,2788,443.2,17.7
2928,1071.41,656.98,41.1306,-34.8748,20,175,Wetland,150,10,1,0,0,33,0.562,6,Mhekinn,6,Agasga,4,HUMANS,,,,2788,633.6,25.3
2929,1082.7,654.9,43.2763,-34.4794,20,238,Wetland,150,10,1,2,213,110,2.418,6,Mhekinn,6,Agasga,4,HUMANS,,,,2788,639.6,25.6
2930,1067.5,669.8,40.3874,-37.3115,20,186,Wetland,150,10,1,2,299,66,1.515,6,Mhekinn,6,Agasga,4,HUMANS,,,,2788,790.7,31.6
2931,1064.2,663.3,39.7602,-36.076,20,102,Wetland,150,10,1,0,299,33,1.794,6,Mhekinn,6,Agasga,4,HUMANS,,,,2788,670.5,26.8
2932,1094.04,652.81,45.4316,-34.0822,20,249,Wetland,150,10,1,3,89,140,2.644,6,Mhekinn,6,Agasga,4,HUMANS,,,,2788,524.7,21.0
2933,1109.72,660.06,48.4117,-35.4602,10,193,Marine,10,0,0,0,0,0,0,0,Neutrals,0,,0,Wildlands,,,,,,
2934,1119.3,657.2,50.2325,-34.9166,10,217,Marine,10,0,0,0,0,0,0,0,Neutrals,0,,0,Wildlands,,,,,,
2935,1128.84,654.24,52.0456,-34.354,10,247,Marine,10,0,0,0,0,0,0,0,Neutrals,0,,0,Wildlands,,,,,,
2936,1149.08,656.19,55.8924,-34.7246,10,400,Marine,10,0,0,0,0,0,0,0,Neutrals,0,,0,Wildlands,,,,,,
2937,1247.63,658.36,74.6227,-35.1371,10,687,Marine,10,0,0,0,0,0,0,0,Neutrals,0,,0,Wildlands,,,,,,
2938,1273.67,658.06,79.5718,-35.08,10,621,Marine,10,0,0,0,0,0,0,0,Neutrals,0,,0,Wildlands,,,,,,
2939,1317.13,655.6,87.8317,-34.6125,10,367,Marine,10,0,0,0,0,0,0,0,Neutrals,0,,0,Wildlands,,,,,,
2940,1335.11,657.0,91.249,-34.8786,10,397,Marine,10,0,0,0,0,0,0,0,Neutrals,0,,0,Wildlands,,,,,,
2941,1351.87,657.47,94.4344,-34.9679,10,638,Marine,10,0,0,0,0,0,0,0,Neutrals,0,,0,Wildlands,,,,,,
2942,1398.35,651.71,103.2683,-33.8731,10,1280,Marine,10,0,0,0,0,0,0,0,Neutrals,0,,0,Wildlands,,,,,,
2943,264.79,668.53,-112.1744,-37.0701,10,3012,Marine,10,0,0,0,0,0,0,0,Neutrals,0,,0,Wildlands,,,,,,
2944,283.08,667.01,-108.6982,-36.7812,10,309,Marine,10,0,0,0,0,0,0,0,Neutrals,0,,0,Wildlands,,,,,,
2945,292.92,681.36,-106.8281,-39.5088,10,301,Marine,10,0,0,0,0,0,0,0,Neutrals,0,,0,Wildlands,,,,,,
2946,305.0,684.2,-104.5322,-40.0486,10,170,Marine,10,0,0,0,0,0,0,0,Neutrals,0,,0,Wildlands,,,,,,
2947,321.43,677.91,-101.4095,-38.853,20,168,Tropical seasonal forest,70,50,1,2,95,355,12.185,4,Boru,33,Fowenia,4,HUMANS,,,,2141,1748.3,69.9
2948,330.8,680.3,-99.6287,-39.3073,20,172,Tropical seasonal forest,70,50,1,2,0,9,7.085,4,Boru,33,Fowenia,4,HUMANS,,,,2141,1746.4,69.9
2949,340.13,682.79,-97.8554,-39.7806,23,175,Tropical seasonal forest,70,50,1,0,0,5,7.675,4,Boru,33,Fowenia,4,HUMANS,,,,2141,1796.7,71.9
2950,351.12,667.63,-95.7667,-36.899,32,346,Tropical seasonal forest,70,50,1,0,0,21,11.401,4,Boru,33,Fowenia,7,GODLINGS,,,,2141,1678.1,67.1
2951,368.63,680.89,-92.4387,-39.4194,61,258,Tropical seasonal forest,70,50,1,0,0,19,8.822,4,Boru,33,Fowenia,7,GODLINGS,,,,2141,1905.2,76.2
2952,380.85,673.47,-90.1162,-38.0091,71,398,Tropical seasonal forest,70,50,1,0,0,3,28.217,4,Boru,33,Fowenia,7,GODLINGS,,,,2141,1795.1,71.8
2953,400.88,681.02,-86.3094,-39.4441,69,386,Temperate deciduous forest,70,100,1,0,0,4,25.177,4,Boru,33,Fowenia,4,HUMANS,,,,2141,1953.0,78.1
2954,417.08,668.4,-83.2304,-37.0454,61,267,Temperate deciduous forest,70,100,1,0,0,16,18.662,4,Boru,33,Fowenia,7,GODLINGS,,,,2141,1961.9,78.5
2955,443.1,678.62,-78.2851,-38.988,46,426,Temperate deciduous forest,70,100,1,0,0,67,10.642,3,Remoore,37,Holingia,4,HUMANS,,,,3115,1985.5,79.4
2956,461.7,675.6,-74.75,-38.4139,31,274,Temperate deciduous forest,70,100,1,0,48,233,5.098,3,Remoore,37,Holingia,4,HUMANS,,,,3115,1786.0,71.4
2957,481.01,674.05,-71.08,-38.1193,38,217,Temperate deciduous forest,70,100,1,0,0,16,3.426,3,Remoore,37,Holingia,4,HUMANS,,,,3115,1624.9,65.0
2958,487.46,680.74,-69.8541,-39.3909,39,182,Temperate deciduous forest,70,100,1,0,0,8,4.253,3,Remoore,37,Holingia,4,HUMANS,,,,3115,1553.3,62.1
2959,506.22,680.39,-66.2886,-39.3244,40,423,Temperate deciduous forest,70,100,1,0,0,5,10.667,3,Remoore,37,Holingia,4,HUMANS,,,,3115,1408.8,56.4
2960,534.13,668.21,-60.9841,-37.0093,40,256,Temperate deciduous forest,70,100,1,0,0,17,4.337,3,Remoore,37,Holingia,4,HUMANS,,,,3115,1184.9,47.4
2961,556.04,674.6,-56.8199,-38.2239,40,217,Temperate deciduous forest,70,100,1,0,0,7,3.857,3,Remoore,37,Holingia,4,HUMANS,,,,3115,1000.4,40.0
2962,540.2,681.3,-59.8304,-39.4974,40,310,Temperate deciduous forest,70,100,1,2,110,70,11.783,3,Remoore,37,Holingia,4,HUMANS,40,Mertyn,327514,3115,1124.5,45.0
2963,560.97,678.64,-55.8829,-38.9918,40,203,Temperate deciduous forest,70,100,1,1,0,21,6.662,3,Remoore,37,Holingia,4,HUMANS,,,,3115,951.3,38.1
2964,577.16,681.62,-52.8058,-39.5582,40,314,Temperate deciduous forest,70,100,1,0,0,23,5.35,3,Remoore,35,Hitchia,4,HUMANS,,,,3115,828.1,33.1
2965,596.44,676.85,-49.1415,-38.6515,40,350,Temperate deciduous forest,70,100,1,0,0,7,5.543,3,Remoore,35,Hitchia,4,HUMANS,,,,3115,675.7,27.0
2966,615.86,676.7,-45.4506,-38.623,40,367,Temperate deciduous forest,70,100,1,0,0,8,5.392,3,Remoore,35,Hitchia,4,HUMANS,,,,3115,526.1,21.0
2967,633.48,670.54,-42.1018,-37.4522,40,415,Temperate deciduous forest,70,100,1,0,0,11,6.314,3,Remoore,35,Hitchia,4,HUMANS,,,,3115,382.4,15.3
2968,663.65,677.25,-36.3677,-38.7276,40,216,Temperate deciduous forest,70,100,1,0,0,14,5.034,3,Remoore,35,Hitchia,4,HUMANS,,,,3115,260.6,10.4
2969,671.14,681.18,-34.9442,-39.4746,40,293,Temperate deciduous forest,70,100,1,0,0,14,4.396,3,Remoore,35,Hitchia,4,HUMANS,,,,3115,195.9,7.8
2970,690.75,668.91,-31.2171,-37.1423,40,400,Temperate deciduous forest,70,100,1,0,0,15,6.057,3,Remoore,35,Hitchia,4,HUMANS,,,,3115,374.0,15.0
2971,712.23,675.87,-27.1346,-38.4653,40,471,Temperate deciduous forest,70,100,1,0,0,27,7.115,3,Remoore,35,Hitchia,4,HUMANS,,,,3115,454.3,18.2
2972,728.58,669.23,-24.0272,-37.2032,40,252,Temperate deciduous forest,70,100,1,0,0,16,5.907,3,Remoore,35,Hitchia,4,HUMANS,,,,3115,590.1,23.6
2973,744.76,669.86,-20.952,-37.3229,40,272,Temperate deciduous forest,70,100,1,0,0,17,4.108,3,Remoore,35,Hitchia,4,HUMANS,48,Pryor,329661,3115,714.8,28.6
2974,759.84,678.81,-18.086,-39.0241,40,346,Temperate deciduous forest,70,100,1,0,0,15,5.287,3,Remoore,35,Hitchia,4,HUMANS,,,,3115,776.5,31.1
2975,788.86,668.53,-12.5705,-37.0701,36,143,Temperate deciduous forest,70,100,1,0,180,67,2.205,3,Remoore,35,Hitchia,4,HUMANS,,,,3115,1025.7,41.0
2976,803.12,680.67,-9.8602,-39.3776,35,177,Temperate deciduous forest,70,100,1,0,214,46,4.437,3,Remoore,34,Ormland,4,HUMANS,,,,3115,1142.5,45.7
2977,810.92,681.94,-8.3778,-39.619,20,271,Temperate deciduous forest,70,100,1,0,303,46,4.362,3,Remoore,34,Ormland,4,HUMANS,42,Hestwicke,147251,3115,1203.3,48.1
2978,832.97,673.22,-4.187,-37.9616,20,299,Wetland,150,10,1,1,194,59,2.568,3,Remoore,34,Ormland,4,HUMANS,,,,3115,1594.6,63.8
2979,843.0,676.0,-2.2807,-38.49,20,160,Temperate deciduous forest,70,100,1,1,0,43,3.024,3,Remoore,34,Ormland,4,HUMANS,,,,3115,1595.8,63.8
2980,852.96,678.87,-0.3877,-39.0355,34,206,Temperate deciduous forest,70,100,1,3,0,55,3.373,3,Remoore,34,Ormland,4,HUMANS,,,,3115,1600.8,64.0
2981,863.9,686.0,1.6915,-40.3907,34,219,Temperate deciduous forest,70,100,1,3,0,55,3.672,3,Remoore,34,Ormland,4,HUMANS,,,,3115,1701.3,68.1
2982,878.18,669.23,4.4056,-37.2032,10,408,Marine,10,0,0,0,0,0,0,0,Neutrals,0,,0,Wildlands,,,,,,
2983,881.2,682.7,4.9795,-39.7635,10,522,Marine,10,0,0,0,0,0,0,0,Neutrals,0,,0,Wildlands,,,,,,
2984,993.32,679.14,26.2889,-39.0868,10,1969,Marine,10,0,0,0,0,0,0,0,Neutrals,0,,0,Wildlands,,,,,,
2985,1019.1,671.66,31.1886,-37.665,10,284,Marine,10,0,0,0,0,0,0,0,Neutrals,0,,0,Wildlands,,,,,,
2986,1030.5,685.3,33.3553,-40.2577,10,329,Marine,10,0,0,0,0,0,0,0,Neutrals,0,,0,Wildlands,,,,,,
2987,1028.33,666.93,32.9428,-36.766,20,160,Wetland,150,10,1,2,0,55,0.749,6,Mhekinn,6,Agasga,4,HUMANS,,,,2788,588.6,23.5
2988,1042.7,668.3,35.674,-37.0264,20,295,Wetland,150,10,1,2,244,76,2.882,6,Mhekinn,6,Agasga,4,HUMANS,,,,2788,755.6,30.2
2989,1056.98,669.69,38.388,-37.2906,20,191,Wetland,150,10,1,0,305,32,0.721,6,Mhekinn,6,Agasga,4,HUMANS,,,,2788,717.6,28.7
2990,1063.56,682.6,39.6386,-39.7445,20,183,Wetland,150,10,1,3,305,80,1.77,6,Mhekinn,6,Agasga,4,HUMANS,,,,2788,956.7,38.3
2991,1087.58,679.93,44.2038,-39.237,10,271,Marine,10,0,0,0,0,0,0,0,Neutrals,0,,0,Wildlands,,,,,,
2992,1096.8,675.8,45.9561,-38.452,10,179,Marine,10,0,0,0,0,0,0,0,Neutrals,0,,0,Wildlands,,,,,,
2993,1105.95,671.65,47.6952,-37.6631,10,181,Marine,10,0,0,0,0,0,0,0,Neutrals,0,,0,Wildlands,,,,,,
2994,1118.23,679.53,50.0291,-39.1609,10,954,Marine,10,0,0,0,0,0,0,0,Neutrals,0,,0,Wildlands,,,,,,
2995,1146.93,670.85,55.4838,-37.5111,10,1235,Marine,10,0,0,0,0,0,0,0,Neutrals,0,,0,Wildlands,,,,,,
2996,1269.57,677.37,78.7925,-38.7504,10,519,Marine,10,0,0,0,0,0,0,0,Neutrals,0,,0,Wildlands,,,,,,
2997,1294.16,672.15,83.4661,-37.7582,10,274,Marine,10,0,0,0,0,0,0,0,Neutrals,0,,0,Wildlands,,,,,,
2998,1300.33,667.45,84.6387,-36.8648,10,398,Marine,10,0,0,0,0,0,0,0,Neutrals,0,,0,Wildlands,,,,,,
2999,1321.87,676.49,88.7326,-38.5831,10,269,Marine,10,0,0,0,0,0,0,0,Neutrals,0,,0,Wildlands,,,,,,
3000,1334.2,676.4,91.076,-38.566,10,232,Marine,10,0,0,0,0,0,0,0,Neutrals,0,,0,Wildlands,,,,,,
3001,1314.1,686.4,87.2558,-40.4667,10,245,Marine,10,0,0,0,0,0,0,0,Neutrals,0,,0,Wildlands,,,,,,
3002,1346.45,676.32,93.4042,-38.5508,10,198,Marine,10,0,0,0,0,0,0,0,Neutrals,0,,0,Wildlands,,,,,,
3003,1355.81,675.26,95.1832,-38.3493,10,223,Marine,10,0,0,0,0,0,0,0,Neutrals,0,,0,Wildlands,,,,,,
3004,1370.29,677.94,97.9352,-38.8587,10,295,Marine,10,0,0,0,0,0,0,0,Neutrals,0,,0,Wildlands,,,,,,
3005,1380.7,678.4,99.9137,-38.9461,10,226,Marine,10,0,0,0,0,0,0,0,Neutrals,0,,0,Wildlands,,,,,,
3006,1391.06,678.87,101.8827,-39.0355,10,271,Marine,10,0,0,0,0,0,0,0,Neutrals,0,,0,Wildlands,,,,,,
3007,1403.6,684.0,104.2661,-40.0106,10,270,Marine,10,0,0,0,0,0,0,0,Neutrals,0,,0,Wildlands,,,,,,
3008,1382.8,683.9,100.3129,-39.9916,10,95,Marine,10,0,0,0,0,0,0,0,Neutrals,0,,0,Wildlands,,,,,,
3009,1414.59,667.3,106.3548,-36.8363,10,625,Marine,10,0,0,0,0,0,0,0,Neutrals,0,,0,Wildlands,,,,,,
3010,1433.79,671.09,110.0039,-37.5567,10,2162,Marine,10,0,0,0,0,0,0,0,Neutrals,0,,0,Wildlands,,,,,,
3011,274.19,694.84,-110.3879,-42.071,10,12949,Marine,10,0,0,0,0,0,0,0,Neutrals,0,,0,Wildlands,,,,,,
3012,302.68,692.22,-104.9731,-41.573,10,231,Marine,10,0,0,0,0,0,0,0,Neutrals,0,,0,Wildlands,,,,,,
3013,317.06,686.96,-102.2401,-40.5732,10,139,Marine,10,0,0,0,0,0,0,0,Neutrals,0,,0,Wildlands,,,,,,
3014,318.7,696.3,-101.9284,-42.3485,10,176,Marine,10,0,0,0,0,0,0,0,Neutrals,0,,0,Wildlands,,,,,,
3015,336.92,699.88,-98.4655,-43.0289,20,210,Tropical seasonal forest,70,50,1,5,0,15,9.704,4,Boru,33,Fowenia,4,HUMANS,,,,2141,1904.3,76.2
3016,344.8,692.6,-96.9678,-41.6452,20,152,Tropical seasonal forest,70,50,1,1,298,61,19.083,4,Boru,33,Fowenia,4,HUMANS,,,,2141,1892.4,75.7
3017,352.69,685.41,-95.4683,-40.2786,20,170,Tropical seasonal forest,70,50,1,0,298,51,15.849,4,Boru,33,Fowenia,4,HUMANS,,,,2141,1827.6,73.1
3018,360.97,691.46,-93.8946,-41.4285,55,170,Tropical seasonal forest,70,50,1,2,0,15,6.84,4,Boru,33,Fowenia,4,HUMANS,,,,2141,1975.6,79.0
3019,372.1,693.3,-91.7792,-41.7782,55,158,Temperate deciduous forest,70,100,1,1,0,15,19.666,4,Boru,33,Fowenia,4,HUMANS,,,,2141,1962.0,78.5
3020,383.32,695.22,-89.6468,-42.1432,73,258,Temperate deciduous forest,70,100,1,1,0,3,29.808,4,Boru,33,Fowenia,4,HUMANS,,,,2141,1972.1,78.9
3021,399.73,694.13,-86.5279,-41.936,54,344,Temperate deciduous forest,70,100,1,0,60,50,24.362,4,Boru,33,Fowenia,4,HUMANS,,,,2141,2066.3,82.7
3022,428.42,685.22,-81.0751,-40.2424,53,325,Temperate deciduous forest,70,100,1,0,0,14,7.318,3,Remoore,37,Holingia,4,HUMANS,,,,3115,2095.7,83.8
3023,433.03,691.1,-80.199,-41.3601,36,337,Temperate deciduous forest,70,100,1,0,182,38,8.242,3,Remoore,37,Holingia,4,HUMANS,,,,3115,2013.7,80.5
3024,465.45,690.94,-74.0373,-41.3297,30,399,Temperate deciduous forest,70,100,1,0,48,326,7.698,3,Remoore,37,Holingia,4,HUMANS,,,,3115,1726.6,69.1
3025,479.89,689.77,-71.2928,-41.1073,32,242,Temperate deciduous forest,70,100,1,0,226,31,3.731,3,Remoore,37,Holingia,4,HUMANS,,,,3115,1615.0,64.6
3026,492.49,691.8,-68.8981,-41.4931,38,260,Temperate deciduous forest,70,100,1,0,0,13,4.108,3,Remoore,37,Holingia,4,HUMANS,,,,3115,1504.8,60.2
3027,517.14,689.82,-64.2132,-41.1168,40,223,Temperate deciduous forest,70,100,1,0,0,5,5.511,3,Remoore,37,Holingia,4,HUMANS,,,,3115,1314.4,52.6
3028,524.36,688.07,-62.8409,-40.7842,40,208,Temperate deciduous forest,70,100,1,0,0,10,5.29,3,Remoore,37,Holingia,4,HUMANS,,,,3115,1257.2,50.3
3029,526.8,698.4,-62.3772,-42.7476,40,206,Temperate deciduous forest,70,100,1,1,0,10,4.037,3,Remoore,37,Holingia,4,HUMANS,,,,3115,1266.5,50.7
3030,556.55,697.56,-56.723,-42.588,0,154,Marine,10,0,0,0,0,0,0,0,Neutrals,0,,0,Wildlands,,,,,,
3031,565.35,692.86,-55.0504,-41.6946,40,166,Temperate deciduous forest,70,100,1,1,0,30,4.978,3,Remoore,35,Hitchia,4,HUMANS,,,,3115,836.7,33.5
3032,579.77,694.8,-52.3098,-42.0634,40,336,Temperate deciduous forest,70,100,1,0,0,29,5,3,Remoore,35,Hitchia,4,HUMANS,,,,3115,724.7,29.0
3033,602.67,699.33,-47.9575,-42.9244,40,312,Temperate deciduous forest,70,100,1,0,0,15,7.227,3,Remoore,35,Hitchia,7,GODLINGS,,,,3115,544.9,21.8
3034,626.14,699.57,-43.4968,-42.97,40,314,Temperate deciduous forest,70,100,1,0,0,7,7.375,3,Remoore,35,Hitchia,4,HUMANS,,,,3115,356.7,14.3
3035,638.94,700.85,-41.064,-43.2133,40,279,Temperate deciduous forest,70,100,1,0,0,18,4.648,3,Remoore,35,Hitchia,4,HUMANS,,,,3115,257.7,10.3
3036,656.36,687.85,-37.7532,-40.7423,40,377,Temperate deciduous forest,70,100,1,0,101,40,9.184,3,Remoore,35,Hitchia,4,HUMANS,,,,3115,161.5,6.5
3037,670.48,700.36,-35.0696,-43.1202,40,189,Temperate deciduous forest,70,100,1,0,0,14,2.885,3,Remoore,35,Hitchia,4,HUMANS,,,,3115,48.1,1.9
3038,684.5,699.6,-32.405,-42.9757,40,280,Temperate deciduous forest,70,100,1,1,0,28,5.381,3,Remoore,35,Hitchia,4,HUMANS,,,,3115,140.6,5.6
3039,698.55,698.76,-29.7346,-42.8161,40,207,Temperate deciduous forest,70,100,1,1,0,56,6.199,3,Remoore,35,Hitchia,4,HUMANS,,,,3115,248.9,10.0
3040,702.94,699.78,-28.9003,-43.0099,40,211,Temperate deciduous forest,70,100,1,1,0,11,4.084,3,Remoore,35,Hitchia,4,HUMANS,,,,3115,283.6,11.3
3041,732.59,699.43,-23.2651,-42.9434,40,303,Temperate deciduous forest,70,100,1,0,0,15,4.517,3,Remoore,35,Hitchia,4,HUMANS,,,,3115,512.0,20.5
3042,739.85,691.86,-21.8852,-41.5045,40,356,Temperate deciduous forest,70,100,1,0,0,16,5.318,3,Remoore,35,Hitchia,4,HUMANS,,,,3115,592.7,23.7
3043,760.77,698.64,-17.9092,-42.7932,40,227,Temperate deciduous forest,70,100,1,0,107,30,3.459,3,Remoore,35,Hitchia,4,HUMANS,,,,3115,774.1,31.0
3044,770.5,693.0,-16.0599,-41.7212,40,226,Temperate deciduous forest,70,100,1,1,0,14,6.287,3,Remoore,35,Hitchia,4,HUMANS,,,,3115,860.6,34.4
3045,760.5,708.4,-17.9605,-44.6484,40,180,Temperate deciduous forest,70,100,1,1,107,44,5.605,3,Remoore,35,Hitchia,4,HUMANS,,,,3115,787.1,31.5
3046,780.18,687.37,-14.2202,-40.6511,40,257,Temperate deciduous forest,70,100,1,0,0,22,3.822,3,Remoore,35,Hitchia,4,HUMANS,,,,3115,946.5,37.9
3047,793.2,699.6,-11.7456,-42.9757,40,328,Temperate deciduous forest,70,100,1,1,0,22,6.617,3,Remoore,34,Ormland,4,HUMANS,,,,3115,1042.7,41.7
3048,803.5,686.84,-9.788,-40.5504,38,208,Temperate deciduous forest,70,100,1,0,0,22,3.394,3,Remoore,34,Ormland,4,HUMANS,,,,3115,1126.1,45.0
3049,825.04,697.9,-5.6942,-42.6526,34,377,Temperate deciduous forest,70,100,1,0,194,37,5.649,3,Remoore,34,Ormland,4,HUMANS,,,,3115,1324.5,53.0
3050,842.18,693.52,-2.4365,-41.8201,34,328,Temperate deciduous forest,70,100,1,0,0,21,4.985,3,Remoore,34,Ormland,4,HUMANS,,,,3115,1460.7,58.4
3051,857.29,699.21,0.4352,-42.9016,26,185,Temperate deciduous forest,70,100,1,0,0,26,2.902,3,Remoore,34,Ormland,4,HUMANS,,,,3115,1585.1,63.4
3052,874.91,693.03,3.7841,-41.7269,20,173,Temperate deciduous forest,70,100,1,2,0,72,3.092,3,Remoore,34,Ormland,4,HUMANS,,,,3115,1728.8,69.2
3053,884.22,696.2,5.5535,-42.3295,10,556,Marine,10,0,0,0,0,0,0,0,Neutrals,0,,0,Wildlands,,,,,,
3054,886.1,710.9,5.9108,-45.1235,10,263,Marine,10,0,0,0,0,0,0,0,Neutrals,0,,0,Wildlands,,,,,,
3055,1015.34,695.29,30.474,-42.1565,10,2798,Marine,10,0,0,0,0,0,0,0,Neutrals,0,,0,Wildlands,,,,,,
3056,1041.87,698.85,35.5162,-42.8332,10,210,Marine,10,0,0,0,0,0,0,0,Neutrals,0,,0,Wildlands,,,,,,
3057,1053.51,697.17,37.7285,-42.5138,10,203,Marine,10,0,0,0,0,0,0,0,Neutrals,0,,0,Wildlands,,,,,,
3058,1063.4,692.0,39.6082,-41.5312,10,183,Marine,10,0,0,0,0,0,0,0,Neutrals,0,,0,Wildlands,,,,,,
3059,1073.22,686.85,41.4746,-40.5523,10,211,Marine,10,0,0,0,0,0,0,0,Neutrals,0,,0,Wildlands,,,,,,
3060,1085.19,700.39,43.7496,-43.1259,10,1900,Marine,10,0,0,0,0,0,0,0,Neutrals,0,,0,Wildlands,,,,,,
3061,1102.32,686.53,47.0053,-40.4914,10,674,Marine,10,0,0,0,0,0,0,0,Neutrals,0,,0,Wildlands,,,,,,
3062,1229.76,694.64,71.2263,-42.0329,10,725,Marine,10,0,0,0,0,0,0,0,Neutrals,0,,0,Wildlands,,,,,,
3063,1243.01,686.06,73.7446,-40.4021,10,634,Marine,10,0,0,0,0,0,0,0,Neutrals,0,,0,Wildlands,,,,,,
3064,1275.49,698.53,79.9177,-42.7723,10,220,Marine,10,0,0,0,0,0,0,0,Neutrals,0,,0,Wildlands,,,,,,
3065,1284.2,692.5,81.5731,-41.6262,10,225,Marine,10,0,0,0,0,0,0,0,Neutrals,0,,0,Wildlands,,,,,,
3066,1292.95,686.4,83.2361,-40.4667,10,239,Marine,10,0,0,0,0,0,0,0,Neutrals,0,,0,Wildlands,,,,,,
3067,1306.35,696.32,85.7829,-42.3523,10,249,Marine,10,0,0,0,0,0,0,0,Neutrals,0,,0,Wildlands,,,,,,
3068,1328.36,695.33,89.9661,-42.1641,60,242,Coastal,50,50,1,4,0,24,0.007,8,Jomhor,0,,4,HUMANS,,,,,,
3069,1328.6,707.2,90.0117,-44.4203,60,172,Coastal,50,50,1,1,0,24,0.007,8,Jomhor,0,,4,HUMANS,,,,,,
3070,1343.51,692.54,92.8455,-41.6338,78,208,Coastal,50,50,1,2,0,26,0.006,8,Jomhor,0,,4,HUMANS,,,,,,
3071,1353.8,698.0,94.8012,-42.6716,78,160,Coastal,50,50,1,0,0,26,0.005,8,Jomhor,0,,4,HUMANS,,,,,,
3072,1360.23,691.16,96.0232,-41.3715,100,178,Coastal,50,50,1,4,0,16,0.005,8,Jomhor,0,,4,HUMANS,,,,,,
3073,1374.52,688.87,98.7392,-40.9362,10,163,Marine,10,0,0,0,0,0,0,0,Neutrals,0,,0,Wildlands,,,,,,
3074,1388.97,696.18,101.4855,-42.3257,71,200,Coastal,50,50,1,4,0,57,0.006,8,Jomhor,0,,4,HUMANS,,,,,,
3075,1382.1,702.3,100.1798,-43.4889,71,144,Coastal,50,50,1,1,0,57,0.006,8,Jomhor,0,,4,HUMANS,,,,,,
3076,1402.4,706.6,104.038,-44.3062,71,299,Coastal,50,50,1,3,0,57,0.009,8,Jomhor,0,,4,HUMANS,,,,,,
3077,1416.12,689.07,106.6456,-40.9742,10,256,Marine,10,0,0,0,0,0,0,0,Neutrals,0,,0,Wildlands,,,,,,
3078,1424.0,694.0,108.1433,-41.9113,10,231,Marine,10,0,0,0,0,0,0,0,Neutrals,0,,0,Wildlands,,,,,,
3079,1431.81,698.99,109.6276,-42.8598,10,209,Marine,10,0,0,0,0,0,0,0,Neutrals,0,,0,Wildlands,,,,,,
3080,1440.1,704.9,111.2032,-43.9831,10,150,Marine,10,0,0,0,0,0,0,0,Neutrals,0,,0,Wildlands,,,,,,
3081,1451.11,690.14,113.2958,-41.1776,10,418,Marine,10,0,0,0,0,0,0,0,Neutrals,0,,0,Wildlands,,,,,,
3082,1464.98,689.98,115.9319,-41.1472,10,2639,Marine,10,0,0,0,0,0,0,0,Neutrals,0,,0,Wildlands,,,,,,
3083,301.58,708.5,-105.1822,-44.6674,10,1254,Marine,10,0,0,0,0,0,0,0,Neutrals,0,,0,Wildlands,,,,,,
3084,320.38,705.68,-101.6091,-44.1314,10,233,Marine,10,0,0,0,0,0,0,0,Neutrals,0,,0,Wildlands,,,,,,
3085,329.9,710.9,-99.7997,-45.1235,10,193,Marine,10,0,0,0,0,0,0,0,Neutrals,0,,0,Wildlands,,,,,,
3086,339.39,716.08,-97.9961,-46.1081,10,150,Marine,10,0,0,0,0,0,0,0,Neutrals,0,,0,Wildlands,,,,,,
3087,352.84,708.19,-95.4398,-44.6084,10,234,Marine,10,0,0,0,0,0,0,0,Neutrals,0,,0,Wildlands,,,,,,
3088,363.9,715.6,-93.3377,-46.0169,10,219,Marine,10,0,0,0,0,0,0,0,Neutrals,0,,0,Wildlands,,,,,,
3089,369.09,706.63,-92.3513,-44.3119,8,221,Marine,10,0,0,0,0,0,0,0,Neutrals,0,,0,Wildlands,,,,,,
3090,392.22,708.92,-87.9553,-44.7472,60,267,Temperate deciduous forest,70,100,1,4,0,24,28.295,4,Boru,33,Fowenia,4,HUMANS,,,,2141,2097.9,83.9
3091,408.37,715.08,-84.8858,-45.9181,39,190,Temperate deciduous forest,70,100,1,2,60,91,3.663,3,Remoore,37,Holingia,4,HUMANS,,,,3115,2162.3,86.5
3092,417.8,715.1,-83.0936,-45.9219,39,192,Temperate deciduous forest,70,100,1,1,0,41,3.493,3,Remoore,37,Holingia,4,HUMANS,,,,3115,2077.7,83.1
3093,427.21,715.07,-81.3051,-45.9162,30,171,Temperate deciduous forest,70,100,1,2,0,33,2.692,3,Remoore,37,Holingia,4,HUMANS,50,Vaith,1440755,3115,1988.9,79.6
3094,437.3,713.6,-79.3874,-45.6367,30,177,Temperate deciduous forest,70,100,1,2,182,71,3.455,3,Remoore,37,Holingia,4,HUMANS,,,,3115,1910.4,76.4
3095,447.35,712.04,-77.4773,-45.3402,30,263,Temperate deciduous forest,70,100,1,2,0,15,4.204,3,Remoore,37,Holingia,4,HUMANS,,,,3115,1820.1,72.8
3096,457.47,715.66,-75.5539,-46.0283,30,218,Temperate deciduous forest,70,100,1,2,48,339,7.922,3,Remoore,37,Holingia,4,HUMANS,,,,3115,1737.4,69.5
3097,468.7,715.4,-73.4196,-45.9789,30,227,Temperate deciduous forest,70,100,1,2,0,13,3.838,3,Remoore,37,Holingia,4,HUMANS,,,,3115,1638.9,65.6
3098,479.93,715.22,-71.2852,-45.9447,30,222,Temperate deciduous forest,70,100,1,2,226,45,4.003,3,Remoore,37,Holingia,8,SHIFTERS,,,,3115,1552.4,62.1
3099,489.8,709.65,-69.4094,-44.886,33,218,Temperate deciduous forest,70,100,1,1,0,15,4.116,3,Remoore,37,Holingia,8,SHIFTERS,,,,3115,1453.1,58.1
3100,499.7,710.4,-67.5278,-45.0285,33,228,Temperate deciduous forest,70,100,1,2,0,20,3.584,3,Remoore,37,Holingia,4,HUMANS,,,,3115,1376.7,55.1
3101,509.64,711.12,-65.6386,-45.1654,34,213,Temperate deciduous forest,70,100,1,1,0,7,4.267,3,Remoore,37,Holingia,4,HUMANS,,,,3115,1299.9,52.0
3102,519.5,709.9,-63.7646,-44.9335,34,130,Temperate deciduous forest,70,100,1,0,0,7,1.873,3,Remoore,37,Holingia,4,HUMANS,,,,3115,1256.7,50.3
3103,522.6,718.9,-63.1754,-46.6441,34,187,Temperate deciduous forest,70,100,1,2,110,207,3.956,3,Remoore,37,Holingia,4,HUMANS,,,,3115,1183.5,47.3
3104,529.26,708.69,-61.9096,-44.7035,38,160,Temperate deciduous forest,70,100,1,1,110,193,4.084,3,Remoore,37,Holingia,4,HUMANS,,,,3115,1181.0,47.2
3105,532.4,717.7,-61.3129,-46.4161,38,168,Temperate deciduous forest,70,100,1,1,0,11,3.318,3,Remoore,37,Holingia,4,HUMANS,,,,3115,1095.5,43.8
3106,552.16,703.54,-57.5573,-43.7246,0,274,Marine,10,0,0,0,0,182,0,0,Neutrals,0,,0,Wildlands,,,,,,
3107,562.38,702.94,-55.6149,-43.6106,40,171,Temperate deciduous forest,70,100,1,2,0,36,3.358,3,Remoore,35,Hitchia,4,HUMANS,,,,3115,872.5,34.9
3108,561.9,716.1,-55.7061,-46.1119,40,331,Temperate deciduous forest,70,100,1,1,0,7,6.363,3,Remoore,35,Hitchia,4,HUMANS,,,,3115,868.0,34.7
3109,591.98,712.82,-49.9892,-45.4885,40,432,Temperate deciduous forest,70,100,1,0,0,15,6.692,3,Remoore,35,Hitchia,4,HUMANS,,,,3115,635.0,25.4
3110,610.83,703.68,-46.4066,-43.7512,40,283,Temperate deciduous forest,70,100,1,0,0,7,4.441,3,Remoore,35,Hitchia,7,GODLINGS,,,,3115,473.7,18.9
3111,625.84,715.08,-43.5538,-45.9181,40,313,Temperate deciduous forest,70,100,1,0,0,8,7.702,3,Remoore,35,Hitchia,4,HUMANS,,,,3115,328.6,13.1
3112,643.64,709.16,-40.1708,-44.7928,40,283,Temperate deciduous forest,70,100,1,0,0,10,4.378,3,Remoore,35,Hitchia,4,HUMANS,,,,3115,184.2,7.4
3113,659.14,715.58,-37.2249,-46.0131,40,264,Temperate deciduous forest,70,100,1,0,0,13,7.778,3,Remoore,35,Hitchia,4,HUMANS,,,,3115,98.5,3.9
3114,667.2,726.1,-35.693,-48.0127,40,258,Temperate deciduous forest,70,100,1,1,0,13,10.528,3,Remoore,35,Hitchia,4,HUMANS,,,,3115,156.8,6.3
3115,667.31,705.74,-35.6721,-44.1428,40,231,Temperate deciduous forest,70,100,1,2,101,76,5.487,3,Remoore,35,Hitchia,4,HUMANS,3,Remoore,280368,3115,0.0,0.0
3116,691.97,707.82,-30.9852,-44.5381,0,233,Marine,10,0,0,0,0,0,0,0,Neutrals,0,,0,Wildlands,,,,,,
3117,711.54,708.03,-27.2658,-44.578,40,239,Temperate deciduous forest,70,100,1,3,0,40,6.802,3,Remoore,35,Hitchia,4,HUMANS,,,,3115,375.4,15.0
3118,721.58,709.69,-25.3576,-44.8936,40,209,Temperate rainforest,90,90,1,0,0,14,2.787,3,Remoore,35,Hitchia,4,HUMANS,,,,3115,476.1,19.0
3119,721.7,721.8,-25.3348,-47.1954,40,236,Temperate deciduous forest,70,100,1,1,0,14,4.733,3,Remoore,35,Hitchia,4,HUMANS,,,,3115,507.2,20.3
3120,744.26,712.4,-21.0471,-45.4087,40,342,Temperate deciduous forest,70,100,1,0,0,16,5.423,3,Remoore,35,Hitchia,4,HUMANS,,,,3115,646.3,25.9
3121,760.16,718.22,-18.0251,-46.5149,40,199,Temperate deciduous forest,70,100,1,2,113,53,4.249,3,Remoore,35,Hitchia,4,HUMANS,,,,3115,788.7,31.5
3122,778.75,713.86,-14.492,-45.6862,0,351,Marine,10,0,0,0,0,0,0,0,Neutrals,0,,0,Wildlands,,,,,,
3123,806.18,711.91,-9.2787,-45.3155,40,198,Temperate deciduous forest,70,100,1,1,0,19,5.625,3,Remoore,34,Ormland,4,HUMANS,,,,3115,1180.4,47.2
3124,803.7,723.0,-9.75,-47.4234,40,249,Temperate deciduous forest,70,100,1,2,0,19,7.405,3,Remoore,34,Ormland,4,HUMANS,,,,3115,1248.5,49.9
3125,813.2,711.05,-7.9444,-45.1521,38,200,Temperate deciduous forest,70,100,1,0,0,17,5.033,3,Remoore,34,Ormland,4,HUMANS,,,,3115,1234.9,49.4
3126,834.29,717.18,-3.9361,-46.3172,36,410,Temperate deciduous forest,70,100,1,0,0,20,6.133,3,Remoore,34,Ormland,4,HUMANS,,,,3115,1437.5,57.5
3127,857.89,706.58,0.5493,-44.3024,20,244,Temperate deciduous forest,70,100,1,0,304,49,3.902,3,Remoore,34,Ormland,4,HUMANS,,,,3115,1630.0,65.2
3128,867.28,709.09,2.3339,-44.7795,20,190,Temperate deciduous forest,70,100,1,2,0,41,3.207,3,Remoore,34,Ormland,4,HUMANS,,,,3115,1693.2,67.7
3129,867.8,720.4,2.4327,-46.9293,20,244,Temperate deciduous forest,70,100,1,3,304,90,4.615,3,Remoore,34,Ormland,4,HUMANS,,,,3115,1761.0,70.4
3130,897.16,718.13,8.0129,-46.4978,10,1192,Marine,10,0,0,0,0,0,0,0,Neutrals,0,,0,Wildlands,,,,,,
3131,1034.66,703.2,34.1459,-43.66,10,2536,Marine,10,0,0,0,0,0,0,0,Neutrals,0,,0,Wildlands,,,,,,
3132,1057.92,708.45,38.5667,-44.6579,10,3672,Marine,10,0,0,0,0,0,0,0,Neutrals,0,,0,Wildlands,,,,,,
3133,1178.15,709.62,61.4174,-44.8803,10,1406,Marine,10,0,0,0,0,0,0,0,Neutrals,0,,0,Wildlands,,,,,,
3134,1202.32,703.68,66.0111,-43.7512,10,1109,Marine,10,0,0,0,0,0,0,0,Neutrals,0,,0,Wildlands,,,,,,
3135,1225.37,711.54,70.392,-45.2452,10,273,Marine,10,0,0,0,0,0,0,0,Neutrals,0,,0,Wildlands,,,,,,
3136,1248.6,712.0,74.807,-45.3326,10,285,Marine,10,0,0,0,0,0,0,0,Neutrals,0,,0,Wildlands,,,,,,
3137,1260.8,708.7,77.1257,-44.7054,10,270,Marine,10,0,0,0,0,0,0,0,Neutrals,0,,0,Wildlands,,,,,,
3138,1273.09,705.32,79.4615,-44.0629,10,182,Marine,10,0,0,0,0,0,0,0,Neutrals,0,,0,Wildlands,,,,,,
3139,1291.11,711.92,82.8864,-45.3174,71,230,Coastal,50,50,1,3,0,17,0.007,8,Jomhor,0,,4,HUMANS,,,,,,
3140,1300.63,709.19,84.6958,-44.7985,61,219,Coastal,50,50,1,2,0,29,0.007,8,Jomhor,0,,4,HUMANS,,,,,,
3141,1314.8,714.1,87.3889,-45.7318,61,246,Coastal,50,50,1,1,0,29,0.011,8,Jomhor,0,,4,HUMANS,,,,,,
3142,1328.9,719.01,90.0687,-46.665,47,134,Savanna,60,32,1,0,65,42,0.003,8,Jomhor,0,,4,HUMANS,,,,,,
3143,1340.59,706.58,92.2905,-44.3024,43,240,Coastal,50,50,1,0,0,58,0.007,8,Jomhor,0,,4,HUMANS,,,,,,
3144,1364.0,703.36,96.7398,-43.6904,62,203,Coastal,50,50,1,1,0,34,0.008,8,Jomhor,0,,4,HUMANS,,,,,,
3145,1375.23,708.4,98.8741,-44.6484,45,192,Coastal,50,50,1,0,67,44,0.006,8,Jomhor,0,,4,HUMANS,,,,,,
3146,1391.59,714.68,101.9835,-45.842,37,295,Savanna,60,32,1,0,170,79,0.006,8,Jomhor,0,,4,HUMANS,,,,,,
3147,1415.89,717.04,106.6019,-46.2906,83,269,Coastal,50,50,1,2,0,4,0.007,8,Jomhor,0,,4,HUMANS,,,,,,
3148,1432.85,714.15,109.8253,-45.7413,82,182,Coastal,50,50,1,2,0,30,0.005,8,Jomhor,0,,4,HUMANS,,,,,,
3149,1441.5,717.6,111.4693,-46.397,82,121,Coastal,50,50,1,2,0,30,0.003,8,Jomhor,0,,4,HUMANS,,,,,,
3150,1448.37,710.73,112.775,-45.0912,10,132,Marine,10,0,0,0,0,0,0,0,Neutrals,0,,0,Wildlands,,,,,,
3151,1459.35,704.27,114.8618,-43.8634,10,230,Marine,10,0,0,0,0,0,0,0,Neutrals,0,,0,Wildlands,,,,,,
3152,1465.8,718.7,116.0877,-46.6061,10,303,Marine,10,0,0,0,0,0,0,0,Neutrals,0,,0,Wildlands,,,,,,
3153,1479.76,703.14,118.7409,-43.6486,10,7542,Marine,10,0,0,0,0,0,0,0,Neutrals,0,,0,Wildlands,,,,,,
3154,320.82,733.88,-101.5254,-49.4914,10,9583,Marine,10,0,0,0,0,0,0,0,Neutrals,0,,0,Wildlands,,,,,,
3155,333.24,729.18,-99.1649,-48.5981,10,377,Marine,10,0,0,0,0,0,0,0,Neutrals,0,,0,Wildlands,,,,,,
3156,344.6,723.16,-97.0058,-47.4539,10,244,Marine,10,0,0,0,0,0,0,0,Neutrals,0,,0,Wildlands,,,,,,
3157,375.04,723.1,-91.2205,-47.4424,10,253,Marine,10,0,0,0,0,0,0,0,Neutrals,0,,0,Wildlands,,,,,,
3158,383.82,724.88,-89.5518,-47.7808,10,344,Marine,10,0,0,0,0,0,0,0,Neutrals,0,,0,Wildlands,,,,,,
3159,399.58,721.14,-86.5564,-47.0699,10,254,Marine,10,0,0,0,0,0,0,0,Neutrals,0,,0,Wildlands,,,,,,
3160,414.7,723.5,-83.6827,-47.5185,10,274,Marine,10,0,0,0,0,0,0,0,Neutrals,0,,0,Wildlands,,,,,,
3161,429.75,725.79,-80.8224,-47.9537,10,265,Marine,10,0,0,0,0,0,0,0,Neutrals,0,,0,Wildlands,,,,,,
3162,440.06,725.61,-78.8629,-47.9195,10,175,Marine,10,0,0,0,0,0,0,0,Neutrals,0,,0,Wildlands,,,,,,
3163,449.2,730.0,-77.1257,-48.754,10,204,Marine,10,0,0,0,0,0,0,0,Neutrals,0,,0,Wildlands,,,,,,
3164,458.36,734.32,-75.3848,-49.5751,10,334,Marine,10,0,0,0,0,0,0,0,Neutrals,0,,0,Wildlands,,,,,,
3165,473.31,729.69,-72.5434,-48.695,10,269,Marine,10,0,0,0,0,0,0,0,Neutrals,0,,0,Wildlands,,,,,,
3166,487.1,733.0,-69.9225,-49.3242,10,259,Marine,10,0,0,0,0,0,0,0,Neutrals,0,,0,Wildlands,,,,,,
3167,500.85,736.21,-67.3092,-49.9343,10,163,Marine,10,0,0,0,0,0,0,0,Neutrals,0,,0,Wildlands,,,,,,
3168,506.02,732.4,-66.3266,-49.2101,10,197,Marine,10,0,0,0,0,0,0,0,Neutrals,0,,0,Wildlands,,,,,,
3169,515.9,737.2,-64.4488,-50.1225,10,186,Marine,10,0,0,0,0,0,0,0,Neutrals,0,,0,Wildlands,,,,,,
3170,535.59,726.67,-60.7066,-48.121,30,265,Temperate deciduous forest,70,100,1,2,0,12,4.203,3,Remoore,37,Holingia,4,HUMANS,,,,3115,1081.5,43.3
3171,552.31,731.35,-57.5288,-49.0106,33,204,Temperate deciduous forest,70,100,1,0,0,9,4.659,3,Remoore,35,Hitchia,4,HUMANS,,,,3115,947.9,37.9
3172,554.2,740.4,-57.1696,-50.7307,33,166,Temperate deciduous forest,70,100,1,2,0,5,4.108,3,Remoore,35,Hitchia,4,HUMANS,,,,3115,923.7,36.9
3173,561.39,729.23,-55.8031,-48.6076,38,209,Temperate deciduous forest,70,100,1,0,0,4,3.127,3,Remoore,35,Hitchia,4,HUMANS,,,,3115,876.1,35.0
3174,585.03,736.86,-51.3101,-50.0579,39,447,Temperate deciduous forest,70,100,1,0,0,19,6.767,3,Remoore,35,Hitchia,4,HUMANS,,,,3115,684.8,27.4
3175,601.35,728.05,-48.2083,-48.3833,40,348,Temperate deciduous forest,70,100,1,0,0,4,5.121,3,Remoore,35,Hitchia,4,HUMANS,,,,3115,542.0,21.7
3176,615.16,732.28,-45.5836,-49.1873,40,334,Temperate deciduous forest,70,100,1,0,0,4,4.909,3,Remoore,35,Hitchia,4,HUMANS,,,,3115,484.5,19.4
3177,635.04,730.5,-41.8053,-48.849,39,424,Temperate deciduous forest,70,100,1,0,176,48,6.915,3,Remoore,35,Hitchia,4,HUMANS,,,,3115,328.7,13.1
3178,656.62,736.93,-37.7038,-50.0712,40,297,Temperate deciduous forest,70,100,1,0,0,9,9.009,3,Remoore,35,Hitchia,4,HUMANS,,,,3115,264.0,10.6
3179,675.34,736.52,-34.1459,-49.9932,40,193,Temperate deciduous forest,70,100,1,1,0,15,6.381,3,Remoore,35,Hitchia,4,HUMANS,,,,3115,258.6,10.3
3180,690.37,724.52,-31.2893,-47.7124,0,284,Marine,10,0,0,0,0,0,0,0,Neutrals,0,,0,Wildlands,,,,,,
3181,701.1,726.6,-29.25,-48.1077,0,221,Marine,10,0,0,0,0,287,0,0,Neutrals,0,,0,Wildlands,,,,,,
3182,711.84,728.66,-27.2088,-48.4993,0,153,Marine,10,0,0,0,0,0,0,0,Neutrals,0,,0,Wildlands,,,,,,
3183,721.87,733.91,-25.3025,-49.4971,40,264,Temperate deciduous forest,70,100,1,1,0,8,5.086,3,Remoore,35,Hitchia,4,HUMANS,,,,3115,600.4,24.0
3184,713.2,740.6,-26.9503,-50.7687,40,190,Temperate deciduous forest,70,100,1,2,0,8,5.597,3,Remoore,35,Hitchia,4,HUMANS,,,,3115,604.7,24.2
3185,748.72,731.67,-20.1994,-49.0714,40,318,Temperate deciduous forest,70,100,1,0,0,10,4.818,3,Remoore,35,Hitchia,4,HUMANS,,,,3115,728.7,29.1
3186,759.96,730.1,-18.0632,-48.773,40,172,Temperate deciduous forest,70,100,1,0,0,10,2.537,3,Remoore,35,Hitchia,4,HUMANS,,,,3115,816.1,32.6
3187,770.1,735.8,-16.136,-49.8564,40,197,Temperate deciduous forest,70,100,1,1,0,10,5.97,3,Remoore,35,Hitchia,4,HUMANS,,,,3115,905.6,36.2
3188,780.6,729.01,-14.1404,-48.5658,0,226,Marine,10,0,0,0,0,221,0,0,Neutrals,0,,0,Wildlands,,,,,,
3189,801.2,734.14,-10.2251,-49.5409,40,185,Temperate deciduous forest,70,100,1,0,0,10,2.673,3,Remoore,34,Ormland,4,HUMANS,,,,3115,1182.5,47.3
3190,790.7,737.8,-12.2208,-50.2365,40,163,Temperate deciduous forest,70,100,1,1,0,10,4.649,3,Remoore,34,Ormland,4,HUMANS,49,Sawler,886550,3115,1096.9,43.9
3191,821.54,721.02,-6.3594,-47.0471,38,222,Temperate deciduous forest,70,100,1,0,0,9,3.474,3,Remoore,34,Ormland,4,HUMANS,,,,3115,1335.0,53.4
3192,829.15,732.15,-4.913,-49.1626,35,201,Temperate deciduous forest,70,100,1,0,0,19,3.172,3,Remoore,34,Ormland,4,HUMANS,,,,3115,1437.7,57.5
3193,860.15,736.06,0.9788,-49.9058,29,312,Temperate deciduous forest,70,100,1,2,0,32,5.168,3,Remoore,34,Ormland,4,HUMANS,,,,3115,1649.3,66.0
3194,868.29,731.64,2.5259,-49.0657,20,108,Temperate deciduous forest,70,100,1,2,0,23,1.778,3,Remoore,34,Ormland,4,HUMANS,,,,3115,1720.6,68.8
3195,888.07,725.51,6.2852,-47.9005,10,201,Marine,10,0,0,0,0,0,0,0,Neutrals,0,,0,Wildlands,,,,,,
3196,879.1,732.7,4.5804,-49.2672,10,245,Marine,10,0,0,0,0,0,0,0,Neutrals,0,,0,Wildlands,,,,,,
3197,902.92,734.05,9.1076,-49.5238,10,4565,Marine,10,0,0,0,0,0,0,0,Neutrals,0,,0,Wildlands,,,,,,
3198,1185.2,734.79,62.7573,-49.6644,10,296,Marine,10,0,0,0,0,0,0,0,Neutrals,0,,0,Wildlands,,,,,,
3199,1181.2,743.6,61.9971,-51.339,10,196,Marine,10,0,0,0,0,0,0,0,Neutrals,0,,0,Wildlands,,,,,,
3200,1194.3,744.7,64.4868,-51.548,10,150,Marine,10,0,0,0,0,0,0,0,Neutrals,0,,0,Wildlands,,,,,,
3201,1195.88,728.73,64.7871,-48.5126,10,251,Marine,10,0,0,0,0,0,0,0,Neutrals,0,,0,Wildlands,,,,,,
3202,1205.8,725.0,66.6725,-47.8036,10,215,Marine,10,0,0,0,0,0,0,0,Neutrals,0,,0,Wildlands,,,,,,
3203,1215.81,721.2,68.575,-47.0813,10,218,Marine,10,0,0,0,0,0,0,0,Neutrals,0,,0,Wildlands,,,,,,
3204,1228.0,721.3,70.8918,-47.1003,10,188,Marine,10,0,0,0,0,0,0,0,Neutrals,0,,0,Wildlands,,,,,,
3205,1240.24,721.39,73.2181,-47.1174,10,170,Marine,10,0,0,0,0,0,0,0,Neutrals,0,,0,Wildlands,,,,,,
3206,1247.0,727.7,74.5029,-48.3168,10,145,Marine,10,0,0,0,0,0,0,0,Neutrals,0,,0,Wildlands,,,,,,
3207,1253.76,733.99,75.7877,-49.5124,10,123,Marine,10,0,0,0,0,0,0,0,Neutrals,0,,0,Wildlands,,,,,,
3208,1262.22,722.1,77.3956,-47.2524,92,184,Coastal,50,50,1,4,0,3,0.013,8,Jomhor,0,,4,HUMANS,,,,,,
3209,1273.7,722.9,79.5775,-47.4044,92,170,Coastal,50,50,1,2,0,3,0.005,8,Jomhor,0,,4,HUMANS,,,,,,
3210,1271.2,734.8,79.1023,-49.6663,92,179,Savanna,60,32,1,1,0,3,0.006,8,Jomhor,0,,4,HUMANS,,,,,,
3211,1285.11,723.63,81.7461,-47.5432,59,204,Coastal,50,50,1,1,0,149,0.019,8,Jomhor,0,,4,HUMANS,,,,,,
3212,1282.6,735.6,81.269,-49.8184,59,212,Savanna,60,32,1,0,50,149,0.007,8,Jomhor,0,,7,GODLINGS,,,,,,
3213,1304.57,732.62,85.4446,-49.252,37,434,Savanna,60,32,1,0,50,207,0.028,8,Jomhor,0,,4,HUMANS,,,,,,
3214,1322.43,724.39,88.839,-47.6876,27,294,Savanna,60,32,1,0,65,74,0.007,8,Jomhor,0,,7,GODLINGS,,,,,,
3215,1339.33,723.86,92.051,-47.5869,25,391,Savanna,60,32,1,0,0,29,0.008,8,Jomhor,0,,7,GODLINGS,,,,,,
3216,1361.89,721.41,96.3387,-47.1212,26,378,Savanna,60,32,1,0,67,183,0.01,8,Jomhor,0,,7,GODLINGS,,,,,,
3217,1372.75,726.16,98.4028,-48.0241,27,379,Savanna,60,32,1,0,170,114,0.021,8,Jomhor,0,,4,HUMANS,,,,,,
3218,1395.32,733.93,102.6924,-49.501,37,420,Savanna,60,32,1,0,58,96,0.01,8,Jomhor,0,,7,GODLINGS,,,,,,
3219,1419.9,723.01,107.364,-47.4253,53,269,Coastal,50,50,1,0,58,66,0.008,8,Jomhor,0,,4,HUMANS,,,,,,
3220,1432.45,731.65,109.7493,-49.0676,64,281,Coastal,50,50,1,0,44,54,0.01,8,Jomhor,0,,4,HUMANS,,,,,,
3221,1450.24,721.11,113.1304,-47.0642,98,157,Coastal,50,50,1,2,0,29,0.004,8,Jomhor,0,,4,HUMANS,,,,,,
3222,1447.2,732.2,112.5526,-49.1721,98,213,Coastal,50,50,1,3,0,29,0.006,8,Jomhor,0,,4,HUMANS,,,,,,
3223,1472.15,733.2,117.2946,-49.3622,10,167,Marine,10,0,0,0,0,0,0,0,Neutrals,0,,0,Wildlands,,,,,,
3224,1483.04,733.07,119.3643,-49.3375,10,2010,Marine,10,0,0,0,0,0,0,0,Neutrals,0,,0,Wildlands,,,,,,
3225,358.28,740.21,-94.4058,-50.6946,10,1880,Marine,10,0,0,0,0,0,0,0,Neutrals,0,,0,Wildlands,,,,,,
3226,360.96,740.74,-93.8965,-50.7954,6,2132,Marine,10,0,0,0,0,0,0,0,Neutrals,0,,0,Wildlands,,,,,,
3227,401.02,747.05,-86.2827,-51.9947,6,1943,Marine,10,0,0,0,0,0,0,0,Neutrals,0,,0,Wildlands,,,,,,
3228,431.02,753.96,-80.581,-53.3081,10,402,Marine,10,0,0,0,0,0,0,0,Neutrals,0,,0,Wildlands,,,,,,
3229,443.84,752.66,-78.1444,-53.061,6,1415,Marine,10,0,0,0,0,0,0,0,Neutrals,0,,0,Wildlands,,,,,,
3230,480.06,754.59,-71.2605,-53.4279,10,1906,Marine,10,0,0,0,0,0,0,0,Neutrals,0,,0,Wildlands,,,,,,
3231,493.05,743.62,-68.7917,-51.3428,6,325,Marine,10,0,0,0,0,0,0,0,Neutrals,0,,0,Wildlands,,,,,,
3232,519.87,747.13,-63.6943,-52.0099,10,215,Marine,10,0,0,0,0,0,0,0,Neutrals,0,,0,Wildlands,,,,,,
3233,525.83,741.97,-62.5615,-51.0291,7,216,Marine,10,0,0,0,0,0,0,0,Neutrals,0,,0,Wildlands,,,,,,
3234,527.2,753.8,-62.3012,-53.2777,7,248,Marine,10,0,0,0,0,0,0,0,Neutrals,0,,0,Wildlands,,,,,,
3235,556.18,749.37,-56.7933,-52.4357,20,161,Temperate deciduous forest,70,100,1,1,0,8,3.043,3,Remoore,35,Hitchia,4,HUMANS,,,,3115,951.5,38.1
3236,565.4,755.2,-55.0409,-53.5438,20,165,Temperate deciduous forest,70,100,1,0,0,23,2.601,3,Remoore,35,Hitchia,4,HUMANS,,,,3115,891.6,35.7
3237,555.2,759.2,-56.9795,-54.3041,20,184,Temperate deciduous forest,70,100,1,3,0,27,3.273,3,Remoore,35,Hitchia,4,HUMANS,,,,3115,976.0,39.0
3238,561.73,739.67,-55.7385,-50.592,37,182,Temperate deciduous forest,70,100,1,0,0,4,2.704,3,Remoore,35,Hitchia,4,HUMANS,,,,3115,865.5,34.6
3239,591.81,753.78,-50.0215,-53.2739,38,249,Temperate deciduous forest,70,100,1,0,0,4,3.898,3,Remoore,35,Hitchia,4,HUMANS,47,Hybluff,701188,3115,753.3,30.1
3240,606.2,753.06,-47.2865,-53.1371,36,246,Temperate deciduous forest,70,100,1,0,0,8,3.595,3,Remoore,35,Hitchia,4,HUMANS,,,,3115,658.7,26.3
3241,621.86,750.39,-44.3102,-52.6296,36,322,Wetland,150,10,1,0,0,8,0.507,3,Remoore,35,Hitchia,4,HUMANS,,,,3115,722.4,28.9
3242,644.59,754.0,-39.9902,-53.3157,38,259,Temperate deciduous forest,70,100,1,0,0,7,4.43,3,Remoore,35,Hitchia,4,HUMANS,,,,3115,424.8,17.0
3243,658.15,748.73,-37.413,-52.314,38,305,Temperate deciduous forest,70,100,1,0,0,8,9.365,3,Remoore,35,Hitchia,4,HUMANS,,,,3115,355.6,14.2
3244,680.09,741.25,-33.2431,-50.8923,39,180,Temperate deciduous forest,70,100,1,1,0,9,5.528,3,Remoore,35,Hitchia,4,HUMANS,,,,3115,310.2,12.4
3245,692.3,744.3,-30.9225,-51.472,39,174,Temperate deciduous forest,70,100,1,2,0,9,4.937,3,Remoore,35,Hitchia,4,HUMANS,,,,3115,407.1,16.3
3246,687.32,750.88,-31.869,-52.7227,38,195,Temperate deciduous forest,70,100,1,0,0,13,3.157,3,Remoore,35,Hitchia,4,HUMANS,,,,3115,402.9,16.1
3247,704.53,747.31,-28.5981,-52.0441,38,307,Temperate deciduous forest,70,100,1,1,189,294,7.909,3,Remoore,35,Hitchia,4,HUMANS,,,,3115,516.1,20.6
3248,728.56,754.29,-24.031,-53.3709,39,318,Temperate deciduous forest,70,100,1,0,0,19,4.849,3,Remoore,35,Hitchia,8,SHIFTERS,,,,3115,713.6,28.5
3249,750.87,746.36,-19.7908,-51.8636,40,403,Temperate deciduous forest,70,100,1,0,0,11,6.012,3,Remoore,35,Hitchia,4,HUMANS,,,,3115,843.0,33.7
3250,769.64,754.64,-16.2234,-53.4374,38,243,Temperate deciduous forest,70,100,1,0,113,251,4.713,3,Remoore,34,Ormland,4,HUMANS,,,,3115,1012.9,40.5
3251,780.21,741.49,-14.2145,-50.9379,38,160,Temperate deciduous forest,70,100,1,1,113,242,3.929,3,Remoore,34,Ormland,4,HUMANS,,,,3115,1007.0,40.3
3252,785.4,755.0,-13.2281,-53.5058,38,246,Temperate deciduous forest,70,100,1,0,0,21,6.802,3,Remoore,34,Ormland,4,HUMANS,,,,3115,1118.4,44.7
3253,800.95,744.02,-10.2727,-51.4188,35,320,Temperate deciduous forest,70,100,1,0,0,25,8.145,3,Remoore,34,Ormland,4,HUMANS,,,,3115,1189.2,47.6
3254,823.62,740.34,-5.964,-50.7193,37,303,Temperate deciduous forest,70,100,1,0,0,10,4.547,3,Remoore,34,Ormland,4,HUMANS,,,,3115,1361.6,54.5
3255,833.7,742.1,-4.0482,-51.0539,31,255,Temperate deciduous forest,70,100,1,0,0,14,3.792,3,Remoore,34,Ormland,4,HUMANS,,,,3115,1440.4,57.6
3256,850.59,750.97,-0.8382,-52.7398,27,250,Temperate deciduous forest,70,100,1,2,0,24,4.188,3,Remoore,34,Ormland,8,SHIFTERS,,,,3115,1587.3,63.5
3257,870.13,739.93,2.8756,-50.6414,10,159,Marine,10,0,0,0,0,0,0,0,Neutrals,0,,0,Wildlands,,,,,,
3258,866.1,752.3,2.1096,-52.9926,10,182,Marine,10,0,0,0,0,0,0,0,Neutrals,0,,0,Wildlands,,,,,,
3259,1154.73,741.31,56.9662,-50.9037,10,1972,Marine,10,0,0,0,0,0,0,0,Neutrals,0,,0,Wildlands,,,,,,
3260,1177.17,752.45,61.2311,-53.0211,10,273,Marine,10,0,0,0,0,0,0,0,Neutrals,0,,0,Wildlands,,,,,,
3261,1190.2,753.5,63.7076,-53.2207,10,183,Marine,10,0,0,0,0,0,0,0,Neutrals,0,,0,Wildlands,,,,,,
3262,1203.3,754.62,66.1974,-53.4336,10,102,Marine,10,0,0,0,0,0,0,0,Neutrals,0,,0,Wildlands,,,,,,
3263,1207.76,742.81,67.045,-51.1888,70,189,Coastal,50,50,1,5,0,9,0.005,8,Jomhor,0,,4,HUMANS,,,,,,
3264,1223.0,741.5,69.9415,-50.9398,70,220,Coastal,50,50,1,2,0,9,0.008,8,Jomhor,0,,4,HUMANS,,,,,,
3265,1210.1,751.7,67.4898,-52.8786,70,103,Coastal,50,50,1,1,0,9,0.005,8,Jomhor,0,,4,HUMANS,,,,,,
3266,1238.18,740.23,72.8266,-50.6984,84,268,Coastal,50,50,1,3,0,2,0.009,8,Jomhor,0,,7,GODLINGS,,,,,,
3267,1225.3,750.4,70.3787,-52.6315,84,245,Coastal,50,50,1,0,0,2,0.025,8,Jomhor,0,,4,HUMANS,,,,,,
3268,1252.19,740.32,75.4893,-50.7155,49,145,Coastal,50,50,1,2,0,77,0.005,8,Jomhor,0,,4,HUMANS,,,,,,
3269,1260.8,746.3,77.1257,-51.8522,49,173,Savanna,60,32,1,1,0,77,0.006,8,Jomhor,0,,4,HUMANS,,,,,,
3270,1269.45,752.22,78.7697,-52.9774,36,179,Savanna,60,32,1,0,0,55,0.004,8,Jomhor,0,,7,GODLINGS,,,,,,
3271,1280.13,747.58,80.7996,-52.0955,40,200,Savanna,60,32,1,0,0,30,0.013,8,Jomhor,0,,7,GODLINGS,,,,,,
3272,1311.42,752.7,86.7465,-53.0686,25,247,Savanna,60,32,1,0,0,27,0.005,8,Jomhor,0,,7,GODLINGS,,,,,,
3273,1323.66,754.94,89.0728,-53.4944,29,292,Savanna,60,32,1,0,65,134,0.008,8,Jomhor,0,,7,GODLINGS,,,,,,
3274,1339.68,750.34,92.1175,-52.6201,28,358,Savanna,60,32,1,0,0,21,0.008,8,Jomhor,0,,7,GODLINGS,8,Pilton,1000,,,
3275,1354.82,752.52,94.995,-53.0344,29,426,Savanna,60,32,1,0,67,347,0.019,8,Jomhor,0,,7,GODLINGS,,,,,,
3276,1384.4,746.46,100.617,-51.8826,31,257,Savanna,60,32,1,0,58,119,0.007,8,Jomhor,0,,7,GODLINGS,,,,,,
3277,1391.24,749.42,101.917,-52.4452,34,236,Savanna,60,32,1,0,0,29,0.006,8,Jomhor,0,,7,GODLINGS,,,,,,
3278,1413.89,752.89,106.2218,-53.1048,37,307,Savanna,60,32,1,0,44,136,0.02,8,Jomhor,0,,7,GODLINGS,,,,,,
3279,1429.9,752.04,109.2646,-52.9432,69,244,Savanna,60,32,1,0,0,40,0.015,8,Jomhor,0,,4,HUMANS,,,,,,
3280,1444.17,743.28,111.9768,-51.2781,71,202,Coastal,50,50,1,2,0,102,0.007,8,Jomhor,0,,4,HUMANS,,,,,,
3281,1445.5,753.1,112.2295,-53.1447,71,162,Coastal,50,50,1,1,0,102,0.008,8,Jomhor,0,,4,HUMANS,,,,,,
3282,1468.66,739.69,116.6313,-50.5958,10,241,Marine,10,0,0,0,0,0,0,0,Neutrals,0,,0,Wildlands,,,,,,
3283,1465.8,754.4,116.0877,-53.3918,10,330,Marine,10,0,0,0,0,0,0,0,Neutrals,0,,0,Wildlands,,,,,,
3284,1486.98,749.2,120.1132,-52.4034,10,7766,Marine,10,0,0,0,0,0,0,0,Neutrals,0,,0,Wildlands,,,,,,
3285,422.43,757.53,-82.2136,-53.9867,10,3139,Marine,10,0,0,0,0,0,0,0,Neutrals,0,,0,Wildlands,,,,,,
3286,516.02,769.01,-64.426,-56.1687,10,1296,Marine,10,0,0,0,0,0,0,0,Neutrals,0,,0,Wildlands,,,,,,
3287,528.48,765.62,-62.0579,-55.5244,10,189,Marine,10,0,0,0,0,0,0,0,Neutrals,0,,0,Wildlands,,,,,,
3288,535.8,773.1,-60.6667,-56.9461,10,187,Marine,10,0,0,0,0,0,0,0,Neutrals,0,,0,Wildlands,,,,,,
3289,554.29,769.07,-57.1525,-56.1801,20,158,Temperate deciduous forest,70,100,1,3,0,4,2.592,3,Remoore,35,Hitchia,4,HUMANS,,,,3115,1052.3,42.1
3290,564.5,765.1,-55.212,-55.4256,20,123,Temperate deciduous forest,70,100,1,2,0,4,2.06,3,Remoore,35,Hitchia,4,HUMANS,,,,3115,968.2,38.7
3291,574.67,761.08,-53.2791,-54.6615,28,163,Temperate deciduous forest,70,100,1,0,0,5,2.493,3,Remoore,35,Hitchia,4,HUMANS,,,,3115,887.6,35.5
3292,579.58,766.74,-52.3459,-55.7373,20,170,Temperate deciduous forest,70,100,1,3,0,12,4.468,3,Remoore,35,Hitchia,4,HUMANS,,,,3115,890.5,35.6
3293,592.0,764.8,-49.9854,-55.3685,20,181,Temperate deciduous forest,70,100,1,2,0,11,2.991,3,Remoore,35,Hitchia,4,HUMANS,,,,3115,832.0,33.3
3294,604.47,762.78,-47.6154,-54.9846,29,144,Temperate deciduous forest,70,100,1,1,0,4,3.997,3,Remoore,35,Hitchia,4,HUMANS,,,,3115,734.8,29.4
3295,613.93,767.01,-45.8174,-55.7886,20,199,Temperate deciduous forest,70,100,1,2,0,16,3.29,3,Remoore,35,Hitchia,4,HUMANS,,,,3115,781.5,31.3
3296,627.7,773.2,-43.2003,-56.9652,20,239,Wetland,150,10,1,2,0,16,0.719,3,Remoore,35,Hitchia,4,HUMANS,,,,3115,873.0,34.9
3297,637.3,757.63,-41.3757,-54.0057,30,252,Wetland,150,10,1,0,176,56,0.56,3,Remoore,35,Hitchia,4,HUMANS,,,,3115,571.2,22.8
3298,657.49,771.35,-37.5385,-56.6135,30,350,Temperate deciduous forest,70,100,1,0,0,25,5.816,3,Remoore,35,Hitchia,7,GODLINGS,,,,3115,529.9,21.2
3299,678.72,763.45,-33.5035,-55.1119,36,301,Temperate deciduous forest,70,100,1,0,0,10,5.068,3,Remoore,35,Hitchia,4,HUMANS,,,,3115,481.5,19.3
3300,686.81,767.63,-31.9659,-55.9064,34,290,Temperate deciduous forest,70,100,1,0,0,24,7.009,3,Remoore,35,Hitchia,4,HUMANS,,,,3115,532.0,21.3
3301,715.26,771.78,-26.5588,-56.6952,35,323,Temperate deciduous forest,70,100,1,0,189,322,8.914,3,Remoore,35,Hitchia,4,HUMANS,,,,3115,721.8,28.9
3302,732.41,760.78,-23.2993,-54.6044,38,213,Temperate deciduous forest,70,100,1,0,0,11,5.245,3,Remoore,35,Hitchia,8,SHIFTERS,,,,3115,771.7,30.9
3303,740.64,770.27,-21.7351,-56.4082,35,256,Temperate deciduous forest,70,100,1,0,0,14,3.792,3,Remoore,35,Hitchia,4,HUMANS,,,,3115,868.4,34.7
3304,770.29,763.86,-16.0999,-55.1899,36,216,Temperate deciduous forest,70,100,1,0,113,273,3.908,3,Remoore,34,Ormland,4,HUMANS,,,,3115,1056.3,42.3
3305,790.62,768.41,-12.236,-56.0547,20,226,Temperate deciduous forest,70,100,1,0,0,29,3.971,3,Remoore,34,Ormland,4,HUMANS,,,,3115,1229.2,49.2
3306,783.8,778.1,-13.5322,-57.8965,20,175,Wetland,150,10,1,2,302,79,1.033,3,Remoore,34,Ormland,4,HUMANS,,,,3115,1269.2,50.8
3307,779.7,772.5,-14.3114,-56.8321,20,122,Temperate deciduous forest,70,100,1,0,302,50,2.077,3,Remoore,34,Ormland,4,HUMANS,,,,3115,1154.6,46.2
3308,807.14,770.27,-9.0962,-56.4082,20,224,Temperate deciduous forest,70,100,1,0,0,17,3.41,3,Remoore,34,Ormland,4,HUMANS,,,,3115,1357.2,54.3
3309,819.88,769.14,-6.6749,-56.1935,20,246,Temperate deciduous forest,70,100,1,3,0,67,4.154,3,Remoore,34,Ormland,4,HUMANS,,,,3115,1431.4,57.3
3310,830.3,763.2,-4.6944,-55.0644,20,259,Temperate deciduous forest,70,100,1,2,0,29,4.303,3,Remoore,34,Ormland,4,HUMANS,,,,3115,1523.7,60.9
3311,840.65,757.26,-2.7273,-53.9354,30,207,Temperate deciduous forest,70,100,1,2,0,33,3.323,3,Remoore,34,Ormland,4,HUMANS,,,,3115,1568.8,62.8
3312,861.97,764.63,1.3247,-55.3362,10,306,Marine,10,0,0,0,0,0,0,0,Neutrals,0,,0,Wildlands,,,,,,
3313,848.4,773.6,-1.2544,-57.0412,10,365,Marine,10,0,0,0,0,0,0,0,Neutrals,0,,0,Wildlands,,,,,,
3314,877.29,758.2,4.2364,-54.114,10,791,Marine,10,0,0,0,0,0,0,0,Neutrals,0,,0,Wildlands,,,,,,
3315,1154.14,762.44,56.8541,-54.92,10,2260,Marine,10,0,0,0,0,0,0,0,Neutrals,0,,0,Wildlands,,,,,,
3316,1177.48,769.75,61.2901,-56.3094,10,208,Marine,10,0,0,0,0,0,0,0,Neutrals,0,,0,Wildlands,,,,,,
3317,1169.2,776.9,59.7164,-57.6684,10,167,Marine,10,0,0,0,0,0,0,0,Neutrals,0,,0,Wildlands,,,,,,
3318,1202.03,763.41,65.956,-55.1043,65,132,Coastal,50,50,1,2,0,13,0.004,8,Jomhor,0,,7,GODLINGS,,,,,,
3319,1201.5,773.0,65.8553,-56.9271,65,102,Coastal,50,50,1,0,0,13,0.003,8,Jomhor,0,,4,HUMANS,,,,,,
3320,1212.47,760.62,67.9402,-54.574,61,174,Coastal,50,50,1,1,0,14,0.009,8,Jomhor,0,,4,HUMANS,,,,,,
3321,1206.8,771.6,66.8626,-56.661,61,137,Coastal,50,50,1,0,0,14,0.004,8,Jomhor,0,,4,HUMANS,,,,,,
3322,1230.3,770.34,71.3289,-56.4215,37,363,Savanna,60,32,1,0,0,37,0.026,8,Jomhor,0,,7,GODLINGS,,,,,,
3323,1250.39,760.67,75.1472,-54.5835,38,367,Savanna,60,32,1,0,0,21,0.009,8,Jomhor,0,,7,GODLINGS,,,,,,
3324,1274.92,763.96,79.8094,-55.2089,26,269,Savanna,60,32,1,0,219,277,0.019,8,Jomhor,0,,7,GODLINGS,,,,,,
3325,1285.78,758.73,81.8734,-54.2148,26,301,Savanna,60,32,1,0,50,233,0.01,8,Jomhor,0,,7,GODLINGS,,,,,,
3326,1307.26,758.65,85.9558,-54.1996,27,381,Savanna,60,32,1,0,65,220,0.014,8,Jomhor,0,,7,GODLINGS,,,,,,
3327,1329.63,768.08,90.2075,-55.992,32,349,Savanna,60,32,1,0,0,38,0.026,8,Jomhor,0,,7,GODLINGS,,,,,,
3328,1341.34,764.82,92.433,-55.3723,32,268,Savanna,60,32,1,0,0,22,0.007,8,Jomhor,0,,7,GODLINGS,,,,,,
3329,1359.31,767.66,95.8484,-55.9121,32,298,Savanna,60,32,1,0,0,24,0.007,8,Jomhor,0,,7,GODLINGS,,,,,,
3330,1376.51,758.35,99.1174,-54.1426,32,385,Savanna,60,32,1,0,58,547,0.037,8,Jomhor,0,,7,GODLINGS,,,,,,
3331,1401.28,764.11,103.8251,-55.2374,37,356,Savanna,60,32,1,0,44,302,0.015,8,Jomhor,0,,7,GODLINGS,,,,,,
3332,1415.74,758.67,106.5734,-54.2034,39,216,Savanna,60,32,1,0,56,92,0.017,8,Jomhor,0,,7,GODLINGS,,,,,,
3333,1437.11,760.23,110.6349,-54.4999,76,209,Savanna,60,32,1,0,0,0,0.004,8,Jomhor,0,,4,HUMANS,,,,,,
3334,1446.86,762.88,112.488,-55.0036,67,166,Coastal,50,50,1,2,0,14,0.005,8,Jomhor,0,,4,HUMANS,,,,,,
3335,1445.5,775.7,112.2295,-57.4403,67,208,Coastal,50,50,1,2,0,14,0.008,8,Jomhor,0,,4,HUMANS,,,,,,
3336,1462.91,769.1,115.5385,-56.1859,10,367,Marine,10,0,0,0,0,0,0,0,Neutrals,0,,0,Wildlands,,,,,,
3337,1456.2,781.1,114.2632,-58.4667,10,206,Marine,10,0,0,0,0,0,0,0,Neutrals,0,,0,Wildlands,,,,,,
3338,532.14,784.81,-61.3623,-59.1719,8,554,Marine,10,0,0,0,0,0,0,0,Neutrals,0,,0,Wildlands,,,,,,
3339,543.08,780.63,-59.283,-58.3774,7,188,Marine,10,0,0,0,0,0,0,0,Neutrals,0,,0,Wildlands,,,,,,
3340,556.1,779.3,-56.8085,-58.1246,7,179,Marine,10,0,0,0,0,0,0,0,Neutrals,0,,0,Wildlands,,,,,,
3341,569.18,777.9,-54.3225,-57.8585,7,215,Marine,10,0,0,0,0,0,0,0,Neutrals,0,,0,Wildlands,,,,,,
3342,580.48,786.24,-52.1749,-59.4437,7,347,Marine,10,0,0,0,0,0,0,0,Neutrals,0,,0,Wildlands,,,,,,
3343,592.6,782.9,-49.8713,-58.8089,7,226,Marine,10,0,0,0,0,0,0,0,Neutrals,0,,0,Wildlands,,,,,,
3344,604.66,779.49,-47.5792,-58.1607,8,182,Marine,10,0,0,0,0,0,0,0,Neutrals,0,,0,Wildlands,,,,,,
3345,614.5,781.65,-45.7091,-58.5713,7,208,Marine,10,0,0,0,0,0,0,0,Neutrals,0,,0,Wildlands,,,,,,
3346,628.2,788.3,-43.1053,-59.8353,7,280,Marine,10,0,0,0,0,0,0,0,Neutrals,0,,0,Wildlands,,,,,,
3347,641.42,779.44,-40.5927,-58.1512,20,220,Wetland,150,10,1,2,176,65,1.222,3,Remoore,35,Hitchia,4,HUMANS,,,,3115,838.7,33.5
3348,650.6,784.0,-38.848,-59.018,20,146,Wetland,150,10,1,2,0,9,0.544,3,Remoore,35,Hitchia,4,HUMANS,,,,3115,767.6,30.7
3349,659.86,788.55,-37.088,-59.8828,20,169,Temperate deciduous forest,70,100,1,3,0,35,4.833,3,Remoore,35,Hitchia,4,HUMANS,,,,3115,663.6,26.5
3350,670.9,786.5,-34.9898,-59.4931,20,213,Temperate deciduous forest,70,100,1,2,0,20,6.117,3,Remoore,35,Hitchia,4,HUMANS,,,,3115,668.9,26.8
3351,681.98,784.48,-32.8839,-59.1092,20,231,Temperate deciduous forest,70,100,1,1,0,13,4.629,3,Remoore,35,Hitchia,4,HUMANS,,,,3115,645.3,25.8
3352,697.09,783.67,-30.0121,-58.9552,20,246,Temperate deciduous forest,70,100,1,3,0,37,6.137,3,Remoore,35,Hitchia,4,HUMANS,,,,3115,678.7,27.1
3353,708.29,781.82,-27.8835,-58.6036,24,169,Temperate deciduous forest,70,100,1,1,0,10,5.213,3,Remoore,35,Hitchia,4,HUMANS,,,,3115,730.2,29.2
3354,720.2,780.9,-25.6199,-58.4287,24,143,Temperate deciduous forest,70,100,1,2,0,10,2.398,3,Remoore,35,Hitchia,4,HUMANS,,,,3115,801.7,32.1
3355,732.1,780.03,-23.3582,-58.2634,20,159,Temperate deciduous forest,70,100,1,2,189,347,3.535,3,Remoore,35,Hitchia,4,HUMANS,,,,3115,866.2,34.6
3356,739.98,782.36,-21.8605,-58.7062,20,169,Temperate deciduous forest,70,100,1,2,0,29,4.391,3,Remoore,35,Hitchia,4,HUMANS,,,,3115,929.5,37.2
3357,754.3,779.4,-19.1389,-58.1436,20,309,Temperate deciduous forest,70,100,1,3,113,288,6.812,3,Remoore,34,Ormland,4,HUMANS,,,,3115,1006.9,40.3
3358,768.71,776.53,-16.4001,-57.5981,27,196,Temperate deciduous forest,70,100,1,1,0,14,3.625,3,Remoore,34,Ormland,4,HUMANS,,,,3115,1139.9,45.6
3359,776.99,787.86,-14.8265,-59.7516,20,160,Wetland,150,10,1,3,0,22,0.483,3,Remoore,34,Ormland,4,HUMANS,,,,3115,1371.4,54.9
3360,806.99,775.89,-9.1247,-57.4765,20,174,Temperate deciduous forest,70,100,1,2,0,61,2.908,3,Remoore,34,Ormland,4,HUMANS,,,,3115,1367.8,54.7
3361,814.04,784.87,-7.7848,-59.1833,7,145,Marine,10,0,0,0,0,0,0,0,Neutrals,0,,0,Wildlands,,,,,,
3362,824.5,783.7,-5.7968,-58.9609,7,178,Marine,10,0,0,0,0,0,0,0,Neutrals,0,,0,Wildlands,,,,,,
3363,834.9,782.47,-3.8202,-58.7271,7,213,Marine,10,0,0,0,0,0,0,0,Neutrals,0,,0,Wildlands,,,,,,
3364,876.29,785.39,4.0463,-59.2822,10,3643,Marine,10,0,0,0,0,0,0,0,Neutrals,0,,0,Wildlands,,,,,,
3365,1160.83,784.02,58.1256,-59.0218,11,871,Marine,10,0,0,0,0,0,0,0,Neutrals,0,,0,Wildlands,,,,,,
3366,1172.1,789.9,60.2675,-60.1394,11,263,Marine,10,0,0,0,0,0,0,0,Neutrals,0,,0,Wildlands,,,,,,
3367,1177.18,775.08,61.233,-57.3225,37,101,Coastal,50,50,1,3,0,14,0.003,8,Jomhor,0,,4,HUMANS,,,,,,
3368,1189.1,778.8,63.4985,-58.0296,37,213,Coastal,50,50,1,4,0,27,0.007,8,Jomhor,0,,4,HUMANS,,,,,,
3369,1201.03,782.57,65.7659,-58.7461,56,149,Coastal,50,50,1,0,0,9,0.004,8,Jomhor,0,,4,HUMANS,,,,,,
3370,1199.2,793.5,65.4181,-60.8237,56,198,Coastal,50,50,1,1,0,9,0.008,8,Jomhor,0,,4,HUMANS,,,,,,
3371,1217.47,784.4,68.8905,-59.094,35,231,Savanna,60,32,1,0,219,49,0.016,8,Jomhor,0,,7,GODLINGS,,,,,,
3372,1237.5,785.84,72.6974,-59.3677,31,302,Savanna,60,32,1,0,219,66,0.008,8,Jomhor,0,,7,GODLINGS,,,,,,
3373,1256.25,775.35,76.261,-57.3738,30,313,Savanna,60,32,1,0,219,144,0.009,8,Jomhor,0,,4,HUMANS,,,,,,
3374,1263.76,786.27,77.6883,-59.4494,31,215,Cold desert,150,10,1,0,0,23,0.011,8,Jomhor,0,,7,GODLINGS,,,,,,
3375,1285.11,779.87,81.7461,-58.2329,32,238,Cold desert,150,10,1,0,50,565,0.011,8,Jomhor,0,,7,GODLINGS,,,,,,
3376,1296.2,785.0,83.8538,-59.208,32,233,Cold desert,150,10,1,1,65,801,0.03,8,Jomhor,0,,7,GODLINGS,,,,,,
3377,1279.6,787.8,80.6988,-59.7402,32,140,Cold desert,150,10,1,0,0,16,0.002,8,Jomhor,0,,7,GODLINGS,,,,,,
3378,1307.37,790.18,85.9768,-60.1926,33,257,Cold desert,150,10,1,2,0,20,0.018,8,Jomhor,0,,7,GODLINGS,,,,,,
3379,1324.72,790.81,89.2743,-60.3124,35,231,Cold desert,150,10,1,0,0,17,0.012,8,Jomhor,0,,7,GODLINGS,,,,,,
3380,1342.83,789.88,92.7162,-60.1356,35,280,Cold desert,150,10,1,2,0,21,0.014,8,Jomhor,0,,4,HUMANS,,,,,,
3381,1355.81,784.76,95.1832,-59.1624,33,267,Cold desert,150,10,1,2,0,26,0.002,8,Jomhor,0,,7,GODLINGS,,,,,,
3382,1368.9,783.1,97.6711,-58.8469,33,242,Cold desert,150,10,1,2,0,26,0.002,8,Jomhor,0,,7,GODLINGS,,,,,,
3383,1382.01,781.53,100.1627,-58.5485,32,276,Cold desert,150,10,1,1,44,877,0.02,8,Jomhor,0,,7,GODLINGS,,,,,,
3384,1395.05,786.33,102.6411,-59.4608,43,220,Cold desert,150,10,1,2,0,33,0.002,8,Jomhor,0,,7,GODLINGS,,,,,,
3385,1405.2,793.3,104.5702,-60.7856,43,206,Cold desert,150,10,1,2,0,33,0.002,8,Jomhor,0,,4,HUMANS,,,,,,
3386,1414.67,779.11,106.37,-58.0885,41,298,Cold desert,150,10,1,0,0,40,0.003,8,Jomhor,0,,4,HUMANS,,,,,,
3387,1426.96,783.02,108.7058,-58.8317,57,272,Cold desert,150,10,1,0,56,57,0.014,8,Jomhor,0,,4,HUMANS,,,,,,
3388,1444.17,788.54,111.9768,-59.8809,53,155,Cold desert,150,10,1,3,0,78,0.009,8,Jomhor,0,,4,HUMANS,,,,,,
3389,1474.72,789.88,117.783,-60.1356,10,4727,Marine,10,0,0,0,0,0,0,0,Neutrals,0,,0,Wildlands,,,,,,
3390,538.26,801.12,-60.1991,-62.272,10,1834,Marine,10,0,0,0,0,0,0,0,Neutrals,0,,0,Wildlands,,,,,,
3391,556.19,796.21,-56.7914,-61.3388,10,245,Marine,10,0,0,0,0,0,0,0,Neutrals,0,,0,Wildlands,,,,,,
3392,559.47,803.16,-56.168,-62.6598,10,455,Marine,10,0,0,0,0,0,0,0,Neutrals,0,,0,Wildlands,,,,,,
3393,602.68,796.29,-47.9556,-61.354,10,457,Marine,10,0,0,0,0,0,0,0,Neutrals,0,,0,Wildlands,,,,,,
3394,615.29,807.52,-45.5589,-63.4885,10,910,Marine,10,0,0,0,0,0,0,0,Neutrals,0,,0,Wildlands,,,,,,
3395,641.9,794.94,-40.5015,-61.0974,10,283,Marine,10,0,0,0,0,0,0,0,Neutrals,0,,0,Wildlands,,,,,,
3396,652.5,801.1,-38.4868,-62.2682,10,229,Marine,10,0,0,0,0,0,0,0,Neutrals,0,,0,Wildlands,,,,,,
3397,663.14,807.32,-36.4646,-63.4505,10,149,Marine,10,0,0,0,0,0,0,0,Neutrals,0,,0,Wildlands,,,,,,
3398,670.44,801.88,-35.0772,-62.4165,10,218,Marine,10,0,0,0,0,0,0,0,Neutrals,0,,0,Wildlands,,,,,,
3399,685.5,801.3,-32.2149,-62.3062,10,288,Marine,10,0,0,0,0,0,0,0,Neutrals,0,,0,Wildlands,,,,,,
3400,700.5,800.72,-29.364,-62.196,10,298,Marine,10,0,0,0,0,0,0,0,Neutrals,0,,0,Wildlands,,,,,,
3401,713.11,793.03,-26.9674,-60.7343,10,190,Marine,10,0,0,0,0,0,0,0,Neutrals,0,,0,Wildlands,,,,,,
3402,722.7,794.3,-25.1447,-60.9757,10,194,Marine,10,0,0,0,0,0,0,0,Neutrals,0,,0,Wildlands,,,,,,
3403,732.36,795.53,-23.3088,-61.2095,10,196,Marine,10,0,0,0,0,0,0,0,Neutrals,0,,0,Wildlands,,,,,,
3404,741.7,800.1,-21.5336,-62.0781,10,263,Marine,10,0,0,0,0,0,0,0,Neutrals,0,,0,Wildlands,,,,,,
3405,751.11,804.58,-19.7452,-62.9297,10,295,Marine,10,0,0,0,0,0,0,0,Neutrals,0,,0,Wildlands,,,,,,
3406,760.2,800.7,-18.0175,-62.1922,10,228,Marine,10,0,0,0,0,0,0,0,Neutrals,0,,0,Wildlands,,,,,,
3407,769.37,796.88,-16.2747,-61.4661,10,149,Marine,10,0,0,0,0,0,0,0,Neutrals,0,,0,Wildlands,,,,,,
3408,775.69,798.4,-15.0735,-61.755,10,196,Marine,10,0,0,0,0,0,0,0,Neutrals,0,,0,Wildlands,,,,,,
3409,789.9,796.6,-12.3728,-61.4129,10,239,Marine,10,0,0,0,0,0,0,0,Neutrals,0,,0,Wildlands,,,,,,
3410,804.14,794.82,-9.6664,-61.0746,10,227,Marine,10,0,0,0,0,0,0,0,Neutrals,0,,0,Wildlands,,,,,,
3411,816.55,796.43,-7.3077,-61.3806,10,448,Marine,10,0,0,0,0,0,0,0,Neutrals,0,,0,Wildlands,,,,,,
3412,841.92,794.14,-2.486,-60.9453,10,1410,Marine,10,0,0,0,0,0,0,0,Neutrals,0,,0,Wildlands,,,,,,
3413,1183.45,795.83,62.4247,-61.2665,8,201,Marine,10,0,0,0,0,0,0,0,Neutrals,0,,0,Wildlands,,,,,,
3414,1178.4,807.1,61.4649,-63.4087,8,272,Marine,10,0,0,0,0,0,0,0,Neutrals,0,,0,Wildlands,,,,,,
3415,1197.29,804.47,65.0551,-62.9088,29,219,Coastal,50,50,1,3,0,30,0.008,8,Jomhor,0,,4,HUMANS,,,,,,
3416,1203.2,814.8,66.1784,-64.8722,29,244,Coastal,50,50,1,2,0,31,0.009,8,Jomhor,0,,4,HUMANS,,,,,,
3417,1218.66,793.91,69.1167,-60.9016,33,266,Savanna,60,32,1,0,0,15,0.006,8,Jomhor,0,,7,GODLINGS,,,,,,
3418,1230.63,801.54,71.3917,-62.3518,42,330,Savanna,60,32,1,0,0,16,0.02,8,Jomhor,0,,7,GODLINGS,,,,,,
3419,1248.3,797.32,74.75,-61.5497,43,231,Cold desert,150,10,1,0,0,19,0.002,8,Jomhor,0,,4,HUMANS,,,,,,
3420,1261.2,796.6,77.2018,-61.4129,43,229,Cold desert,150,10,1,1,0,19,0.005,8,Jomhor,0,,4,HUMANS,,,,,,
3421,1245.9,810.9,74.2939,-64.1309,43,311,Cold desert,150,10,1,2,0,19,0.004,8,Jomhor,0,,7,GODLINGS,,,,,,
3422,1274.01,795.82,79.6364,-61.2646,45,199,Cold desert,150,10,1,3,0,26,0.009,8,Jomhor,0,,7,GODLINGS,,,,,,
3423,1288.26,794.05,82.3447,-60.9282,33,132,Cold desert,150,10,1,2,0,44,0.002,8,Jomhor,0,,7,GODLINGS,,,,,,
3424,1300.34,794.39,84.6406,-60.9928,10,109,Marine,10,0,0,0,0,0,0,0,Neutrals,0,,0,Wildlands,,,,,,
3425,1304.5,805.5,85.4313,-63.1045,10,174,Marine,10,0,0,0,0,0,0,0,Neutrals,0,,0,Wildlands,,,,,,
3426,1291.4,804.0,82.9415,-62.8194,10,146,Marine,10,0,0,0,0,0,0,0,Neutrals,0,,0,Wildlands,,,,,,
3427,1320.85,797.28,88.5387,-61.5421,37,209,Cold desert,150,10,1,3,0,27,0.002,8,Jomhor,0,,7,GODLINGS,,,,,,
3428,1333.6,795.37,90.962,-61.1791,40,214,Cold desert,150,10,1,3,0,47,0.002,8,Jomhor,0,,7,GODLINGS,,,,,,
3429,1355.85,806.58,95.1908,-63.3098,7,227,Marine,10,0,0,0,0,0,0,0,Neutrals,0,,0,Wildlands,,,,,,
3430,1369.4,800.7,97.7661,-62.1922,7,296,Marine,10,0,0,0,0,0,0,0,Neutrals,0,,0,Wildlands,,,,,,
3431,1346.8,812.7,93.4708,-64.4731,7,199,Marine,10,0,0,0,0,0,0,0,Neutrals,0,,0,Wildlands,,,,,,
3432,1382.85,794.89,100.3224,-61.0879,10,186,Marine,10,0,0,0,0,0,0,0,Neutrals,0,,0,Wildlands,,,,,,
3433,1391.19,795.78,101.9075,-61.257,10,128,Marine,10,0,0,0,0,0,0,0,Neutrals,0,,0,Wildlands,,,,,,
3434,1393.9,808.2,102.4225,-63.6177,10,252,Marine,10,0,0,0,0,0,0,0,Neutrals,0,,0,Wildlands,,,,,,
3435,1415.44,800.22,106.5164,-62.101,54,272,Cold desert,150,10,1,4,0,36,0.002,8,Jomhor,0,,7,GODLINGS,,,,,,
3436,1430.52,795.55,109.3825,-61.2133,45,221,Cold desert,150,10,1,2,0,79,0.012,8,Jomhor,0,,7,GODLINGS,,,,,,
3437,1449.44,793.12,112.9784,-60.7514,10,146,Marine,10,0,0,0,0,0,0,0,Neutrals,0,,0,Wildlands,,,,,,
3438,1446.0,805.1,112.3246,-63.0285,10,272,Marine,10,0,0,0,0,0,0,0,Neutrals,0,,0,Wildlands,,,,,,
3439,1464.7,796.94,115.8787,-61.4775,10,469,Marine,10,0,0,0,0,0,0,0,Neutrals,0,,0,Wildlands,,,,,,
3440,572.81,811.8,-53.6326,-64.302,6,1299,Marine,10,0,0,0,0,0,0,0,Neutrals,0,,0,Wildlands,,,,,,
3441,642.39,821.82,-40.4083,-66.2065,10,696,Marine,10,0,0,0,0,0,0,0,Neutrals,0,,0,Wildlands,,,,,,
3442,662.71,818.0,-36.5463,-65.4805,6,581,Marine,10,0,0,0,0,0,0,0,Neutrals,0,,0,Wildlands,,,,,,
3443,693.02,819.88,-30.7857,-65.8378,7,859,Marine,10,0,0,0,0,0,0,0,Neutrals,0,,0,Wildlands,,,,,,
3444,716.45,819.33,-26.3326,-65.7333,10,515,Marine,10,0,0,0,0,0,0,0,Neutrals,0,,0,Wildlands,,,,,,
3445,727.0,826.4,-24.3275,-67.0771,10,1135,Marine,10,0,0,0,0,0,0,0,Neutrals,0,,0,Wildlands,,,,,,
3446,764.44,823.54,-17.2117,-66.5335,10,1102,Marine,10,0,0,0,0,0,0,0,Neutrals,0,,0,Wildlands,,,,,,
3447,790.12,812.12,-12.331,-64.3628,7,532,Marine,10,0,0,0,0,0,0,0,Neutrals,0,,0,Wildlands,,,,,,
3448,802.74,811.29,-9.9325,-64.2051,6,859,Marine,10,0,0,0,0,0,0,0,Neutrals,0,,0,Wildlands,,,,,,
3449,1146.65,821.66,55.4306,-66.1761,10,3054,Marine,10,0,0,0,0,0,0,0,Neutrals,0,,0,Wildlands,,,,,,
3450,1154.63,826.93,56.9472,-67.1778,10,563,Marine,10,0,0,0,0,0,0,0,Neutrals,0,,0,Wildlands,,,,,,
3451,1173.41,818.39,60.5165,-65.5546,10,270,Marine,10,0,0,0,0,0,0,0,Neutrals,0,,0,Wildlands,,,,,,
3452,1186.0,822.2,62.9094,-66.2788,10,228,Marine,10,0,0,0,0,0,0,0,Neutrals,0,,0,Wildlands,,,,,,
3453,1198.61,825.91,65.306,-66.9839,10,202,Marine,10,0,0,0,0,0,0,0,Neutrals,0,,0,Wildlands,,,,,,
3454,1209.18,825.2,67.3149,-66.849,33,109,Coastal,50,50,1,2,0,51,0.004,8,Jomhor,0,,7,GODLINGS,,,,,,
3455,1219.4,825.9,69.2573,-66.982,33,188,Cold desert,150,10,1,2,0,51,0.003,8,Jomhor,0,,7,GODLINGS,,,,,,
3456,1229.68,826.62,71.2111,-67.1189,40,205,Cold desert,150,10,1,2,0,26,0.01,8,Jomhor,0,,4,HUMANS,,,,,,
3457,1243.44,824.45,73.8263,-66.7064,43,273,Cold desert,150,10,1,3,0,26,0.002,8,Jomhor,0,,4,HUMANS,,,,,,
3458,1273.94,817.58,79.6231,-65.4006,10,303,Marine,10,0,0,0,0,0,0,0,Neutrals,0,,0,Wildlands,,,,,,
3459,1265.3,831.0,77.981,-67.9514,10,410,Marine,10,0,0,0,0,0,0,0,Neutrals,0,,0,Wildlands,,,,,,
3460,1282.46,813.63,81.2424,-64.6498,10,186,Marine,10,0,0,0,0,0,0,0,Neutrals,0,,0,Wildlands,,,,,,
3461,1295.5,815.1,83.7208,-64.9293,10,180,Marine,10,0,0,0,0,0,0,0,Neutrals,0,,0,Wildlands,,,,,,
3462,1308.6,816.52,86.2105,-65.1992,10,165,Marine,10,0,0,0,0,0,0,0,Neutrals,0,,0,Wildlands,,,,,,
3463,1318.6,817.7,88.1111,-65.4234,10,195,Marine,10,0,0,0,0,0,0,0,Neutrals,0,,0,Wildlands,,,,,,
3464,1328.58,818.94,90.0079,-65.6591,10,177,Marine,10,0,0,0,0,0,0,0,Neutrals,0,,0,Wildlands,,,,,,
3465,1337.81,818.74,91.7621,-65.6211,10,268,Marine,10,0,0,0,0,0,0,0,Neutrals,0,,0,Wildlands,,,,,,
3466,1358.44,819.62,95.683,-65.7884,10,845,Marine,10,0,0,0,0,0,0,0,Neutrals,0,,0,Wildlands,,,,,,
3467,1380.82,820.96,99.9365,-66.0431,10,550,Marine,10,0,0,0,0,0,0,0,Neutrals,0,,0,Wildlands,,,,,,
3468,1396.51,820.54,102.9186,-65.9633,10,206,Marine,10,0,0,0,0,0,0,0,Neutrals,0,,0,Wildlands,,,,,,
3469,1408.6,821.0,105.2164,-66.0507,10,273,Marine,10,0,0,0,0,0,0,0,Neutrals,0,,0,Wildlands,,,,,,
3470,1420.59,821.55,107.4952,-66.1552,10,287,Marine,10,0,0,0,0,0,0,0,Neutrals,0,,0,Wildlands,,,,,,
3471,1431.6,819.3,109.5877,-65.7276,10,180,Marine,10,0,0,0,0,0,0,0,Neutrals,0,,0,Wildlands,,,,,,
3472,1428.4,811.82,108.9795,-64.3058,10,186,Marine,10,0,0,0,0,0,0,0,Neutrals,0,,0,Wildlands,,,,,,
3473,1442.63,817.03,111.6841,-65.2961,10,313,Marine,10,0,0,0,0,0,0,0,Neutrals,0,,0,Wildlands,,,,,,
3474,1175.22,829.89,60.8605,-67.7404,10,535,Marine,10,0,0,0,0,0,0,0,Neutrals,0,,0,Wildlands,,,,,,
3475,1210.34,831.66,67.5354,-68.0769,10,187,Marine,10,0,0,0,0,0,0,0,Neutrals,0,,0,Wildlands,,,,,,
3476,1222.9,835.6,69.9225,-68.8258,10,238,Marine,10,0,0,0,0,0,0,0,Neutrals,0,,0,Wildlands,,,,,,
3477,1235.48,839.61,72.3135,-69.588,10,211,Marine,10,0,0,0,0,0,0,0,Neutrals,0,,0,Wildlands,,,,,,
3478,1246.1,842.0,74.3319,-70.0422,10,214,Marine,10,0,0,0,0,0,0,0,Neutrals,0,,0,Wildlands,,,,,,
3479,1256.74,844.4,76.3541,-70.4984,10,221,Marine,10,0,0,0,0,0,0,0,Neutrals,0,,0,Wildlands,,,,,,
3480,1290.53,831.0,82.7762,-67.9514,10,535,Marine,10,0,0,0,0,0,0,0,Neutrals,0,,0,Wildlands,,,,,,
3481,1307.47,832.58,85.9958,-68.2517,10,622,Marine,10,0,0,0,0,0,0,0,Neutrals,0,,0,Wildlands,,,,,,
3482,1326.94,833.36,89.6962,-68.4,10,1503,Marine,10,0,0,0,0,0,0,0,Neutrals,0,,0,Wildlands,,,,,,
3483,1397.11,837.84,103.0326,-69.2515,10,2605,Marine,10,0,0,0,0,0,0,0,Neutrals,0,,0,Wildlands,,,,,,
3484,1434.31,844.25,110.1028,-70.4699,10,2968,Marine,10,0,0,0,0,0,0,0,Neutrals,0,,0,Wildlands,,,,,,
3485,1444.23,838.92,111.9882,-69.4568,10,770,Marine,10,0,0,0,0,0,0,0,Neutrals,0,,0,Wildlands,,,,,,
3486,1466.6,833.49,116.2398,-68.4247,10,7585,Marine,10,0,0,0,0,0,0,0,Neutrals,0,,0,Wildlands,,,,,,
3487,606.31,862.47,-47.2656,-73.9331,10,567,Marine,10,0,0,0,0,0,0,0,Neutrals,0,,0,Wildlands,,,,,,
3488,621.53,853.46,-44.373,-72.2205,10,787,Marine,10,0,0,0,0,0,0,0,Neutrals,0,,0,Wildlands,,,,,,
3489,648.97,847.09,-39.1577,-71.0097,10,713,Marine,10,0,0,0,0,0,0,0,Neutrals,0,,0,Wildlands,,,,,,
3490,801.96,857.26,-10.0807,-72.9428,10,1270,Marine,10,0,0,0,0,0,0,0,Neutrals,0,,0,Wildlands,,,,,,
3491,978.06,862.69,23.3886,-73.9749,10,4353,Marine,10,0,0,0,0,0,0,0,Neutrals,0,,0,Wildlands,,,,,,
3492,1197.04,846.9,65.0076,-70.9736,10,1118,Marine,10,0,0,0,0,0,0,0,Neutrals,0,,0,Wildlands,,,,,,
3493,1229.04,858.76,71.0895,-73.2279,10,722,Marine,10,0,0,0,0,0,0,0,Neutrals,0,,0,Wildlands,,,,,,
3494,1254.75,854.84,75.9759,-72.4828,10,308,Marine,10,0,0,0,0,0,0,0,Neutrals,0,,0,Wildlands,,,,,,
3495,1271.03,860.04,79.07,-73.4712,10,522,Marine,10,0,0,0,0,0,0,0,Neutrals,0,,0,Wildlands,,,,,,
3496,465.72,881.04,-73.986,-77.4627,10,293,Marine,10,0,0,0,0,0,0,0,Neutrals,0,,0,Wildlands,,,,,,
3497,470.4,874.54,-73.0965,-76.2272,10,2026,Marine,10,0,0,0,0,0,0,0,Neutrals,0,,0,Wildlands,,,,,,
3498,487.63,871.52,-69.8218,-75.6532,10,1868,Marine,10,0,0,0,0,0,0,0,Neutrals,0,,0,Wildlands,,,,,,
3499,537.75,865.34,-60.2961,-74.4786,10,1591,Marine,10,0,0,0,0,0,0,0,Neutrals,0,,0,Wildlands,,,,,,
3500,552.13,871.15,-57.563,-75.5829,10,365,Marine,10,0,0,0,0,0,0,0,Neutrals,0,,0,Wildlands,,,,,,
3501,565.4,865.23,-55.0409,-74.4577,10,1183,Marine,10,0,0,0,0,0,0,0,Neutrals,0,,0,Wildlands,,,,,,
3502,602.59,866.45,-47.9727,-74.6895,10,498,Marine,10,0,0,0,0,0,0,0,Neutrals,0,,0,Wildlands,,,,,,
3503,614.16,877.21,-45.7737,-76.7347,10,217,Marine,10,0,0,0,0,0,0,0,Neutrals,0,,0,Wildlands,,,,,,
3504,630.1,871.3,-42.7442,-75.6114,10,307,Marine,10,0,0,0,0,0,0,0,Neutrals,0,,0,Wildlands,,,,,,
3505,646.04,865.42,-39.7146,-74.4938,10,340,Marine,10,0,0,0,0,0,0,0,Neutrals,0,,0,Wildlands,,,,,,
3506,652.2,878.6,-38.5439,-76.9989,10,287,Marine,10,0,0,0,0,0,0,0,Neutrals,0,,0,Wildlands,,,,,,
3507,669.92,866.78,-35.176,-74.7523,10,763,Marine,10,0,0,0,0,0,0,0,Neutrals,0,,0,Wildlands,,,,,,
3508,698.06,865.7,-29.8278,-74.547,10,981,Marine,10,0,0,0,0,0,0,0,Neutrals,0,,0,Wildlands,,,,,,
3509,705.95,877.55,-28.3282,-76.7994,10,486,Marine,10,0,0,0,0,0,0,0,Neutrals,0,,0,Wildlands,,,,,,
3510,748.15,880.7,-20.3077,-77.3981,10,712,Marine,10,0,0,0,0,0,0,0,Neutrals,0,,0,Wildlands,,,,,,
3511,771.08,867.31,-15.9497,-74.853,10,884,Marine,10,0,0,0,0,0,0,0,Neutrals,0,,0,Wildlands,,,,,,
3512,783.04,875.7,-13.6766,-76.4477,10,239,Marine,10,0,0,0,0,0,0,0,Neutrals,0,,0,Wildlands,,,,,,
3513,801.88,878.08,-10.0959,-76.9001,10,191,Marine,10,0,0,0,0,0,0,0,Neutrals,0,,0,Wildlands,,,,,,
3514,810.7,881.0,-8.4196,-77.4551,10,150,Marine,10,0,0,0,0,0,0,0,Neutrals,0,,0,Wildlands,,,,,,
3515,797.6,888.4,-10.9094,-78.8617,10,161,Marine,10,0,0,0,0,0,0,0,Neutrals,0,,0,Wildlands,,,,,,
3516,792.4,881.4,-11.8977,-77.5312,10,117,Marine,10,0,0,0,0,0,0,0,Neutrals,0,,0,Wildlands,,,,,,
3517,817.68,878.81,-7.093,-77.0389,10,307,Marine,10,0,0,0,0,0,0,0,Neutrals,0,,0,Wildlands,,,,,,
3518,843.41,867.03,-2.2028,-74.7998,10,986,Marine,10,0,0,0,0,0,0,0,Neutrals,0,,0,Wildlands,,,,,,
3519,849.36,867.77,-1.0719,-74.9404,10,1134,Marine,10,0,0,0,0,0,0,0,Neutrals,0,,0,Wildlands,,,,,,
3520,885.92,875.55,5.8766,-76.4192,10,1057,Marine,10,0,0,0,0,0,0,0,Neutrals,0,,0,Wildlands,,,,,,
3521,912.1,866.0,10.8523,-74.604,10,2092,Marine,10,0,0,0,0,0,0,0,Neutrals,0,,0,Wildlands,,,,,,
3522,929.29,871.07,14.1194,-75.5677,10,1307,Marine,10,0,0,0,0,0,0,0,Neutrals,0,,0,Wildlands,,,,,,
3523,968.7,868.17,21.6096,-75.0165,10,906,Marine,10,0,0,0,0,0,0,0,Neutrals,0,,0,Wildlands,,,,,,
3524,986.66,873.21,25.0231,-75.9744,10,210,Marine,10,0,0,0,0,0,0,0,Neutrals,0,,0,Wildlands,,,,,,
3525,994.8,885.3,26.5702,-78.2724,10,220,Marine,10,0,0,0,0,0,0,0,Neutrals,0,,0,Wildlands,,,,,,
3526,981.5,884.3,24.0424,-78.0824,10,224,Marine,10,0,0,0,0,0,0,0,Neutrals,0,,0,Wildlands,,,,,,
3527,1000.37,872.9,27.6288,-75.9155,10,892,Marine,10,0,0,0,0,0,0,0,Neutrals,0,,0,Wildlands,,,,,,
3528,1032.98,868.04,33.8266,-74.9918,10,2506,Marine,10,0,0,0,0,0,0,0,Neutrals,0,,0,Wildlands,,,,,,
3529,1050.39,866.97,37.1355,-74.7884,10,2198,Marine,10,0,0,0,0,0,0,0,Neutrals,0,,0,Wildlands,,,,,,
3530,1073.61,868.58,41.5487,-75.0944,10,2159,Marine,10,0,0,0,0,0,0,0,Neutrals,0,,0,Wildlands,,,,,,
3531,1105.25,872.51,47.5621,-75.8414,10,1286,Marine,10,0,0,0,0,0,0,0,Neutrals,0,,0,Wildlands,,,,,,
3532,1121.49,880.36,50.6487,-77.3335,10,472,Marine,10,0,0,0,0,0,0,0,Neutrals,0,,0,Wildlands,,,,,,
3533,1148.75,868.1,55.8297,-75.0032,10,1298,Marine,10,0,0,0,0,0,0,0,Neutrals,0,,0,Wildlands,,,,,,
3534,1256.92,875.48,76.3883,-76.4059,10,378,Marine,10,0,0,0,0,0,0,0,Neutrals,0,,0,Wildlands,,,,,,
3535,1268.55,871.03,78.5987,-75.5601,10,295,Marine,10,0,0,0,0,0,0,0,Neutrals,0,,0,Wildlands,,,,,,
3536,1291.83,879.31,83.0232,-77.1339,10,936,Marine,10,0,0,0,0,0,0,0,Neutrals,0,,0,Wildlands,,,,,,
3537,408.99,892.15,-84.768,-79.5744,10,3606,Marine,10,0,0,0,0,0,0,0,Neutrals,0,,0,Wildlands,,,,,,
3538,429.09,888.0,-80.9478,-78.7856,10,1878,Marine,10,0,0,0,0,0,0,0,Neutrals,0,,0,Wildlands,,,,,,
3539,445.52,892.89,-77.8251,-79.7151,10,350,Marine,10,0,0,0,0,0,0,0,Neutrals,0,,0,Wildlands,,,,,,
3540,459.69,891.54,-75.132,-79.4585,10,175,Marine,10,0,0,0,0,0,0,0,Neutrals,0,,0,Wildlands,,,,,,
3541,468.5,887.6,-73.4576,-78.7096,10,113,Marine,10,0,0,0,0,0,0,0,Neutrals,0,,0,Wildlands,,,,,,
3542,455.9,903.7,-75.8523,-81.7698,10,180,Marine,10,0,0,0,0,0,0,0,Neutrals,0,,0,Wildlands,,,,,,
3543,477.26,883.63,-71.7927,-77.955,10,159,Marine,10,0,0,0,0,0,0,0,Neutrals,0,,0,Wildlands,,,,,,
3544,488.1,883.8,-69.7325,-77.9873,10,197,Marine,10,0,0,0,0,0,0,0,Neutrals,0,,0,Wildlands,,,,,,
3545,499.01,884.03,-67.6589,-78.031,10,472,Marine,10,0,0,0,0,0,0,0,Neutrals,0,,0,Wildlands,,,,,,
3546,513.72,893.62,-64.8632,-79.8539,10,305,Marine,10,0,0,0,0,0,0,0,Neutrals,0,,0,Wildlands,,,,,,
3547,523.4,892.7,-63.0234,-79.679,10,251,Marine,10,0,0,0,0,0,0,0,Neutrals,0,,0,Wildlands,,,,,,
3548,533.16,891.69,-61.1684,-79.487,10,211,Marine,10,0,0,0,0,0,0,0,Neutrals,0,,0,Wildlands,,,,,,
3549,543.8,890.82,-59.1462,-79.3216,10,234,Marine,10,0,0,0,0,0,0,0,Neutrals,0,,0,Wildlands,,,,,,
3550,556.4,894.8,-56.7515,-80.0781,10,254,Marine,10,0,0,0,0,0,0,0,Neutrals,0,,0,Wildlands,,,,,,
3551,568.99,898.76,-54.3586,-80.8308,10,204,Marine,10,0,0,0,0,0,0,0,Neutrals,0,,0,Wildlands,,,,,,
3552,579.9,897.2,-52.2851,-80.5343,10,285,Marine,10,0,0,0,0,0,0,0,Neutrals,0,,0,Wildlands,,,,,,
3553,590.75,895.62,-50.223,-80.234,10,225,Marine,10,0,0,0,0,0,0,0,Neutrals,0,,0,Wildlands,,,,,,
3554,599.8,891.7,-48.5029,-79.4889,10,202,Marine,10,0,0,0,0,0,0,0,Neutrals,0,,0,Wildlands,,,,,,
3555,608.79,887.69,-46.7943,-78.7267,10,147,Marine,10,0,0,0,0,0,0,0,Neutrals,0,,0,Wildlands,,,,,,
3556,617.36,887.8,-45.1655,-78.7476,10,208,Marine,10,0,0,0,0,0,0,0,Neutrals,0,,0,Wildlands,,,,,,
3557,635.67,886.83,-41.6855,-78.5633,23,270,Glacier,5000,0,1,4,0,0,0,0,Neutrals,0,,0,Wildlands,,,,,,
3558,638.7,901.1,-41.1096,-81.2756,23,202,Glacier,5000,0,1,1,0,0,0,0,Neutrals,0,,0,Wildlands,,,,,,
3559,632.3,901.2,-42.326,-81.2946,23,176,Glacier,5000,0,1,1,0,0,0,0,Neutrals,0,,0,Wildlands,,,,,,
3560,658.32,891.82,-37.3807,-79.5117,10,293,Marine,10,0,0,0,0,0,0,0,Neutrals,0,,0,Wildlands,,,,,,
3561,669.94,890.11,-35.1722,-79.1867,10,336,Marine,10,0,0,0,0,0,0,0,Neutrals,0,,0,Wildlands,,,,,,
3562,686.83,891.14,-31.9621,-79.3825,10,354,Marine,10,0,0,0,0,0,0,0,Neutrals,0,,0,Wildlands,,,,,,
3563,697.3,893.6,-29.9722,-79.8501,10,214,Marine,10,0,0,0,0,0,0,0,Neutrals,0,,0,Wildlands,,,,,,
3564,707.72,896.06,-27.9918,-80.3176,10,190,Marine,10,0,0,0,0,0,0,0,Neutrals,0,,0,Wildlands,,,,,,
3565,716.4,892.1,-26.3421,-79.5649,10,171,Marine,10,0,0,0,0,0,0,0,Neutrals,0,,0,Wildlands,,,,,,
3566,725.08,888.09,-24.6924,-78.8027,10,348,Marine,10,0,0,0,0,0,0,0,Neutrals,0,,0,Wildlands,,,,,,
3567,735.5,889.6,-22.712,-79.0898,10,211,Marine,10,0,0,0,0,0,0,0,Neutrals,0,,0,Wildlands,,,,,,
3568,745.85,891.07,-20.7449,-79.3692,10,176,Marine,10,0,0,0,0,0,0,0,Neutrals,0,,0,Wildlands,,,,,,
3569,760.89,889.4,-17.8864,-79.0517,10,286,Marine,10,0,0,0,0,0,0,0,Neutrals,0,,0,Wildlands,,,,,,
3570,771.9,887.1,-15.7939,-78.6146,10,246,Marine,10,0,0,0,0,0,0,0,Neutrals,0,,0,Wildlands,,,,,,
3571,782.85,884.78,-13.7127,-78.1736,10,155,Marine,10,0,0,0,0,0,0,0,Neutrals,0,,0,Wildlands,,,,,,
3572,793.27,898.7,-11.7323,-80.8194,10,210,Marine,10,0,0,0,0,0,0,0,Neutrals,0,,0,Wildlands,,,,,,
3573,819.47,883.87,-6.7528,-78.0006,10,243,Marine,10,0,0,0,0,0,0,0,Neutrals,0,,0,Wildlands,,,,,,
3574,833.78,893.93,-4.033,-79.9128,10,361,Marine,10,0,0,0,0,0,0,0,Neutrals,0,,0,Wildlands,,,,,,
3575,848.1,892.4,-1.3114,-79.622,10,303,Marine,10,0,0,0,0,0,0,0,Neutrals,0,,0,Wildlands,,,,,,
3576,862.42,890.89,1.4102,-79.335,10,356,Marine,10,0,0,0,0,0,0,0,Neutrals,0,,0,Wildlands,,,,,,
3577,879.72,891.52,4.6982,-79.4547,10,222,Marine,10,0,0,0,0,0,0,0,Neutrals,0,,0,Wildlands,,,,,,
3578,890.03,884.55,6.6577,-78.1299,10,219,Marine,10,0,0,0,0,0,0,0,Neutrals,0,,0,Wildlands,,,,,,
3579,907.24,887.06,9.9287,-78.607,10,319,Marine,10,0,0,0,0,0,0,0,Neutrals,0,,0,Wildlands,,,,,,
3580,918.0,891.9,11.9737,-79.5269,10,246,Marine,10,0,0,0,0,0,0,0,Neutrals,0,,0,Wildlands,,,,,,
3581,928.7,896.8,14.0073,-80.4583,10,124,Marine,10,0,0,0,0,0,0,0,Neutrals,0,,0,Wildlands,,,,,,
3582,936.8,891.0,15.5468,-79.3559,10,184,Marine,10,0,0,0,0,0,0,0,Neutrals,0,,0,Wildlands,,,,,,
3583,944.96,885.14,17.0977,-78.242,10,303,Marine,10,0,0,0,0,0,0,0,Neutrals,0,,0,Wildlands,,,,,,
3584,953.9,890.5,18.7968,-79.2608,10,230,Marine,10,0,0,0,0,0,0,0,Neutrals,0,,0,Wildlands,,,,,,
3585,962.9,895.79,20.5073,-80.2663,10,222,Marine,10,0,0,0,0,0,0,0,Neutrals,0,,0,Wildlands,,,,,,
3586,976.42,895.48,23.0769,-80.2074,10,190,Marine,10,0,0,0,0,0,0,0,Neutrals,0,,0,Wildlands,,,,,,
3587,1003.01,897.31,28.1306,-80.5552,10,194,Marine,10,0,0,0,0,0,0,0,Neutrals,0,,0,Wildlands,,,,,,
3588,1008.1,906.6,29.098,-82.321,10,106,Marine,10,0,0,0,0,0,0,0,Neutrals,0,,0,Wildlands,,,,,,
3589,1017.4,895.39,30.8655,-80.1903,10,245,Marine,10,0,0,0,0,0,0,0,Neutrals,0,,0,Wildlands,,,,,,
3590,1026.7,894.6,32.633,-80.0401,10,173,Marine,10,0,0,0,0,0,0,0,Neutrals,0,,0,Wildlands,,,,,,
3591,1015.3,905.7,30.4664,-82.1499,10,101,Marine,10,0,0,0,0,0,0,0,Neutrals,0,,0,Wildlands,,,,,,
3592,1036.05,893.86,34.4101,-79.8995,10,158,Marine,10,0,0,0,0,0,0,0,Neutrals,0,,0,Wildlands,,,,,,
3593,1045.6,888.7,36.2251,-78.9187,10,226,Marine,10,0,0,0,0,0,0,0,Neutrals,0,,0,Wildlands,,,,,,
3594,1055.07,883.63,38.025,-77.955,10,238,Marine,10,0,0,0,0,0,0,0,Neutrals,0,,0,Wildlands,,,,,,
3595,1067.49,888.23,40.3855,-78.8294,10,251,Marine,10,0,0,0,0,0,0,0,Neutrals,0,,0,Wildlands,,,,,,
3596,1076.5,886.6,42.098,-78.5195,10,174,Marine,10,0,0,0,0,0,0,0,Neutrals,0,,0,Wildlands,,,,,,
3597,1085.51,884.93,43.8104,-78.2021,10,223,Marine,10,0,0,0,0,0,0,0,Neutrals,0,,0,Wildlands,,,,,,
3598,1095.7,884.7,45.7471,-78.1584,10,216,Marine,10,0,0,0,0,0,0,0,Neutrals,0,,0,Wildlands,,,,,,
3599,1105.94,884.41,47.6933,-78.1033,10,192,Marine,10,0,0,0,0,0,0,0,Neutrals,0,,0,Wildlands,,,,,,
3600,1118.4,889.7,50.0614,-79.1088,10,196,Marine,10,0,0,0,0,0,0,0,Neutrals,0,,0,Wildlands,,,,,,
3601,1130.89,895.02,52.4352,-80.12,10,296,Marine,10,0,0,0,0,0,0,0,Neutrals,0,,0,Wildlands,,,,,,
3602,1149.4,893.18,55.9532,-79.7702,10,283,Marine,10,0,0,0,0,0,0,0,Neutrals,0,,0,Wildlands,,,,,,
3603,1158.86,890.67,57.7512,-79.2931,10,713,Marine,10,0,0,0,0,0,0,0,Neutrals,0,,0,Wildlands,,,,,,
3604,1201.87,897.94,65.9256,-80.675,10,645,Marine,10,0,0,0,0,0,0,0,Neutrals,0,,0,Wildlands,,,,,,
3605,1210.07,894.7,67.4841,-80.0591,10,469,Marine,10,0,0,0,0,0,0,0,Neutrals,0,,0,Wildlands,,,,,,
3606,1227.95,885.87,70.8823,-78.3808,10,572,Marine,10,0,0,0,0,0,0,0,Neutrals,0,,0,Wildlands,,,,,,
3607,1249.4,892.45,74.9591,-79.6315,10,232,Marine,10,0,0,0,0,0,0,0,Neutrals,0,,0,Wildlands,,,,,,
3608,1259.3,893.9,76.8406,-79.9071,10,197,Marine,10,0,0,0,0,0,0,0,Neutrals,0,,0,Wildlands,,,,,,
3609,1242.1,900.6,73.5716,-81.1806,10,213,Marine,10,0,0,0,0,0,0,0,Neutrals,0,,0,Wildlands,,,,,,
3610,1269.22,895.4,78.726,-80.1922,10,264,Marine,10,0,0,0,0,0,0,0,Neutrals,0,,0,Wildlands,,,,,,
3611,1284.79,898.33,81.6852,-80.7491,10,260,Marine,10,0,0,0,0,0,0,0,Neutrals,0,,0,Wildlands,,,,,,
3612,1296.2,902.9,83.8538,-81.6177,10,175,Marine,10,0,0,0,0,0,0,0,Neutrals,0,,0,Wildlands,,,,,,
3613,1301.25,894.41,84.8136,-80.004,10,669,Marine,10,0,0,0,0,0,0,0,Neutrals,0,,0,Wildlands,,,,,,
3614,384.17,910.87,-89.4852,-83.1326,10,6068,Marine,10,0,0,0,0,0,0,0,Neutrals,0,,0,Wildlands,,,,,,
3615,425.69,903.24,-81.594,-81.6824,10,200,Marine,10,0,0,0,0,0,0,0,Neutrals,0,,0,Wildlands,,,,,,
3616,421.9,918.5,-82.3143,-84.5829,10,194,Marine,10,0,0,0,0,0,0,0,Neutrals,0,,0,Wildlands,,,,,,
3617,415.2,914.6,-83.5877,-83.8416,10,264,Marine,10,0,0,0,0,0,0,0,Neutrals,0,,0,Wildlands,,,,,,
3618,433.89,903.69,-80.0355,-81.7679,10,162,Marine,10,0,0,0,0,0,0,0,Neutrals,0,,0,Wildlands,,,,,,
3619,443.0,909.8,-78.3041,-82.9293,10,199,Marine,10,0,0,0,0,0,0,0,Neutrals,0,,0,Wildlands,,,,,,
3620,452.08,915.92,-76.5784,-84.0925,10,238,Marine,10,0,0,0,0,0,0,0,Neutrals,0,,0,Wildlands,,,,,,
3621,469.89,903.13,-73.1934,-81.6615,23,188,Glacier,5000,0,1,4,0,0,0,0,Neutrals,0,,0,Wildlands,,,,,,
3622,480.6,906.2,-71.1579,-82.245,23,193,Glacier,5000,0,1,2,0,0,0,0,Neutrals,0,,0,Wildlands,,,,,,
3623,473.1,916.3,-72.5833,-84.1647,23,211,Glacier,5000,0,1,2,0,0,0,0,Neutrals,0,,0,Wildlands,,,,,,
3624,491.34,909.23,-69.1167,-82.8209,23,250,Glacier,5000,0,1,2,0,0,0,0,Neutrals,0,,0,Wildlands,,,,,,
3625,505.7,911.2,-66.3874,-83.1954,23,243,Glacier,5000,0,1,2,0,0,0,0,Neutrals,0,,0,Wildlands,,,,,,
3626,483.9,919.4,-70.5307,-84.754,23,202,Glacier,5000,0,1,0,0,0,0,0,Neutrals,0,,0,Wildlands,,,,,,
3627,519.97,913.19,-63.6753,-83.5736,22,270,Glacier,5000,0,1,2,0,0,0,0,Neutrals,0,,0,Wildlands,,,,,,
3628,530.41,904.16,-61.6911,-81.8572,23,203,Glacier,5000,0,1,2,0,0,0,0,Neutrals,0,,0,Wildlands,,,,,,
3629,542.8,906.0,-59.3363,-82.207,23,210,Glacier,5000,0,1,3,0,0,0,0,Neutrals,0,,0,Wildlands,,,,,,
3630,555.25,907.8,-56.97,-82.5491,23,133,Glacier,5000,0,1,1,0,0,0,0,Neutrals,0,,0,Wildlands,,,,,,
3631,566.7,913.8,-54.7939,-83.6895,23,137,Glacier,5000,0,1,0,0,0,0,0,Neutrals,0,,0,Wildlands,,,,,,
3632,562.42,904.57,-55.6073,-81.9352,23,88,Glacier,5000,0,1,2,0,0,0,0,Neutrals,0,,0,Wildlands,,,,,,
3633,570.3,912.2,-54.1096,-83.3854,23,103,Glacier,5000,0,1,2,0,0,0,0,Neutrals,0,,0,Wildlands,,,,,,
3634,585.36,911.57,-51.2474,-83.2657,23,193,Glacier,5000,0,1,2,0,0,0,0,Neutrals,0,,0,Wildlands,,,,,,
3635,595.5,906.8,-49.3202,-82.359,23,177,Glacier,5000,0,1,2,0,0,0,0,Neutrals,0,,0,Wildlands,,,,,,
3636,605.7,902.06,-47.3816,-81.4581,23,182,Glacier,5000,0,1,3,0,0,0,0,Neutrals,0,,0,Wildlands,,,,,,
3637,617.3,908.8,-45.1769,-82.7392,23,224,Glacier,5000,0,1,1,0,0,0,0,Neutrals,0,,0,Wildlands,,,,,,
3638,628.89,915.52,-42.9741,-84.0165,23,165,Glacier,5000,0,1,0,0,0,0,0,Neutrals,0,,0,Wildlands,,,,,,
3639,641.78,915.44,-40.5243,-84.0013,23,148,Glacier,5000,0,1,0,0,0,0,0,Neutrals,0,,0,Wildlands,,,,,,
3640,654.79,914.78,-38.0516,-83.8758,23,252,Glacier,5000,0,1,1,0,0,0,0,Neutrals,0,,0,Wildlands,,,,,,
3641,667.95,914.92,-35.5504,-83.9024,23,225,Glacier,5000,0,1,2,0,0,0,0,Neutrals,0,,0,Wildlands,,,,,,
3642,677.4,914.3,-33.7544,-83.7846,23,188,Glacier,5000,0,1,2,0,0,0,0,Neutrals,0,,0,Wildlands,,,,,,
3643,686.78,913.67,-31.9716,-83.6648,23,217,Glacier,5000,0,1,2,0,0,0,0,Neutrals,0,,0,Wildlands,,,,,,
3644,698.1,914.7,-29.8202,-83.8606,23,195,Glacier,5000,0,1,2,0,0,0,0,Neutrals,0,,0,Wildlands,,,,,,
3645,709.47,915.69,-27.6592,-84.0488,23,158,Glacier,5000,0,1,1,0,0,0,0,Neutrals,0,,0,Wildlands,,,,,,
3646,719.0,910.6,-25.848,-83.0813,23,175,Glacier,5000,0,1,2,0,0,0,0,Neutrals,0,,0,Wildlands,,,,,,
3647,728.54,905.46,-24.0348,-82.1043,23,232,Glacier,5000,0,1,3,0,0,0,0,Neutrals,0,,0,Wildlands,,,,,,
3648,745.68,907.34,-20.7772,-82.4617,23,312,Glacier,5000,0,1,3,0,0,0,0,Neutrals,0,,0,Wildlands,,,,,,
3649,759.56,915.68,-18.1392,-84.0469,23,268,Glacier,5000,0,1,1,0,0,0,0,Neutrals,0,,0,Wildlands,,,,,,
3650,770.3,912.8,-16.098,-83.4995,23,265,Glacier,5000,0,1,2,0,0,0,0,Neutrals,0,,0,Wildlands,,,,,,
3651,781.03,909.99,-14.0586,-82.9654,23,237,Glacier,5000,0,1,3,0,0,0,0,Neutrals,0,,0,Wildlands,,,,,,
3652,805.56,905.84,-9.3965,-82.1766,23,272,Glacier,5000,0,1,4,0,0,0,0,Neutrals,0,,0,Wildlands,,,,,,
3653,797.6,913.1,-10.9094,-83.5565,23,124,Glacier,5000,0,1,1,0,0,0,0,Neutrals,0,,0,Wildlands,,,,,,
3654,821.91,912.91,-6.289,-83.5204,23,312,Glacier,5000,0,1,2,0,0,0,0,Neutrals,0,,0,Wildlands,,,,,,
3655,832.07,916.37,-4.358,-84.178,23,160,Glacier,5000,0,1,1,0,0,0,0,Neutrals,0,,0,Wildlands,,,,,,
3656,845.0,912.0,-1.9006,-83.3474,23,244,Glacier,5000,0,1,2,0,0,0,0,Neutrals,0,,0,Wildlands,,,,,,
3657,857.98,907.62,0.5664,-82.5149,23,198,Glacier,5000,0,1,2,0,0,0,0,Neutrals,0,,0,Wildlands,,,,,,
3658,865.68,906.05,2.0298,-82.2165,23,183,Glacier,5000,0,1,1,0,0,0,0,Neutrals,0,,0,Wildlands,,,,,,
3659,876.5,904.2,4.0863,-81.8648,23,200,Glacier,5000,0,1,2,0,0,0,0,Neutrals,0,,0,Wildlands,,,,,,
3660,887.34,902.29,6.1465,-81.5018,23,188,Glacier,5000,0,1,2,0,0,0,0,Neutrals,0,,0,Wildlands,,,,,,
3661,897.4,906.9,8.0585,-82.378,23,227,Glacier,5000,0,1,2,0,0,0,0,Neutrals,0,,0,Wildlands,,,,,,
3662,907.36,911.45,9.9515,-83.2429,23,229,Glacier,5000,0,1,2,0,0,0,0,Neutrals,0,,0,Wildlands,,,,,,
3663,920.8,907.5,12.5058,-82.4921,23,212,Glacier,5000,0,1,2,0,0,0,0,Neutrals,0,,0,Wildlands,,,,,,
3664,934.23,903.56,15.0583,-81.7432,23,143,Glacier,5000,0,1,2,0,0,0,0,Neutrals,0,,0,Wildlands,,,,,,
3665,943.2,905.7,16.7632,-82.1499,23,185,Glacier,5000,0,1,2,0,0,0,0,Neutrals,0,,0,Wildlands,,,,,,
3666,952.15,907.81,18.4642,-82.551,23,156,Glacier,5000,0,1,2,0,0,0,0,Neutrals,0,,0,Wildlands,,,,,,
3667,958.16,913.76,19.6064,-83.6819,23,244,Glacier,5000,0,1,1,0,0,0,0,Neutrals,0,,0,Wildlands,,,,,,
3668,973.5,908.7,22.5219,-82.7202,23,278,Glacier,5000,0,1,2,0,0,0,0,Neutrals,0,,0,Wildlands,,,,,,
3669,988.83,903.67,25.4355,-81.7641,23,165,Glacier,5000,0,1,4,0,0,0,0,Neutrals,0,,0,Wildlands,,,,,,
3670,992.64,906.4,26.1596,-82.283,23,135,Glacier,5000,0,1,2,0,0,0,0,Neutrals,0,,0,Wildlands,,,,,,
3671,999.7,915.4,27.5015,-83.9937,23,171,Glacier,5000,0,1,2,0,0,0,0,Neutrals,0,,0,Wildlands,,,,,,
3672,1013.24,915.98,30.0749,-84.1039,10,108,Marine,10,0,0,0,0,0,0,0,Neutrals,0,,0,Wildlands,,,,,,
3673,1027.9,902.72,32.8611,-81.5835,23,125,Glacier,5000,0,1,4,0,0,0,0,Neutrals,0,,0,Wildlands,,,,,,
3674,1038.7,904.3,34.9137,-81.8838,23,205,Glacier,5000,0,1,2,0,0,0,0,Neutrals,0,,0,Wildlands,,,,,,
3675,1022.8,915.5,31.8918,-84.0127,23,217,Glacier,5000,0,1,2,0,0,0,0,Neutrals,0,,0,Wildlands,,,,,,
3676,1049.51,905.97,36.9683,-82.2013,23,296,Glacier,5000,0,1,3,0,0,0,0,Neutrals,0,,0,Wildlands,,,,,,
3677,1063.4,910.8,39.6082,-83.1193,23,318,Glacier,5000,0,1,1,0,0,0,0,Neutrals,0,,0,Wildlands,,,,,,
3678,1077.3,915.7,42.25,-84.0507,23,203,Glacier,5000,0,1,0,0,0,0,0,Neutrals,0,,0,Wildlands,,,,,,
3679,1081.96,905.54,43.1357,-82.1195,25,278,Glacier,5000,0,1,4,0,0,0,0,Neutrals,0,,0,Wildlands,,,,,,
3680,1098.5,906.8,46.2792,-82.359,25,367,Glacier,5000,0,1,2,0,0,0,0,Neutrals,0,,0,Wildlands,,,,,,
3681,1115.08,908.05,49.4304,-82.5966,23,269,Glacier,5000,0,1,3,0,0,0,0,Neutrals,0,,0,Wildlands,,,,,,
3682,1124.59,913.82,51.2379,-83.6933,23,175,Glacier,5000,0,1,2,0,0,0,0,Neutrals,0,,0,Wildlands,,,,,,
3683,1132.5,921.1,52.7412,-85.0771,23,149,Glacier,5000,0,1,2,0,0,0,0,Neutrals,0,,0,Wildlands,,,,,,
3684,1135.62,909.95,53.3342,-82.9578,10,155,Marine,10,0,0,0,0,0,0,0,Neutrals,0,,0,Wildlands,,,,,,
3685,1145.4,909.7,55.193,-82.9102,10,178,Marine,10,0,0,0,0,0,0,0,Neutrals,0,,0,Wildlands,,,,,,
3686,1155.13,909.53,57.0423,-82.8779,10,194,Marine,10,0,0,0,0,0,0,0,Neutrals,0,,0,Wildlands,,,,,,
3687,1165.9,912.0,59.0892,-83.3474,10,246,Marine,10,0,0,0,0,0,0,0,Neutrals,0,,0,Wildlands,,,,,,
3688,1176.73,914.52,61.1475,-83.8264,10,320,Marine,10,0,0,0,0,0,0,0,Neutrals,0,,0,Wildlands,,,,,,
3689,1192.24,916.28,64.0953,-84.1609,10,251,Marine,10,0,0,0,0,0,0,0,Neutrals,0,,0,Wildlands,,,,,,
3690,1205.7,914.2,66.6535,-83.7656,10,222,Marine,10,0,0,0,0,0,0,0,Neutrals,0,,0,Wildlands,,,,,,
3691,1219.17,912.17,69.2136,-83.3797,10,237,Marine,10,0,0,0,0,0,0,0,Neutrals,0,,0,Wildlands,,,,,,
3692,1234.86,908.74,72.1956,-82.7278,10,189,Marine,10,0,0,0,0,0,0,0,Neutrals,0,,0,Wildlands,,,,,,
3693,1256.44,914.05,76.2971,-83.7371,37,235,Glacier,5000,0,1,2,0,0,0,0,Neutrals,0,,0,Wildlands,,,,,,
3694,1241.8,916.6,73.5146,-84.2218,37,247,Glacier,5000,0,1,2,0,0,0,0,Neutrals,0,,0,Wildlands,,,,,,
3695,1269.86,911.29,78.8477,-83.2125,23,184,Glacier,5000,0,1,4,0,0,0,0,Neutrals,0,,0,Wildlands,,,,,,
3696,1279.41,914.62,80.6627,-83.8454,10,135,Marine,10,0,0,0,0,0,0,0,Neutrals,0,,0,Wildlands,,,,,,
3697,1307.64,907.45,86.0281,-82.4826,10,290,Marine,10,0,0,0,0,0,0,0,Neutrals,0,,0,Wildlands,,,,,,
3698,1314.1,916.2,87.2558,-84.1457,10,212,Marine,10,0,0,0,0,0,0,0,Neutrals,0,,0,Wildlands,,,,,,
3699,1330.21,912.39,90.3177,-83.4215,10,1487,Marine,10,0,0,0,0,0,0,0,Neutrals,0,,0,Wildlands,,,,,,
3700,385.15,928.42,-89.299,-86.4684,10,891,Marine,10,0,0,0,0,0,0,0,Neutrals,0,,0,Wildlands,,,,,,
3701,404.76,925.97,-85.5719,-86.0027,10,312,Marine,10,0,0,0,0,0,0,0,Neutrals,0,,0,Wildlands,,,,,,
3702,418.06,933.77,-83.0442,-87.4853,10,256,Marine,10,0,0,0,0,0,0,0,Neutrals,0,,0,Wildlands,,,,,,
3703,433.31,929.57,-80.1458,-86.687,23,222,Glacier,5000,0,1,3,0,0,0,0,Neutrals,0,,0,Wildlands,,,,,,
3704,443.2,931.6,-78.2661,-87.0729,23,144,Glacier,5000,0,1,2,0,0,0,0,Neutrals,0,,0,Wildlands,,,,,,
3705,453.12,933.7,-76.3807,-87.472,27,160,Glacier,5000,0,1,1,0,0,0,0,Neutrals,0,,0,Wildlands,,,,,,
3706,476.36,929.47,-71.9637,-86.668,24,255,Glacier,5000,0,1,0,0,0,0,0,Neutrals,0,,0,Wildlands,,,,,,
3707,502.29,930.52,-67.0355,-86.8676,34,310,Glacier,5000,0,1,0,0,0,0,0,Neutrals,0,,0,Wildlands,,,,,,
3708,511.18,921.35,-65.3459,-85.1246,23,235,Glacier,5000,0,1,0,0,0,0,0,Neutrals,0,,0,Wildlands,,,,,,
3709,533.0,934.68,-61.1988,-87.6583,81,407,Glacier,5000,0,1,0,0,0,0,0,Neutrals,0,,0,Wildlands,,,,,,
3710,549.62,919.71,-58.0401,-84.8129,34,314,Glacier,5000,0,1,0,0,0,0,0,Neutrals,0,,0,Wildlands,,,,,,
3711,562.74,933.25,-55.5465,-87.3865,54,317,Glacier,5000,0,1,0,0,0,0,0,Neutrals,0,,0,Wildlands,,,,,,
3712,578.14,919.83,-52.6196,-84.8357,44,305,Glacier,5000,0,1,0,0,0,0,0,Neutrals,0,,0,Wildlands,,,,,,
3713,603.5,924.6,-47.7997,-85.7423,62,401,Glacier,5000,0,1,0,0,0,0,0,Neutrals,0,,0,Wildlands,,,,,,
3714,618.56,922.47,-44.9374,-85.3375,63,259,Glacier,5000,0,1,0,0,0,0,0,Neutrals,0,,0,Wildlands,,,,,,
3715,638.6,921.7,-41.1287,-85.1911,29,207,Glacier,5000,0,1,0,0,0,0,0,Neutrals,0,,0,Wildlands,,,,,,
3716,658.55,929.95,-37.337,-86.7592,75,314,Glacier,5000,0,1,0,0,0,0,0,Neutrals,0,,0,Wildlands,,,,,,
3717,675.87,928.95,-34.0452,-86.5692,39,287,Glacier,5000,0,1,0,0,0,0,0,Neutrals,0,,0,Wildlands,,,,,,
3718,696.55,929.78,-30.1148,-86.7269,43,293,Glacier,5000,0,1,0,0,0,0,0,Neutrals,0,,0,Wildlands,,,,,,
3719,706.82,925.34,-28.1629,-85.883,39,194,Glacier,5000,0,1,0,0,0,0,0,Neutrals,0,,0,Wildlands,,,,,,
3720,727.12,922.81,-24.3047,-85.4021,43,305,Glacier,5000,0,1,0,0,0,0,0,Neutrals,0,,0,Wildlands,,,,,,
3721,746.0,928.22,-20.7164,-86.4304,87,355,Glacier,5000,0,1,0,0,0,0,0,Neutrals,0,,0,Wildlands,,,,,,
3722,766.82,934.29,-16.7594,-87.5842,47,286,Glacier,5000,0,1,0,0,0,0,0,Neutrals,0,,0,Wildlands,,,,,,
3723,789.59,920.3,-12.4317,-84.925,52,300,Glacier,5000,0,1,0,0,0,0,0,Neutrals,0,,0,Wildlands,,,,,,
3724,800.88,919.93,-10.286,-84.8547,38,221,Glacier,5000,0,1,0,0,0,0,0,Neutrals,0,,0,Wildlands,,,,,,
3725,811.21,934.35,-8.3227,-87.5956,62,250,Glacier,5000,0,1,0,0,0,0,0,Neutrals,0,,0,Wildlands,,,,,,
3726,831.87,924.62,-4.3961,-85.7461,59,250,Glacier,5000,0,1,0,0,0,0,0,Neutrals,0,,0,Wildlands,,,,,,
3727,853.07,926.09,-0.3668,-86.0256,62,319,Glacier,5000,0,1,0,0,0,0,0,Neutrals,0,,0,Wildlands,,,,,,
3728,872.0,929.01,3.231,-86.5806,69,351,Glacier,5000,0,1,0,0,0,0,0,Neutrals,0,,0,Wildlands,,,,,,
3729,887.18,922.88,6.1161,-85.4154,43,326,Glacier,5000,0,1,0,0,0,0,0,Neutrals,0,,0,Wildlands,,,,,,
3730,912.73,925.27,10.9721,-85.8697,44,340,Glacier,5000,0,1,0,0,0,0,0,Neutrals,0,,0,Wildlands,,,,,,
3731,928.37,922.01,13.9446,-85.2501,32,305,Glacier,5000,0,1,0,0,0,0,0,Neutrals,0,,0,Wildlands,,,,,,
3732,942.19,929.3,16.5712,-86.6357,58,306,Glacier,5000,0,1,0,0,0,0,0,Neutrals,0,,0,Wildlands,,,,,,
3733,967.41,930.29,21.3645,-86.8239,43,275,Glacier,5000,0,1,0,0,0,0,0,Neutrals,0,,0,Wildlands,,,,,,
3734,986.63,928.23,25.0174,-86.4323,53,285,Glacier,5000,0,1,0,0,0,0,0,Neutrals,0,,0,Wildlands,,,,,,
3735,1006.85,924.3,28.8604,-85.6853,75,203,Glacier,5000,0,1,1,0,0,0,0,Neutrals,0,,0,Wildlands,,,,,,
3736,1017.7,928.36,30.9225,-86.457,50,179,Glacier,5000,0,1,1,0,0,0,0,Neutrals,0,,0,Wildlands,,,,,,
3737,1029.72,933.86,33.207,-87.5024,49,302,Glacier,5000,0,1,0,0,0,0,0,Neutrals,0,,0,Wildlands,,,,,,
3738,1046.03,933.7,36.3069,-87.472,33,340,Glacier,5000,0,1,0,0,0,0,0,Neutrals,0,,0,Wildlands,,,,,,
3739,1072.78,921.69,41.3909,-85.1892,31,259,Glacier,5000,0,1,0,0,0,0,0,Neutrals,0,,0,Wildlands,,,,,,
3740,1081.91,934.75,43.1262,-87.6716,35,279,Glacier,5000,0,1,0,0,0,0,0,Neutrals,0,,0,Wildlands,,,,,,
3741,1105.82,927.32,47.6705,-86.2593,29,362,Glacier,5000,0,1,0,0,0,0,0,Neutrals,0,,0,Wildlands,,,,,,
3742,1121.25,930.91,50.6031,-86.9417,33,313,Glacier,5000,0,1,0,0,0,0,0,Neutrals,0,,0,Wildlands,,,,,,
3743,1140.37,928.47,54.237,-86.4779,46,210,Glacier,5000,0,1,1,0,0,0,0,Neutrals,0,,0,Wildlands,,,,,,
3744,1151.3,929.1,56.3143,-86.5977,46,193,Glacier,5000,0,1,2,0,0,0,0,Neutrals,0,,0,Wildlands,,,,,,
3745,1162.23,929.71,58.3917,-86.7136,90,196,Glacier,5000,0,1,3,0,0,0,0,Neutrals,0,,0,Wildlands,,,,,,
3746,1179.87,927.07,61.7443,-86.2118,100,248,Glacier,5000,0,1,2,0,0,0,0,Neutrals,0,,0,Wildlands,,,,,,
3747,1195.97,928.94,64.8042,-86.5673,44,141,Glacier,5000,0,1,2,0,0,0,0,Neutrals,0,,0,Wildlands,,,,,,
3748,1205.3,930.3,66.5775,-86.8258,44,131,Glacier,5000,0,1,1,0,0,0,0,Neutrals,0,,0,Wildlands,,,,,,
3749,1214.59,931.64,68.3431,-87.0805,96,225,Glacier,5000,0,1,2,0,0,0,0,Neutrals,0,,0,Wildlands,,,,,,
3750,1227.09,919.07,70.7189,-84.6912,53,218,Glacier,5000,0,1,2,0,0,0,0,Neutrals,0,,0,Wildlands,,,,,,
3751,1257.53,932.11,76.5042,-87.1698,49,203,Glacier,5000,0,1,0,0,0,0,0,Neutrals,0,,0,Wildlands,,,,,,
3752,1263.18,925.77,77.5781,-85.9647,29,169,Glacier,5000,0,1,0,0,0,0,0,Neutrals,0,,0,Wildlands,,,,,,
3753,1275.6,922.6,79.9386,-85.3622,29,223,Glacier,5000,0,1,1,0,0,0,0,Neutrals,0,,0,Wildlands,,,,,,
3754,1287.93,919.52,82.282,-84.7768,23,170,Glacier,5000,0,1,3,0,0,0,0,Neutrals,0,,0,Wildlands,,,,,,
3755,1294.4,926.2,83.5117,-86.0465,23,209,Glacier,5000,0,1,2,0,0,0,0,Neutrals,0,,0,Wildlands,,,,,,
3756,1300.79,932.87,84.7262,-87.3143,23,147,Glacier,5000,0,1,2,0,0,0,0,Neutrals,0,,0,Wildlands,,,,,,
3757,1312.9,939.5,87.0278,-88.5744,23,252,Glacier,5000,0,1,1,0,0,0,0,Neutrals,0,,0,Wildlands,,,,,,
3758,1320.59,924.93,88.4893,-85.8051,10,202,Marine,10,0,0,0,0,0,0,0,Neutrals,0,,0,Wildlands,,,,,,
3759,1332.7,925.2,90.7909,-85.8564,10,208,Marine,10,0,0,0,0,0,0,0,Neutrals,0,,0,Wildlands,,,,,,
3760,1344.84,925.52,93.0982,-85.9172,10,1719,Marine,10,0,0,0,0,0,0,0,Neutrals,0,,0,Wildlands,,,,,,
3761,1346.6,936.3,93.4327,-87.9662,10,259,Marine,10,0,0,0,0,0,0,0,Neutrals,0,,0,Wildlands,,,,,,
3762,394.28,939.6,-87.5637,-88.5935,10,423,Marine,10,0,0,0,0,0,0,0,Neutrals,0,,0,Wildlands,,,,,,
3763,406.49,947.0,-85.2431,-90.0,28,360,Glacier,5000,0,1,3,0,0,0,0,Neutrals,0,,0,Wildlands,,,,,,
3764,431.08,947.0,-80.5696,-90.0,27,364,Glacier,5000,0,1,1,0,0,0,0,Neutrals,0,,0,Wildlands,,,,,,
3765,445.07,940.43,-77.9107,-88.7512,22,275,Glacier,5000,0,1,0,0,0,0,0,Neutrals,0,,0,Wildlands,,,,,,
3766,461.71,937.73,-74.7481,-88.238,28,203,Glacier,5000,0,1,0,0,0,0,0,Neutrals,0,,0,Wildlands,,,,,,
3767,468.99,942.83,-73.3645,-89.2074,30,328,Glacier,5000,0,1,0,0,0,0,0,Neutrals,0,,0,Wildlands,,,,,,
3768,491.38,945.41,-69.1091,-89.6978,46,413,Glacier,5000,0,1,0,0,0,0,0,Neutrals,0,,0,Wildlands,,,,,,
3769,505.4,947.0,-66.4444,-90.0,93,391,Glacier,5000,0,1,0,0,0,0,0,Neutrals,0,,0,Wildlands,,,,,,
3770,536.37,945.24,-60.5583,-89.6655,100,365,Glacier,5000,0,1,0,0,0,0,0,Neutrals,0,,0,Wildlands,,,,,,
3771,548.66,943.05,-58.2225,-89.2492,72,331,Glacier,5000,0,1,0,0,0,0,0,Neutrals,0,,0,Wildlands,,,,,,
3772,571.83,947.0,-53.8189,-90.0,81,460,Glacier,5000,0,1,0,0,0,0,0,Neutrals,0,,0,Wildlands,,,,,,
3773,591.58,947.0,-50.0652,-90.0,83,458,Glacier,5000,0,1,0,0,0,0,0,Neutrals,0,,0,Wildlands,,,,,,
3774,610.13,947.0,-46.5396,-90.0,73,353,Glacier,5000,0,1,0,0,0,0,0,Neutrals,0,,0,Wildlands,,,,,,
3775,621.71,947.0,-44.3387,-90.0,70,305,Glacier,5000,0,1,0,0,0,0,0,Neutrals,0,,0,Wildlands,,,,,,
3776,631.8,937.97,-42.4211,-88.2836,85,391,Glacier,5000,0,1,0,0,0,0,0,Neutrals,0,,0,Wildlands,,,,,,
3777,656.39,947.0,-37.7475,-90.0,79,412,Glacier,5000,0,1,0,0,0,0,0,Neutrals,0,,0,Wildlands,,,,,,
3778,675.66,947.0,-34.0851,-90.0,57,369,Glacier,5000,0,1,0,0,0,0,0,Neutrals,0,,0,Wildlands,,,,,,
3779,688.15,947.0,-31.7113,-90.0,63,366,Glacier,5000,0,1,0,0,0,0,0,Neutrals,0,,0,Wildlands,,,,,,
3780,718.73,939.08,-25.8993,-88.4946,71,392,Glacier,5000,0,1,0,0,0,0,0,Neutrals,0,,0,Wildlands,,,,,,
3781,727.67,942.27,-24.2001,-89.101,79,300,Glacier,5000,0,1,0,0,0,0,0,Neutrals,0,,0,Wildlands,,,,,,
3782,745.75,947.0,-20.7639,-90.0,71,444,Glacier,5000,0,1,0,0,0,0,0,Neutrals,0,,0,Wildlands,,,,,,
3783,764.55,940.99,-17.1908,-88.8577,54,254,Glacier,5000,0,1,0,0,0,0,0,Neutrals,0,,0,Wildlands,,,,,,
3784,779.55,947.0,-14.3399,-90.0,51,432,Glacier,5000,0,1,0,0,0,0,0,Neutrals,0,,0,Wildlands,,,,,,
3785,797.64,947.0,-10.9018,-90.0,86,393,Glacier,5000,0,1,0,0,0,0,0,Neutrals,0,,0,Wildlands,,,,,,
3786,815.83,939.16,-7.4446,-88.5098,82,399,Glacier,5000,0,1,0,0,0,0,0,Neutrals,0,,0,Wildlands,,,,,,
3787,840.72,938.63,-2.714,-88.4091,62,408,Glacier,5000,0,1,0,0,0,0,0,Neutrals,0,,0,Wildlands,,,,,,
3788,858.61,947.0,0.6861,-90.0,67,469,Glacier,5000,0,1,0,0,0,0,0,Neutrals,0,,0,Wildlands,,,,,,
3789,878.53,947.0,4.4721,-90.0,77,366,Glacier,5000,0,1,0,0,0,0,0,Neutrals,0,,0,Wildlands,,,,,,
3790,889.99,938.25,6.6501,-88.3369,58,262,Glacier,5000,0,1,0,0,0,0,0,Neutrals,0,,0,Wildlands,,,,,,
3791,902.95,940.85,9.1133,-88.831,57,439,Glacier,5000,0,1,0,0,0,0,0,Neutrals,0,,0,Wildlands,,,,,,
3792,933.03,947.0,14.8303,-90.0,67,527,Glacier,5000,0,1,0,0,0,0,0,Neutrals,0,,0,Wildlands,,,,,,
3793,948.96,940.2,17.8579,-88.7075,58,208,Glacier,5000,0,1,0,0,0,0,0,Neutrals,0,,0,Wildlands,,,,,,
3794,956.66,941.28,19.3213,-88.9128,50,343,Glacier,5000,0,1,0,0,0,0,0,Neutrals,0,,0,Wildlands,,,,,,
3795,976.6,937.28,23.1111,-88.1525,77,295,Glacier,5000,0,1,0,0,0,0,0,Neutrals,0,,0,Wildlands,,,,,,
3796,991.24,941.03,25.8936,-88.8653,80,394,Glacier,5000,0,1,0,0,0,0,0,Neutrals,0,,0,Wildlands,,,,,,
3797,1013.27,943.86,30.0806,-89.4032,80,444,Glacier,5000,0,1,0,0,0,0,0,Neutrals,0,,0,Wildlands,,,,,,
3798,1042.0,939.53,35.5409,-88.5801,41,324,Glacier,5000,0,1,0,0,0,0,0,Neutrals,0,,0,Wildlands,,,,,,
3799,1058.48,944.93,38.6731,-89.6065,36,347,Glacier,5000,0,1,0,0,0,0,0,Neutrals,0,,0,Wildlands,,,,,,
3800,1073.3,947.0,41.4898,-90.0,32,355,Glacier,5000,0,1,0,0,0,0,0,Neutrals,0,,0,Wildlands,,,,,,
3801,1087.76,943.63,44.238,-89.3595,32,230,Glacier,5000,0,1,0,0,0,0,0,Neutrals,0,,0,Wildlands,,,,,,
3802,1101.25,942.99,46.8019,-89.2378,38,430,Glacier,5000,0,1,0,0,0,0,0,Neutrals,0,,0,Wildlands,,,,,,
3803,1132.06,947.0,52.6576,-90.0,37,400,Glacier,5000,0,1,0,0,0,0,0,Neutrals,0,,0,Wildlands,,,,,,
3804,1149.5,944.96,55.9722,-89.6122,63,375,Glacier,5000,0,1,0,0,0,0,0,Neutrals,0,,0,Wildlands,,,,,,
3805,1165.01,940.13,58.92,-88.6942,100,288,Glacier,5000,0,1,0,0,0,0,0,Neutrals,0,,0,Wildlands,,,,,,
3806,1183.75,945.85,62.4817,-89.7814,86,431,Glacier,5000,0,1,0,0,0,0,0,Neutrals,0,,0,Wildlands,,,,,,
3807,1196.96,937.13,64.9924,-88.124,100,193,Glacier,5000,0,1,0,0,0,0,0,Neutrals,0,,0,Wildlands,,,,,,
3808,1210.16,943.11,67.5012,-89.2606,100,393,Glacier,5000,0,1,0,0,0,0,0,Neutrals,0,,0,Wildlands,,,,,,
3809,1234.88,939.11,72.1994,-88.5003,61,383,Glacier,5000,0,1,0,0,0,0,0,Neutrals,0,,0,Wildlands,,,,,,
3810,1245.43,942.93,74.2045,-89.2264,35,310,Glacier,5000,0,1,0,0,0,0,0,Neutrals,0,,0,Wildlands,,,,,,
3811,1262.35,943.7,77.4203,-89.3728,27,415,Glacier,5000,0,1,0,0,0,0,0,Neutrals,0,,0,Wildlands,,,,,,
3812,1287.23,947.0,82.149,-90.0,23,467,Glacier,5000,0,1,0,0,0,0,0,Neutrals,0,,0,Wildlands,,,,,,
3813,1299.32,939.76,84.4468,-88.6239,23,209,Glacier,5000,0,1,0,0,0,0,0,Neutrals,0,,0,Wildlands,,,,,,
3814,1325.0,946.16,89.3275,-89.8403,23,440,Glacier,5000,0,1,4,0,0,0,0,Neutrals,0,,0,Wildlands,,,,,,
3815,1348.37,947.0,93.7692,-90.0,10,224,Marine,10,0,0,0,0,0,0,0,Neutrals,0,,0,Wildlands,,,,,,
3816,1357.6,947.0,95.5234,-90.0,10,1056,Marine,10,0,0,0,0,0,0,0,Neutrals,0,,0,Wildlands,,,,,,
