{
 "type": "FeatureCollection",
 "features": [
  {
   "type": "Feature",
   "properties": {
    "from_cell": 2452,
    "to_cell": 2453,
    "uses": 42,
    "share": 0.3088,
    "class": "trunk"
   },
   "geometry": {
    "type": "LineString",
    "coordinates": [
     [
      9.731,
      -16.2703
     ],
     [
      6.0439,
      -15.7571
     ]
    ]
   }
  },
  {
   "type": "Feature",
   "properties": {
    "from_cell": 2450,
    "to_cell": 2453,
    "uses": 42,
    "share": 0.3088,
    "class": "trunk"
   },
   "geometry": {
    "type": "LineString",
    "coordinates": [
     [
      3.4629,
      -13.6378
     ],
     [
      6.0439,
      -15.7571
     ]
    ]
   }
  },
  {
   "type": "Feature",
   "properties": {
    "from_cell": 2449,
    "to_cell": 2450,
    "uses": 42,
    "share": 0.3088,
    "class": "trunk"
   },
   "geometry": {
    "type": "LineString",
    "coordinates": [
     [
      -0.3991,
      -13.9191
     ],
     [
      3.4629,
      -13.6378
     ]
    ]
   }
  },
  {
   "type": "Feature",
   "properties": {
    "from_cell": 2361,
    "to_cell": 2449,
    "uses": 42,
    "share": 0.3088,
    "class": "trunk"
   },
   "geometry": {
    "type": "LineString",
    "coordinates": [
     [
      -4.6963,
      -11.9899
     ],
     [
      -0.3991,
      -13.9191
     ]
    ]
   }
  },
  {
   "type": "Feature",
   "properties": {
    "from_cell": 2360,
    "to_cell": 2361,
    "uses": 42,
    "share": 0.3088,
    "class": "trunk"
   },
   "geometry": {
    "type": "LineString",
    "coordinates": [
     [
      -7.3515,
      -9.9048
     ],
     [
      -4.6963,
      -11.9899
     ]
    ]
   }
  },
  {
   "type": "Feature",
   "properties": {
    "from_cell": 2270,
    "to_cell": 2360,
    "uses": 42,
    "share": 0.3088,
    "class": "trunk"
   },
   "geometry": {
    "type": "LineString",
    "coordinates": [
     [
      -11.8007,
      -6.6051
     ],
     [
      -7.3515,
      -9.9048
     ]
    ]
   }
  },
  {
   "type": "Feature",
   "properties": {
    "from_cell": 2171,
    "to_cell": 2270,
    "uses": 42,
    "share": 0.3088,
    "class": "trunk"
   },
   "geometry": {
    "type": "LineString",
    "coordinates": [
     [
      -13.9199,
      -5.5083
     ],
     [
      -11.8007,
      -6.6051
     ]
    ]
   }
  },
  {
   "type": "Feature",
   "properties": {
    "from_cell": 2170,
    "to_cell": 2171,
    "uses": 42,
    "share": 0.3088,
    "class": "trunk"
   },
   "geometry": {
    "type": "LineString",
    "coordinates": [
     [
      -17.1566,
      -5.573
     ],
     [
      -13.9199,
      -5.5083
     ]
    ]
   }
  },
  {
   "type": "Feature",
   "properties": {
    "from_cell": 2169,
    "to_cell": 2170,
    "uses": 42,
    "share": 0.3088,
    "class": "trunk"
   },
   "geometry": {
    "type": "LineString",
    "coordinates": [
     [
      -19.3917,
      -3.7654
     ],
     [
      -17.1566,
      -5.573
     ]
    ]
   }
  },
  {
   "type": "Feature",
   "properties": {
    "from_cell": 2070,
    "to_cell": 2169,
    "uses": 42,
    "share": 0.3088,
    "class": "trunk"
   },
   "geometry": {
    "type": "LineString",
    "coordinates": [
     [
      -24.107,
      -1.5757
     ],
     [
      -19.3917,
      -3.7654
     ]
    ]
   }
  },
  {
   "type": "Feature",
   "properties": {
    "from_cell": 2069,
    "to_cell": 2070,
    "uses": 42,
    "share": 0.3088,
    "class": "trunk"
   },
   "geometry": {
    "type": "LineString",
    "coordinates": [
     [
      -26.3972,
      -1.8095
     ],
     [
      -24.107,
      -1.5757
     ]
    ]
   }
  },
  {
   "type": "Feature",
   "properties": {
    "from_cell": 1974,
    "to_cell": 2069,
    "uses": 42,
    "share": 0.3088,
    "class": "trunk"
   },
   "geometry": {
    "type": "LineString",
    "coordinates": [
     [
      -29.6681,
      0.4562
     ],
     [
      -26.3972,
      -1.8095
     ]
    ]
   }
  },
  {
   "type": "Feature",
   "properties": {
    "from_cell": 1974,
    "to_cell": 1975,
    "uses": 42,
    "share": 0.3088,
    "class": "trunk"
   },
   "geometry": {
    "type": "LineString",
    "coordinates": [
     [
      -29.6681,
      0.4562
     ],
     [
      -31.3596,
      1.6536
     ]
    ]
   }
  },
  {
   "type": "Feature",
   "properties": {
    "from_cell": 2452,
    "to_cell": 2538,
    "uses": 35,
    "share": 0.2574,
    "class": "trunk"
   },
   "geometry": {
    "type": "LineString",
    "coordinates": [
     [
      9.731,
      -16.2703
     ],
     [
      15.1496,
      -16.8729
     ]
    ]
   }
  },
  {
   "type": "Feature",
   "properties": {
    "from_cell": 1971,
    "to_cell": 1972,
    "uses": 33,
    "share": 0.2426,
    "class": "trunk"
   },
   "geometry": {
    "type": "LineString",
    "coordinates": [
     [
      -34.4956,
      2.8967
     ],
     [
      -32.1199,
      2.8891
     ]
    ]
   }
  },
  {
   "type": "Feature",
   "properties": {
    "from_cell": 1968,
    "to_cell": 1971,
    "uses": 33,
    "share": 0.2426,
    "class": "trunk"
   },
   "geometry": {
    "type": "LineString",
    "coordinates": [
     [
      -36.3487,
      2.9576
     ],
     [
      -34.4956,
      2.8967
     ]
    ]
   }
  },
  {
   "type": "Feature",
   "properties": {
    "from_cell": 1972,
    "to_cell": 1975,
    "uses": 31,
    "share": 0.2279,
    "class": "trunk"
   },
   "geometry": {
    "type": "LineString",
    "coordinates": [
     [
      -32.1199,
      2.8891
     ],
     [
      -31.3596,
      1.6536
     ]
    ]
   }
  },
  {
   "type": "Feature",
   "properties": {
    "from_cell": 2285,
    "to_cell": 2286,
    "uses": 30,
    "share": 0.2206,
    "class": "trunk"
   },
   "geometry": {
    "type": "LineString",
    "coordinates": [
     [
      38.9677,
      -8.808
     ],
     [
      40.7846,
      -8.4089
     ]
    ]
   }
  },
  {
   "type": "Feature",
   "properties": {
    "from_cell": 2284,
    "to_cell": 2285,
    "uses": 30,
    "share": 0.2206,
    "class": "trunk"
   },
   "geometry": {
    "type": "LineString",
    "coordinates": [
     [
      37.0424,
      -8.4963
     ],
     [
      38.9677,
      -8.808
     ]
    ]
   }
  },
  {
   "type": "Feature",
   "properties": {
    "from_cell": 2284,
    "to_cell": 2372,
    "uses": 30,
    "share": 0.2206,
    "class": "trunk"
   },
   "geometry": {
    "type": "LineString",
    "coordinates": [
     [
      37.0424,
      -8.4963
     ],
     [
      35.4098,
      -10.6898
     ]
    ]
   }
  },
  {
   "type": "Feature",
   "properties": {
    "from_cell": 2371,
    "to_cell": 2372,
    "uses": 30,
    "share": 0.2206,
    "class": "trunk"
   },
   "geometry": {
    "type": "LineString",
    "coordinates": [
     [
      31.2665,
      -12.4099
     ],
     [
      35.4098,
      -10.6898
     ]
    ]
   }
  },
  {
   "type": "Feature",
   "properties": {
    "from_cell": 2371,
    "to_cell": 2459,
    "uses": 30,
    "share": 0.2206,
    "class": "trunk"
   },
   "geometry": {
    "type": "LineString",
    "coordinates": [
     [
      31.2665,
      -12.4099
     ],
     [
      26.9389,
      -15.2116
     ]
    ]
   }
  },
  {
   "type": "Feature",
   "properties": {
    "from_cell": 2459,
    "to_cell": 2541,
    "uses": 30,
    "share": 0.2206,
    "class": "trunk"
   },
   "geometry": {
    "type": "LineString",
    "coordinates": [
     [
      26.9389,
      -15.2116
     ],
     [
      24.3674,
      -16.5897
     ]
    ]
   }
  },
  {
   "type": "Feature",
   "properties": {
    "from_cell": 2540,
    "to_cell": 2541,
    "uses": 30,
    "share": 0.2206,
    "class": "trunk"
   },
   "geometry": {
    "type": "LineString",
    "coordinates": [
     [
      19.0515,
      -16.6144
     ],
     [
      24.3674,
      -16.5897
     ]
    ]
   }
  },
  {
   "type": "Feature",
   "properties": {
    "from_cell": 2538,
    "to_cell": 2540,
    "uses": 30,
    "share": 0.2206,
    "class": "trunk"
   },
   "geometry": {
    "type": "LineString",
    "coordinates": [
     [
      15.1496,
      -16.8729
     ],
     [
      19.0515,
      -16.6144
     ]
    ]
   }
  },
  {
   "type": "Feature",
   "properties": {
    "from_cell": 1966,
    "to_cell": 1968,
    "uses": 29,
    "share": 0.2132,
    "class": "trunk"
   },
   "geometry": {
    "type": "LineString",
    "coordinates": [
     [
      -38.1447,
      3.1742
     ],
     [
      -36.3487,
      2.9576
     ]
    ]
   }
  },
  {
   "type": "Feature",
   "properties": {
    "from_cell": 1965,
    "to_cell": 1966,
    "uses": 29,
    "share": 0.2132,
    "class": "trunk"
   },
   "geometry": {
    "type": "LineString",
    "coordinates": [
     [
      -39.9541,
      3.3814
     ],
     [
      -38.1447,
      3.1742
     ]
    ]
   }
  },
  {
   "type": "Feature",
   "properties": {
    "from_cell": 1875,
    "to_cell": 1965,
    "uses": 29,
    "share": 0.2132,
    "class": "trunk"
   },
   "geometry": {
    "type": "LineString",
    "coordinates": [
     [
      -42.2519,
      5.6471
     ],
     [
      -39.9541,
      3.3814
     ]
    ]
   }
  },
  {
   "type": "Feature",
   "properties": {
    "from_cell": 1906,
    "to_cell": 2001,
    "uses": 28,
    "share": 0.2059,
    "class": "trunk"
   },
   "geometry": {
    "type": "LineString",
    "coordinates": [
     [
      61.9039,
      5.7668
     ],
     [
      58.3365,
      3.6722
     ]
    ]
   }
  },
  {
   "type": "Feature",
   "properties": {
    "from_cell": 2000,
    "to_cell": 2001,
    "uses": 28,
    "share": 0.2059,
    "class": "trunk"
   },
   "geometry": {
    "type": "LineString",
    "coordinates": [
     [
      55.0523,
      1.5453
     ],
     [
      58.3365,
      3.6722
     ]
    ]
   }
  },
  {
   "type": "Feature",
   "properties": {
    "from_cell": 2000,
    "to_cell": 2094,
    "uses": 28,
    "share": 0.2059,
    "class": "trunk"
   },
   "geometry": {
    "type": "LineString",
    "coordinates": [
     [
      55.0523,
      1.5453
     ],
     [
      52.498,
      -0.8952
     ]
    ]
   }
  },
  {
   "type": "Feature",
   "properties": {
    "from_cell": 1499,
    "to_cell": 1594,
    "uses": 28,
    "share": 0.2059,
    "class": "trunk"
   },
   "geometry": {
    "type": "LineString",
    "coordinates": [
     [
      -57.4053,
      18.6767
     ],
     [
      -56.7039,
      17.177
     ]
    ]
   }
  },
  {
   "type": "Feature",
   "properties": {
    "from_cell": 1498,
    "to_cell": 1499,
    "uses": 28,
    "share": 0.2059,
    "class": "trunk"
   },
   "geometry": {
    "type": "LineString",
    "coordinates": [
     [
      -60.2485,
      19.4636
     ],
     [
      -57.4053,
      18.6767
     ]
    ]
   }
  },
  {
   "type": "Feature",
   "properties": {
    "from_cell": 1403,
    "to_cell": 1498,
    "uses": 28,
    "share": 0.2059,
    "class": "trunk"
   },
   "geometry": {
    "type": "LineString",
    "coordinates": [
     [
      -62.1111,
      22.3527
     ],
     [
      -60.2485,
      19.4636
     ]
    ]
   }
  },
  {
   "type": "Feature",
   "properties": {
    "from_cell": 1785,
    "to_cell": 1875,
    "uses": 27,
    "share": 0.1985,
    "class": "trunk"
   },
   "geometry": {
    "type": "LineString",
    "coordinates": [
     [
      -42.0599,
      7.4129
     ],
     [
      -42.2519,
      5.6471
     ]
    ]
   }
  },
  {
   "type": "Feature",
   "properties": {
    "from_cell": 1783,
    "to_cell": 1785,
    "uses": 27,
    "share": 0.1985,
    "class": "trunk"
   },
   "geometry": {
    "type": "LineString",
    "coordinates": [
     [
      -43.8636,
      9.6824
     ],
     [
      -42.0599,
      7.4129
     ]
    ]
   }
  },
  {
   "type": "Feature",
   "properties": {
    "from_cell": 1595,
    "to_cell": 1596,
    "uses": 27,
    "share": 0.1985,
    "class": "trunk"
   },
   "geometry": {
    "type": "LineString",
    "coordinates": [
     [
      -54.906,
      17.8841
     ],
     [
      -52.7241,
      15.6849
     ]
    ]
   }
  },
  {
   "type": "Feature",
   "properties": {
    "from_cell": 1594,
    "to_cell": 1595,
    "uses": 27,
    "share": 0.1985,
    "class": "trunk"
   },
   "geometry": {
    "type": "LineString",
    "coordinates": [
     [
      -56.7039,
      17.177
     ],
     [
      -54.906,
      17.8841
     ]
    ]
   }
  },
  {
   "type": "Feature",
   "properties": {
    "from_cell": 2093,
    "to_cell": 2094,
    "uses": 24,
    "share": 0.1765,
    "class": "trunk"
   },
   "geometry": {
    "type": "LineString",
    "coordinates": [
     [
      49.0617,
      -1.8665
     ],
     [
      52.498,
      -0.8952
     ]
    ]
   }
  },
  {
   "type": "Feature",
   "properties": {
    "from_cell": 2093,
    "to_cell": 2190,
    "uses": 24,
    "share": 0.1765,
    "class": "trunk"
   },
   "geometry": {
    "type": "LineString",
    "coordinates": [
     [
      49.0617,
      -1.8665
     ],
     [
      45.0534,
      -5.476
     ]
    ]
   }
  },
  {
   "type": "Feature",
   "properties": {
    "from_cell": 2189,
    "to_cell": 2190,
    "uses": 24,
    "share": 0.1765,
    "class": "trunk"
   },
   "geometry": {
    "type": "LineString",
    "coordinates": [
     [
      41.6798,
      -6.5195
     ],
     [
      45.0534,
      -5.476
     ]
    ]
   }
  },
  {
   "type": "Feature",
   "properties": {
    "from_cell": 2189,
    "to_cell": 2286,
    "uses": 24,
    "share": 0.1765,
    "class": "trunk"
   },
   "geometry": {
    "type": "LineString",
    "coordinates": [
     [
      41.6798,
      -6.5195
     ],
     [
      40.7846,
      -8.4089
     ]
    ]
   }
  },
  {
   "type": "Feature",
   "properties": {
    "from_cell": 1596,
    "to_cell": 1689,
    "uses": 22,
    "share": 0.1618,
    "class": "trunk"
   },
   "geometry": {
    "type": "LineString",
    "coordinates": [
     [
      -52.7241,
      15.6849
     ],
     [
      -52.1787,
      13.8127
     ]
    ]
   }
  },
  {
   "type": "Feature",
   "properties": {
    "from_cell": 1689,
    "to_cell": 1782,
    "uses": 22,
    "share": 0.1618,
    "class": "trunk"
   },
   "geometry": {
    "type": "LineString",
    "coordinates": [
     [
      -52.1787,
      13.8127
     ],
     [
      -49.3829,
      10.7734
     ]
    ]
   }
  },
  {
   "type": "Feature",
   "properties": {
    "from_cell": 1782,
    "to_cell": 1783,
    "uses": 22,
    "share": 0.1618,
    "class": "trunk"
   },
   "geometry": {
    "type": "LineString",
    "coordinates": [
     [
      -49.3829,
      10.7734
     ],
     [
      -43.8636,
      9.6824
     ]
    ]
   }
  },
  {
   "type": "Feature",
   "properties": {
    "from_cell": 1637,
    "to_cell": 1638,
    "uses": 18,
    "share": 0.1324,
    "class": "road"
   },
   "geometry": {
    "type": "LineString",
    "coordinates": [
     [
      72.5852,
      15.5385
     ],
     [
      70.0175,
      14.5026
     ]
    ]
   }
  },
  {
   "type": "Feature",
   "properties": {
    "from_cell": 1316,
    "to_cell": 1401,
    "uses": 18,
    "share": 0.1324,
    "class": "road"
   },
   "geometry": {
    "type": "LineString",
    "coordinates": [
     [
      -66.3152,
      25.7892
     ],
     [
      -65.038,
      24.1774
     ]
    ]
   }
  },
  {
   "type": "Feature",
   "properties": {
    "from_cell": 1315,
    "to_cell": 1316,
    "uses": 18,
    "share": 0.1324,
    "class": "road"
   },
   "geometry": {
    "type": "LineString",
    "coordinates": [
     [
      -67.4727,
      27.8211
     ],
     [
      -66.3152,
      25.7892
     ]
    ]
   }
  },
  {
   "type": "Feature",
   "properties": {
    "from_cell": 1401,
    "to_cell": 1403,
    "uses": 17,
    "share": 0.125,
    "class": "road"
   },
   "geometry": {
    "type": "LineString",
    "coordinates": [
     [
      -65.038,
      24.1774
     ],
     [
      -62.1111,
      22.3527
     ]
    ]
   }
  },
  {
   "type": "Feature",
   "properties": {
    "from_cell": 1906,
    "to_cell": 1907,
    "uses": 16,
    "share": 0.1176,
    "class": "road"
   },
   "geometry": {
    "type": "LineString",
    "coordinates": [
     [
      61.9039,
      5.7668
     ],
     [
      65.6481,
      7.5117
     ]
    ]
   }
  },
  {
   "type": "Feature",
   "properties": {
    "from_cell": 1975,
    "to_cell": 2065,
    "uses": 15,
    "share": 0.1103,
    "class": "road"
   },
   "geometry": {
    "type": "LineString",
    "coordinates": [
     [
      -31.3596,
      1.6536
     ],
     [
      -32.9827,
      0.4353
     ]
    ]
   }
  },
  {
   "type": "Feature",
   "properties": {
    "from_cell": 2064,
    "to_cell": 2065,
    "uses": 15,
    "share": 0.1103,
    "class": "road"
   },
   "geometry": {
    "type": "LineString",
    "coordinates": [
     [
      -35.5409,
      -0.5512
     ],
     [
      -32.9827,
      0.4353
     ]
    ]
   }
  },
  {
   "type": "Feature",
   "properties": {
    "from_cell": 2062,
    "to_cell": 2064,
    "uses": 15,
    "share": 0.1103,
    "class": "road"
   },
   "geometry": {
    "type": "LineString",
    "coordinates": [
     [
      -38.0991,
      -1.5244
     ],
     [
      -35.5409,
      -0.5512
     ]
    ]
   }
  },
  {
   "type": "Feature",
   "properties": {
    "from_cell": 1638,
    "to_cell": 1729,
    "uses": 14,
    "share": 0.1029,
    "class": "road"
   },
   "geometry": {
    "type": "LineString",
    "coordinates": [
     [
      70.0175,
      14.5026
     ],
     [
      67.4575,
      13.4819
     ]
    ]
   }
  },
  {
   "type": "Feature",
   "properties": {
    "from_cell": 1728,
    "to_cell": 1729,
    "uses": 14,
    "share": 0.1029,
    "class": "road"
   },
   "geometry": {
    "type": "LineString",
    "coordinates": [
     [
      65.9047,
      12.1115
     ],
     [
      67.4575,
      13.4819
     ]
    ]
   }
  },
  {
   "type": "Feature",
   "properties": {
    "from_cell": 1728,
    "to_cell": 1818,
    "uses": 14,
    "share": 0.1029,
    "class": "road"
   },
   "geometry": {
    "type": "LineString",
    "coordinates": [
     [
      65.9047,
      12.1115
     ],
     [
      62.6414,
      9.555
     ]
    ]
   }
  },
  {
   "type": "Feature",
   "properties": {
    "from_cell": 1818,
    "to_cell": 1906,
    "uses": 14,
    "share": 0.1029,
    "class": "road"
   },
   "geometry": {
    "type": "LineString",
    "coordinates": [
     [
      62.6414,
      9.555
     ],
     [
      61.9039,
      5.7668
     ]
    ]
   }
  },
  {
   "type": "Feature",
   "properties": {
    "from_cell": 3036,
    "to_cell": 3115,
    "uses": 13,
    "share": 0.0956,
    "class": "road"
   },
   "geometry": {
    "type": "LineString",
    "coordinates": [
     [
      -37.7532,
      -40.7423
     ],
     [
      -35.6721,
      -44.1428
     ]
    ]
   }
  },
  {
   "type": "Feature",
   "properties": {
    "from_cell": 315,
    "to_cell": 368,
    "uses": 13,
    "share": 0.0956,
    "class": "road"
   },
   "geometry": {
    "type": "LineString",
    "coordinates": [
     [
      -68.0865,
      63.8648
     ],
     [
      -68.3754,
      61.5801
     ]
    ]
   }
  },
  {
   "type": "Feature",
   "properties": {
    "from_cell": 815,
    "to_cell": 817,
    "uses": 13,
    "share": 0.0956,
    "class": "road"
   },
   "geometry": {
    "type": "LineString",
    "coordinates": [
     [
      -88.2651,
      43.4072
     ],
     [
      -86.374,
      43.1677
     ]
    ]
   }
  },
  {
   "type": "Feature",
   "properties": {
    "from_cell": 813,
    "to_cell": 815,
    "uses": 13,
    "share": 0.0956,
    "class": "road"
   },
   "geometry": {
    "type": "LineString",
    "coordinates": [
     [
      -90.8289,
      42.9757
     ],
     [
      -88.2651,
      43.4072
     ]
    ]
   }
  },
  {
   "type": "Feature",
   "properties": {
    "from_cell": 720,
    "to_cell": 813,
    "uses": 13,
    "share": 0.0956,
    "class": "road"
   },
   "geometry": {
    "type": "LineString",
    "coordinates": [
     [
      -93.0716,
      45.3897
     ],
     [
      -90.8289,
      42.9757
     ]
    ]
   }
  },
  {
   "type": "Feature",
   "properties": {
    "from_cell": 718,
    "to_cell": 720,
    "uses": 13,
    "share": 0.0956,
    "class": "road"
   },
   "geometry": {
    "type": "LineString",
    "coordinates": [
     [
      -94.8772,
      45.5987
     ],
     [
      -93.0716,
      45.3897
     ]
    ]
   }
  },
  {
   "type": "Feature",
   "properties": {
    "from_cell": 715,
    "to_cell": 718,
    "uses": 13,
    "share": 0.0956,
    "class": "road"
   },
   "geometry": {
    "type": "LineString",
    "coordinates": [
     [
      -96.3654,
      48.6703
     ],
     [
      -94.8772,
      45.5987
     ]
    ]
   }
  },
  {
   "type": "Feature",
   "properties": {
    "from_cell": 2842,
    "to_cell": 2904,
    "uses": 12,
    "share": 0.0882,
    "class": "road"
   },
   "geometry": {
    "type": "LineString",
    "coordinates": [
     [
      -40.452,
      -32.9208
     ],
     [
      -38.6218,
      -35.6427
     ]
    ]
   }
  },
  {
   "type": "Feature",
   "properties": {
    "from_cell": 2904,
    "to_cell": 3036,
    "uses": 12,
    "share": 0.0882,
    "class": "road"
   },
   "geometry": {
    "type": "LineString",
    "coordinates": [
     [
      -38.6218,
      -35.6427
     ],
     [
      -37.7532,
      -40.7423
     ]
    ]
   }
  },
  {
   "type": "Feature",
   "properties": {
    "from_cell": 2044,
    "to_cell": 2045,
    "uses": 12,
    "share": 0.0882,
    "class": "road"
   },
   "geometry": {
    "type": "LineString",
    "coordinates": [
     [
      -96.4395,
      -0.4524
     ],
     [
      -97.7281,
      -1.7867
     ]
    ]
   }
  },
  {
   "type": "Feature",
   "properties": {
    "from_cell": 2045,
    "to_cell": 2140,
    "uses": 12,
    "share": 0.0882,
    "class": "road"
   },
   "geometry": {
    "type": "LineString",
    "coordinates": [
     [
      -97.7281,
      -1.7867
     ],
     [
      -99.0186,
      -3.121
     ]
    ]
   }
  },
  {
   "type": "Feature",
   "properties": {
    "from_cell": 2140,
    "to_cell": 2141,
    "uses": 12,
    "share": 0.0882,
    "class": "road"
   },
   "geometry": {
    "type": "LineString",
    "coordinates": [
     [
      -99.0186,
      -3.121
     ],
     [
      -99.8567,
      -5.3221
     ]
    ]
   }
  },
  {
   "type": "Feature",
   "properties": {
    "from_cell": 241,
    "to_cell": 242,
    "uses": 12,
    "share": 0.0882,
    "class": "road"
   },
   "geometry": {
    "type": "LineString",
    "coordinates": [
     [
      112.2656,
      70.9603
     ],
     [
      116.1219,
      71.0914
     ]
    ]
   }
  },
  {
   "type": "Feature",
   "properties": {
    "from_cell": 239,
    "to_cell": 241,
    "uses": 12,
    "share": 0.0882,
    "class": "road"
   },
   "geometry": {
    "type": "LineString",
    "coordinates": [
     [
      108.3637,
      71.5039
     ],
     [
      112.2656,
      70.9603
     ]
    ]
   }
  },
  {
   "type": "Feature",
   "properties": {
    "from_cell": 238,
    "to_cell": 239,
    "uses": 12,
    "share": 0.0882,
    "class": "road"
   },
   "geometry": {
    "type": "LineString",
    "coordinates": [
     [
      105.3019,
      71.675
     ],
     [
      108.3637,
      71.5039
     ]
    ]
   }
  },
  {
   "type": "Feature",
   "properties": {
    "from_cell": 236,
    "to_cell": 238,
    "uses": 12,
    "share": 0.0882,
    "class": "road"
   },
   "geometry": {
    "type": "LineString",
    "coordinates": [
     [
      102.586,
      72.6862
     ],
     [
      105.3019,
      71.675
     ]
    ]
   }
  },
  {
   "type": "Feature",
   "properties": {
    "from_cell": 235,
    "to_cell": 236,
    "uses": 12,
    "share": 0.0882,
    "class": "road"
   },
   "geometry": {
    "type": "LineString",
    "coordinates": [
     [
      100.769,
      71.4488
     ],
     [
      102.586,
      72.6862
     ]
    ]
   }
  },
  {
   "type": "Feature",
   "properties": {
    "from_cell": 233,
    "to_cell": 235,
    "uses": 12,
    "share": 0.0882,
    "class": "road"
   },
   "geometry": {
    "type": "LineString",
    "coordinates": [
     [
      98.933,
      70.2
     ],
     [
      100.769,
      71.4488
     ]
    ]
   }
  },
  {
   "type": "Feature",
   "properties": {
    "from_cell": 345,
    "to_cell": 418,
    "uses": 12,
    "share": 0.0882,
    "class": "road"
   },
   "geometry": {
    "type": "LineString",
    "coordinates": [
     [
      86.0167,
      63.8496
     ],
     [
      85.6042,
      62.3652
     ]
    ]
   }
  },
  {
   "type": "Feature",
   "properties": {
    "from_cell": 418,
    "to_cell": 507,
    "uses": 12,
    "share": 0.0882,
    "class": "road"
   },
   "geometry": {
    "type": "LineString",
    "coordinates": [
     [
      85.6042,
      62.3652
     ],
     [
      84.6501,
      56.4748
     ]
    ]
   }
  },
  {
   "type": "Feature",
   "properties": {
    "from_cell": 507,
    "to_cell": 600,
    "uses": 12,
    "share": 0.0882,
    "class": "road"
   },
   "geometry": {
    "type": "LineString",
    "coordinates": [
     [
      84.6501,
      56.4748
     ],
     [
      84.251,
      53.7586
     ]
    ]
   }
  },
  {
   "type": "Feature",
   "properties": {
    "from_cell": 600,
    "to_cell": 689,
    "uses": 12,
    "share": 0.0882,
    "class": "road"
   },
   "geometry": {
    "type": "LineString",
    "coordinates": [
     [
      84.251,
      53.7586
     ],
     [
      82.4037,
      50.879
     ]
    ]
   }
  },
  {
   "type": "Feature",
   "properties": {
    "from_cell": 689,
    "to_cell": 779,
    "uses": 12,
    "share": 0.0882,
    "class": "road"
   },
   "geometry": {
    "type": "LineString",
    "coordinates": [
     [
      82.4037,
      50.879
     ],
     [
      80.9763,
      48.2465
     ]
    ]
   }
  },
  {
   "type": "Feature",
   "properties": {
    "from_cell": 779,
    "to_cell": 868,
    "uses": 12,
    "share": 0.0882,
    "class": "road"
   },
   "geometry": {
    "type": "LineString",
    "coordinates": [
     [
      80.9763,
      48.2465
     ],
     [
      82.4854,
      42.4207
     ]
    ]
   }
  },
  {
   "type": "Feature",
   "properties": {
    "from_cell": 868,
    "to_cell": 968,
    "uses": 12,
    "share": 0.0882,
    "class": "road"
   },
   "geometry": {
    "type": "LineString",
    "coordinates": [
     [
      82.4854,
      42.4207
     ],
     [
      81.1493,
      41.1852
     ]
    ]
   }
  },
  {
   "type": "Feature",
   "properties": {
    "from_cell": 968,
    "to_cell": 1061,
    "uses": 12,
    "share": 0.0882,
    "class": "road"
   },
   "geometry": {
    "type": "LineString",
    "coordinates": [
     [
      81.1493,
      41.1852
     ],
     [
      79.3589,
      36.7147
     ]
    ]
   }
  },
  {
   "type": "Feature",
   "properties": {
    "from_cell": 1061,
    "to_cell": 1169,
    "uses": 12,
    "share": 0.0882,
    "class": "road"
   },
   "geometry": {
    "type": "LineString",
    "coordinates": [
     [
      79.3589,
      36.7147
     ],
     [
      79.4711,
      34.9736
     ]
    ]
   }
  },
  {
   "type": "Feature",
   "properties": {
    "from_cell": 1169,
    "to_cell": 1268,
    "uses": 12,
    "share": 0.0882,
    "class": "road"
   },
   "geometry": {
    "type": "LineString",
    "coordinates": [
     [
      79.4711,
      34.9736
     ],
     [
      79.5604,
      30.0032
     ]
    ]
   }
  },
  {
   "type": "Feature",
   "properties": {
    "from_cell": 1268,
    "to_cell": 1362,
    "uses": 12,
    "share": 0.0882,
    "class": "road"
   },
   "geometry": {
    "type": "LineString",
    "coordinates": [
     [
      79.5604,
      30.0032
     ],
     [
      78.9731,
      26.8727
     ]
    ]
   }
  },
  {
   "type": "Feature",
   "properties": {
    "from_cell": 1362,
    "to_cell": 1461,
    "uses": 12,
    "share": 0.0882,
    "class": "road"
   },
   "geometry": {
    "type": "LineString",
    "coordinates": [
     [
      78.9731,
      26.8727
     ],
     [
      78.7336,
      22.0258
     ]
    ]
   }
  },
  {
   "type": "Feature",
   "properties": {
    "from_cell": 817,
    "to_cell": 918,
    "uses": 12,
    "share": 0.0882,
    "class": "road"
   },
   "geometry": {
    "type": "LineString",
    "coordinates": [
     [
      -86.374,
      43.1677
     ],
     [
      -83.4604,
      41.8904
     ]
    ]
   }
  },
  {
   "type": "Feature",
   "properties": {
    "from_cell": 2254,
    "to_cell": 2431,
    "uses": 11,
    "share": 0.0809,
    "class": "road"
   },
   "geometry": {
    "type": "LineString",
    "coordinates": [
     [
      -45.2909,
      -9.6177
     ],
     [
      -45.3499,
      -14.0883
     ]
    ]
   }
  },
  {
   "type": "Feature",
   "properties": {
    "from_cell": 2431,
    "to_cell": 2432,
    "uses": 11,
    "share": 0.0809,
    "class": "road"
   },
   "geometry": {
    "type": "LineString",
    "coordinates": [
     [
      -45.3499,
      -14.0883
     ],
     [
      -45.2339,
      -16.0993
     ]
    ]
   }
  },
  {
   "type": "Feature",
   "properties": {
    "from_cell": 2432,
    "to_cell": 2511,
    "uses": 11,
    "share": 0.0809,
    "class": "road"
   },
   "geometry": {
    "type": "LineString",
    "coordinates": [
     [
      -45.2339,
      -16.0993
     ],
     [
      -45.1256,
      -18.1045
     ]
    ]
   }
  },
  {
   "type": "Feature",
   "properties": {
    "from_cell": 2511,
    "to_cell": 2593,
    "uses": 11,
    "share": 0.0809,
    "class": "road"
   },
   "geometry": {
    "type": "LineString",
    "coordinates": [
     [
      -45.1256,
      -18.1045
     ],
     [
      -44.0308,
      -20.9595
     ]
    ]
   }
  },
  {
   "type": "Feature",
   "properties": {
    "from_cell": 2593,
    "to_cell": 2675,
    "uses": 11,
    "share": 0.0809,
    "class": "road"
   },
   "geometry": {
    "type": "LineString",
    "coordinates": [
     [
      -44.0308,
      -20.9595
     ],
     [
      -42.5484,
      -24.588
     ]
    ]
   }
  },
  {
   "type": "Feature",
   "properties": {
    "from_cell": 2675,
    "to_cell": 2762,
    "uses": 11,
    "share": 0.0809,
    "class": "road"
   },
   "geometry": {
    "type": "LineString",
    "coordinates": [
     [
      -42.5484,
      -24.588
     ],
     [
      -42.3507,
      -27.2965
     ]
    ]
   }
  },
  {
   "type": "Feature",
   "properties": {
    "from_cell": 2762,
    "to_cell": 2843,
    "uses": 11,
    "share": 0.0809,
    "class": "road"
   },
   "geometry": {
    "type": "LineString",
    "coordinates": [
     [
      -42.3507,
      -27.2965
     ],
     [
      -39.0513,
      -30.6
     ]
    ]
   }
  },
  {
   "type": "Feature",
   "properties": {
    "from_cell": 2842,
    "to_cell": 2843,
    "uses": 11,
    "share": 0.0809,
    "class": "road"
   },
   "geometry": {
    "type": "LineString",
    "coordinates": [
     [
      -40.452,
      -32.9208
     ],
     [
      -39.0513,
      -30.6
     ]
    ]
   }
  },
  {
   "type": "Feature",
   "properties": {
    "from_cell": 343,
    "to_cell": 344,
    "uses": 11,
    "share": 0.0809,
    "class": "road"
   },
   "geometry": {
    "type": "LineString",
    "coordinates": [
     [
      77.3918,
      65.8245
     ],
     [
      80.9991,
      65.566
     ]
    ]
   }
  },
  {
   "type": "Feature",
   "properties": {
    "from_cell": 342,
    "to_cell": 343,
    "uses": 11,
    "share": 0.0809,
    "class": "road"
   },
   "geometry": {
    "type": "LineString",
    "coordinates": [
     [
      74.8184,
      63.785
     ],
     [
      77.3918,
      65.8245
     ]
    ]
   }
  },
  {
   "type": "Feature",
   "properties": {
    "from_cell": 342,
    "to_cell": 411,
    "uses": 11,
    "share": 0.0809,
    "class": "road"
   },
   "geometry": {
    "type": "LineString",
    "coordinates": [
     [
      74.8184,
      63.785
     ],
     [
      71.9694,
      59.6015
     ]
    ]
   }
  },
  {
   "type": "Feature",
   "properties": {
    "from_cell": 411,
    "to_cell": 503,
    "uses": 11,
    "share": 0.0809,
    "class": "road"
   },
   "geometry": {
    "type": "LineString",
    "coordinates": [
     [
      71.9694,
      59.6015
     ],
     [
      71.7433,
      56.1725
     ]
    ]
   }
  },
  {
   "type": "Feature",
   "properties": {
    "from_cell": 1461,
    "to_cell": 1558,
    "uses": 11,
    "share": 0.0809,
    "class": "road"
   },
   "geometry": {
    "type": "LineString",
    "coordinates": [
     [
      78.7336,
      22.0258
     ],
     [
      77.8365,
      19.3438
     ]
    ]
   }
  },
  {
   "type": "Feature",
   "properties": {
    "from_cell": 1402,
    "to_cell": 1403,
    "uses": 11,
    "share": 0.0809,
    "class": "road"
   },
   "geometry": {
    "type": "LineString",
    "coordinates": [
     [
      -61.1152,
      24.4549
     ],
     [
      -62.1111,
      22.3527
     ]
    ]
   }
  },
  {
   "type": "Feature",
   "properties": {
    "from_cell": 734,
    "to_cell": 824,
    "uses": 11,
    "share": 0.0809,
    "class": "road"
   },
   "geometry": {
    "type": "LineString",
    "coordinates": [
     [
      -62.8219,
      46.3704
     ],
     [
      -65.439,
      42.3903
     ]
    ]
   }
  },
  {
   "type": "Feature",
   "properties": {
    "from_cell": 543,
    "to_cell": 641,
    "uses": 11,
    "share": 0.0809,
    "class": "road"
   },
   "geometry": {
    "type": "LineString",
    "coordinates": [
     [
      -64.6009,
      53.7149
     ],
     [
      -63.0044,
      50.6927
     ]
    ]
   }
  },
  {
   "type": "Feature",
   "properties": {
    "from_cell": 448,
    "to_cell": 543,
    "uses": 11,
    "share": 0.0809,
    "class": "road"
   },
   "geometry": {
    "type": "LineString",
    "coordinates": [
     [
      -64.4868,
      57.2313
     ],
     [
      -64.6009,
      53.7149
     ]
    ]
   }
  },
  {
   "type": "Feature",
   "properties": {
    "from_cell": 447,
    "to_cell": 448,
    "uses": 11,
    "share": 0.0809,
    "class": "road"
   },
   "geometry": {
    "type": "LineString",
    "coordinates": [
     [
      -65.0456,
      59.0275
     ],
     [
      -64.4868,
      57.2313
     ]
    ]
   }
  },
  {
   "type": "Feature",
   "properties": {
    "from_cell": 369,
    "to_cell": 447,
    "uses": 11,
    "share": 0.0809,
    "class": "road"
   },
   "geometry": {
    "type": "LineString",
    "coordinates": [
     [
      -66.7105,
      60.3105
     ],
     [
      -65.0456,
      59.0275
     ]
    ]
   }
  },
  {
   "type": "Feature",
   "properties": {
    "from_cell": 368,
    "to_cell": 369,
    "uses": 11,
    "share": 0.0809,
    "class": "road"
   },
   "geometry": {
    "type": "LineString",
    "coordinates": [
     [
      -68.3754,
      61.5801
     ],
     [
      -66.7105,
      60.3105
     ]
    ]
   }
  },
  {
   "type": "Feature",
   "properties": {
    "from_cell": 828,
    "to_cell": 829,
    "uses": 11,
    "share": 0.0809,
    "class": "road"
   },
   "geometry": {
    "type": "LineString",
    "coordinates": [
     [
      -50.5175,
      43.7569
     ],
     [
      -47.583,
      44.3671
     ]
    ]
   }
  },
  {
   "type": "Feature",
   "properties": {
    "from_cell": 739,
    "to_cell": 829,
    "uses": 11,
    "share": 0.0809,
    "class": "road"
   },
   "geometry": {
    "type": "LineString",
    "coordinates": [
     [
      -45.8117,
      46.9483
     ],
     [
      -47.583,
      44.3671
     ]
    ]
   }
  },
  {
   "type": "Feature",
   "properties": {
    "from_cell": 739,
    "to_cell": 740,
    "uses": 11,
    "share": 0.0809,
    "class": "road"
   },
   "geometry": {
    "type": "LineString",
    "coordinates": [
     [
      -45.8117,
      46.9483
     ],
     [
      -41.1591,
      48.5164
     ]
    ]
   }
  },
  {
   "type": "Feature",
   "properties": {
    "from_cell": 650,
    "to_cell": 740,
    "uses": 11,
    "share": 0.0809,
    "class": "road"
   },
   "geometry": {
    "type": "LineString",
    "coordinates": [
     [
      -39.1197,
      49.5371
     ],
     [
      -41.1591,
      48.5164
     ]
    ]
   }
  },
  {
   "type": "Feature",
   "properties": {
    "from_cell": 553,
    "to_cell": 650,
    "uses": 11,
    "share": 0.0809,
    "class": "road"
   },
   "geometry": {
    "type": "LineString",
    "coordinates": [
     [
      -37.8406,
      50.5216
     ],
     [
      -39.1197,
      49.5371
     ]
    ]
   }
  },
  {
   "type": "Feature",
   "properties": {
    "from_cell": 552,
    "to_cell": 553,
    "uses": 11,
    "share": 0.0809,
    "class": "road"
   },
   "geometry": {
    "type": "LineString",
    "coordinates": [
     [
      -37.3712,
      52.9128
     ],
     [
      -37.8406,
      50.5216
     ]
    ]
   }
  },
  {
   "type": "Feature",
   "properties": {
    "from_cell": 461,
    "to_cell": 552,
    "uses": 11,
    "share": 0.0809,
    "class": "road"
   },
   "geometry": {
    "type": "LineString",
    "coordinates": [
     [
      -38.924,
      55.6156
     ],
     [
      -37.3712,
      52.9128
     ]
    ]
   }
  },
  {
   "type": "Feature",
   "properties": {
    "from_cell": 918,
    "to_cell": 919,
    "uses": 11,
    "share": 0.0809,
    "class": "road"
   },
   "geometry": {
    "type": "LineString",
    "coordinates": [
     [
      -83.4604,
      41.8904
     ],
     [
      -78.9807,
      41.0864
     ]
    ]
   }
  },
  {
   "type": "Feature",
   "properties": {
    "from_cell": 233,
    "to_cell": 234,
    "uses": 10,
    "share": 0.0735,
    "class": "road"
   },
   "geometry": {
    "type": "LineString",
    "coordinates": [
     [
      98.933,
      70.2
     ],
     [
      97.614,
      69.0348
     ]
    ]
   }
  },
  {
   "type": "Feature",
   "properties": {
    "from_cell": 234,
    "to_cell": 295,
    "uses": 10,
    "share": 0.0735,
    "class": "road"
   },
   "geometry": {
    "type": "LineString",
    "coordinates": [
     [
      97.614,
      69.0348
     ],
     [
      96.2798,
      67.864
     ]
    ]
   }
  },
  {
   "type": "Feature",
   "properties": {
    "from_cell": 295,
    "to_cell": 347,
    "uses": 10,
    "share": 0.0735,
    "class": "road"
   },
   "geometry": {
    "type": "LineString",
    "coordinates": [
     [
      96.2798,
      67.864
     ],
     [
      93.1629,
      65.0395
     ]
    ]
   }
  },
  {
   "type": "Feature",
   "properties": {
    "from_cell": 346,
    "to_cell": 347,
    "uses": 10,
    "share": 0.0735,
    "class": "road"
   },
   "geometry": {
    "type": "LineString",
    "coordinates": [
     [
      89.852,
      63.3288
     ],
     [
      93.1629,
      65.0395
     ]
    ]
   }
  },
  {
   "type": "Feature",
   "properties": {
    "from_cell": 345,
    "to_cell": 346,
    "uses": 10,
    "share": 0.0735,
    "class": "road"
   },
   "geometry": {
    "type": "LineString",
    "coordinates": [
     [
      86.0167,
      63.8496
     ],
     [
      89.852,
      63.3288
     ]
    ]
   }
  },
  {
   "type": "Feature",
   "properties": {
    "from_cell": 1022,
    "to_cell": 1128,
    "uses": 10,
    "share": 0.0735,
    "class": "road"
   },
   "geometry": {
    "type": "LineString",
    "coordinates": [
     [
      -66.3817,
      37.5206
     ],
     [
      -65.7621,
      32.7973
     ]
    ]
   }
  },
  {
   "type": "Feature",
   "properties": {
    "from_cell": 1021,
    "to_cell": 1022,
    "uses": 10,
    "share": 0.0735,
    "class": "road"
   },
   "geometry": {
    "type": "LineString",
    "coordinates": [
     [
      -67.142,
      38.0889
     ],
     [
      -66.3817,
      37.5206
     ]
    ]
   }
  },
  {
   "type": "Feature",
   "properties": {
    "from_cell": 824,
    "to_cell": 1021,
    "uses": 10,
    "share": 0.0735,
    "class": "road"
   },
   "geometry": {
    "type": "LineString",
    "coordinates": [
     [
      -65.439,
      42.3903
     ],
     [
      -67.142,
      38.0889
     ]
    ]
   }
  },
  {
   "type": "Feature",
   "properties": {
    "from_cell": 641,
    "to_cell": 734,
    "uses": 10,
    "share": 0.0735,
    "class": "road"
   },
   "geometry": {
    "type": "LineString",
    "coordinates": [
     [
      -63.0044,
      50.6927
     ],
     [
      -62.8219,
      46.3704
     ]
    ]
   }
  },
  {
   "type": "Feature",
   "properties": {
    "from_cell": 1319,
    "to_cell": 1402,
    "uses": 10,
    "share": 0.0735,
    "class": "road"
   },
   "geometry": {
    "type": "LineString",
    "coordinates": [
     [
      -59.1272,
      25.9451
     ],
     [
      -61.1152,
      24.4549
     ]
    ]
   }
  },
  {
   "type": "Feature",
   "properties": {
    "from_cell": 1230,
    "to_cell": 1319,
    "uses": 10,
    "share": 0.0735,
    "class": "road"
   },
   "geometry": {
    "type": "LineString",
    "coordinates": [
     [
      -57.2057,
      30.1514
     ],
     [
      -59.1272,
      25.9451
     ]
    ]
   }
  },
  {
   "type": "Feature",
   "properties": {
    "from_cell": 1230,
    "to_cell": 1231,
    "uses": 10,
    "share": 0.0735,
    "class": "road"
   },
   "geometry": {
    "type": "LineString",
    "coordinates": [
     [
      -57.2057,
      30.1514
     ],
     [
      -56.2706,
      31.6017
     ]
    ]
   }
  },
  {
   "type": "Feature",
   "properties": {
    "from_cell": 1131,
    "to_cell": 1231,
    "uses": 10,
    "share": 0.0735,
    "class": "road"
   },
   "geometry": {
    "type": "LineString",
    "coordinates": [
     [
      -54.9326,
      34.4034
     ],
     [
      -56.2706,
      31.6017
     ]
    ]
   }
  },
  {
   "type": "Feature",
   "properties": {
    "from_cell": 1025,
    "to_cell": 1131,
    "uses": 10,
    "share": 0.0735,
    "class": "road"
   },
   "geometry": {
    "type": "LineString",
    "coordinates": [
     [
      -53.4844,
      38.0091
     ],
     [
      -54.9326,
      34.4034
     ]
    ]
   }
  },
  {
   "type": "Feature",
   "properties": {
    "from_cell": 927,
    "to_cell": 1025,
    "uses": 10,
    "share": 0.0735,
    "class": "road"
   },
   "geometry": {
    "type": "LineString",
    "coordinates": [
     [
      -52.2376,
      40.2634
     ],
     [
      -53.4844,
      38.0091
     ]
    ]
   }
  },
  {
   "type": "Feature",
   "properties": {
    "from_cell": 828,
    "to_cell": 927,
    "uses": 10,
    "share": 0.0735,
    "class": "road"
   },
   "geometry": {
    "type": "LineString",
    "coordinates": [
     [
      -50.5175,
      43.7569
     ],
     [
      -52.2376,
      40.2634
     ]
    ]
   }
  },
  {
   "type": "Feature",
   "properties": {
    "from_cell": 919,
    "to_cell": 1019,
    "uses": 10,
    "share": 0.0735,
    "class": "road"
   },
   "geometry": {
    "type": "LineString",
    "coordinates": [
     [
      -78.9807,
      41.0864
     ],
     [
      -76.3864,
      37.8703
     ]
    ]
   }
  },
  {
   "type": "Feature",
   "properties": {
    "from_cell": 2287,
    "to_cell": 2288,
    "uses": 10,
    "share": 0.0735,
    "class": "road"
   },
   "geometry": {
    "type": "LineString",
    "coordinates": [
     [
      44.4566,
      -8.3614
     ],
     [
      47.1459,
      -7.6486
     ]
    ]
   }
  },
  {
   "type": "Feature",
   "properties": {
    "from_cell": 2062,
    "to_cell": 2063,
    "uses": 9,
    "share": 0.0662,
    "class": "road"
   },
   "geometry": {
    "type": "LineString",
    "coordinates": [
     [
      -38.0991,
      -1.5244
     ],
     [
      -39.8363,
      -3.4593
     ]
    ]
   }
  },
  {
   "type": "Feature",
   "properties": {
    "from_cell": 2063,
    "to_cell": 2161,
    "uses": 9,
    "share": 0.0662,
    "class": "road"
   },
   "geometry": {
    "type": "LineString",
    "coordinates": [
     [
      -39.8363,
      -3.4593
     ],
     [
      -41.5658,
      -5.4076
     ]
    ]
   }
  },
  {
   "type": "Feature",
   "properties": {
    "from_cell": 2161,
    "to_cell": 2256,
    "uses": 9,
    "share": 0.0662,
    "class": "road"
   },
   "geometry": {
    "type": "LineString",
    "coordinates": [
     [
      -41.5658,
      -5.4076
     ],
     [
      -44.124,
      -6.109
     ]
    ]
   }
  },
  {
   "type": "Feature",
   "properties": {
    "from_cell": 2254,
    "to_cell": 2256,
    "uses": 9,
    "share": 0.0662,
    "class": "road"
   },
   "geometry": {
    "type": "LineString",
    "coordinates": [
     [
      -45.2909,
      -9.6177
     ],
     [
      -44.124,
      -6.109
     ]
    ]
   }
  },
  {
   "type": "Feature",
   "properties": {
    "from_cell": 2049,
    "to_cell": 2050,
    "uses": 9,
    "share": 0.0662,
    "class": "road"
   },
   "geometry": {
    "type": "LineString",
    "coordinates": [
     [
      -81.6453,
      -1.3191
     ],
     [
      -77.981,
      -0.6501
     ]
    ]
   }
  },
  {
   "type": "Feature",
   "properties": {
    "from_cell": 2048,
    "to_cell": 2049,
    "uses": 9,
    "share": 0.0662,
    "class": "road"
   },
   "geometry": {
    "type": "LineString",
    "coordinates": [
     [
      -86.3436,
      -0.5208
     ],
     [
      -81.6453,
      -1.3191
     ]
    ]
   }
  },
  {
   "type": "Feature",
   "properties": {
    "from_cell": 2047,
    "to_cell": 2048,
    "uses": 9,
    "share": 0.0662,
    "class": "road"
   },
   "geometry": {
    "type": "LineString",
    "coordinates": [
     [
      -88.3259,
      0.6482
     ],
     [
      -86.3436,
      -0.5208
     ]
    ]
   }
  },
  {
   "type": "Feature",
   "properties": {
    "from_cell": 1949,
    "to_cell": 2044,
    "uses": 9,
    "share": 0.0662,
    "class": "road"
   },
   "geometry": {
    "type": "LineString",
    "coordinates": [
     [
      -92.9386,
      0.3041
     ],
     [
      -96.4395,
      -0.4524
     ]
    ]
   }
  },
  {
   "type": "Feature",
   "properties": {
    "from_cell": 1909,
    "to_cell": 1910,
    "uses": 9,
    "share": 0.0662,
    "class": "road"
   },
   "geometry": {
    "type": "LineString",
    "coordinates": [
     [
      71.5304,
      7.0993
     ],
     [
      74.8393,
      6.7077
     ]
    ]
   }
  },
  {
   "type": "Feature",
   "properties": {
    "from_cell": 1824,
    "to_cell": 1910,
    "uses": 9,
    "share": 0.0662,
    "class": "road"
   },
   "geometry": {
    "type": "LineString",
    "coordinates": [
     [
      77.8346,
      8.2625
     ],
     [
      74.8393,
      6.7077
     ]
    ]
   }
  },
  {
   "type": "Feature",
   "properties": {
    "from_cell": 1824,
    "to_cell": 1825,
    "uses": 9,
    "share": 0.0662,
    "class": "road"
   },
   "geometry": {
    "type": "LineString",
    "coordinates": [
     [
      77.8346,
      8.2625
     ],
     [
      81.8981,
      10.1747
     ]
    ]
   }
  },
  {
   "type": "Feature",
   "properties": {
    "from_cell": 1735,
    "to_cell": 1825,
    "uses": 9,
    "share": 0.0662,
    "class": "road"
   },
   "geometry": {
    "type": "LineString",
    "coordinates": [
     [
      86.5545,
      12.8851
     ],
     [
      81.8981,
      10.1747
     ]
    ]
   }
  },
  {
   "type": "Feature",
   "properties": {
    "from_cell": 1558,
    "to_cell": 1639,
    "uses": 9,
    "share": 0.0662,
    "class": "road"
   },
   "geometry": {
    "type": "LineString",
    "coordinates": [
     [
      77.8365,
      19.3438
     ],
     [
      75.573,
      16.0213
     ]
    ]
   }
  },
  {
   "type": "Feature",
   "properties": {
    "from_cell": 1637,
    "to_cell": 1639,
    "uses": 9,
    "share": 0.0662,
    "class": "road"
   },
   "geometry": {
    "type": "LineString",
    "coordinates": [
     [
      72.5852,
      15.5385
     ],
     [
      75.573,
      16.0213
     ]
    ]
   }
  },
  {
   "type": "Feature",
   "properties": {
    "from_cell": 1227,
    "to_cell": 1315,
    "uses": 9,
    "share": 0.0662,
    "class": "road"
   },
   "geometry": {
    "type": "LineString",
    "coordinates": [
     [
      -69.244,
      30.9497
     ],
     [
      -67.4727,
      27.8211
     ]
    ]
   }
  },
  {
   "type": "Feature",
   "properties": {
    "from_cell": 1226,
    "to_cell": 1227,
    "uses": 9,
    "share": 0.0662,
    "class": "road"
   },
   "geometry": {
    "type": "LineString",
    "coordinates": [
     [
      -70.3102,
      31.2729
     ],
     [
      -69.244,
      30.9497
     ]
    ]
   }
  },
  {
   "type": "Feature",
   "properties": {
    "from_cell": 1126,
    "to_cell": 1226,
    "uses": 9,
    "share": 0.0662,
    "class": "road"
   },
   "geometry": {
    "type": "LineString",
    "coordinates": [
     [
      -73.3797,
      34.2228
     ],
     [
      -70.3102,
      31.2729
     ]
    ]
   }
  },
  {
   "type": "Feature",
   "properties": {
    "from_cell": 1019,
    "to_cell": 1126,
    "uses": 9,
    "share": 0.0662,
    "class": "road"
   },
   "geometry": {
    "type": "LineString",
    "coordinates": [
     [
      -76.3864,
      37.8703
     ],
     [
      -73.3797,
      34.2228
     ]
    ]
   }
  },
  {
   "type": "Feature",
   "properties": {
    "from_cell": 1128,
    "to_cell": 1315,
    "uses": 9,
    "share": 0.0662,
    "class": "road"
   },
   "geometry": {
    "type": "LineString",
    "coordinates": [
     [
      -65.7621,
      32.7973
     ],
     [
      -67.4727,
      27.8211
     ]
    ]
   }
  },
  {
   "type": "Feature",
   "properties": {
    "from_cell": 1556,
    "to_cell": 1637,
    "uses": 9,
    "share": 0.0662,
    "class": "road"
   },
   "geometry": {
    "type": "LineString",
    "coordinates": [
     [
      73.1668,
      19.838
     ],
     [
      72.5852,
      15.5385
     ]
    ]
   }
  },
  {
   "type": "Feature",
   "properties": {
    "from_cell": 1459,
    "to_cell": 1556,
    "uses": 9,
    "share": 0.0662,
    "class": "road"
   },
   "geometry": {
    "type": "LineString",
    "coordinates": [
     [
      72.0569,
      23.1168
     ],
     [
      73.1668,
      19.838
     ]
    ]
   }
  },
  {
   "type": "Feature",
   "properties": {
    "from_cell": 1360,
    "to_cell": 1459,
    "uses": 9,
    "share": 0.0662,
    "class": "road"
   },
   "geometry": {
    "type": "LineString",
    "coordinates": [
     [
      71.5893,
      28.129
     ],
     [
      72.0569,
      23.1168
     ]
    ]
   }
  },
  {
   "type": "Feature",
   "properties": {
    "from_cell": 1266,
    "to_cell": 1360,
    "uses": 9,
    "share": 0.0662,
    "class": "road"
   },
   "geometry": {
    "type": "LineString",
    "coordinates": [
     [
      71.7566,
      30.1096
     ],
     [
      71.5893,
      28.129
     ]
    ]
   }
  },
  {
   "type": "Feature",
   "properties": {
    "from_cell": 1167,
    "to_cell": 1266,
    "uses": 9,
    "share": 0.0662,
    "class": "road"
   },
   "geometry": {
    "type": "LineString",
    "coordinates": [
     [
      71.5551,
      34.4034
     ],
     [
      71.7566,
      30.1096
     ]
    ]
   }
  },
  {
   "type": "Feature",
   "properties": {
    "from_cell": 1059,
    "to_cell": 1167,
    "uses": 9,
    "share": 0.0662,
    "class": "road"
   },
   "geometry": {
    "type": "LineString",
    "coordinates": [
     [
      71.998,
      37.7183
     ],
     [
      71.5551,
      34.4034
     ]
    ]
   }
  },
  {
   "type": "Feature",
   "properties": {
    "from_cell": 965,
    "to_cell": 1059,
    "uses": 9,
    "share": 0.0662,
    "class": "road"
   },
   "geometry": {
    "type": "LineString",
    "coordinates": [
     [
      72.1709,
      39.218
     ],
     [
      71.998,
      37.7183
     ]
    ]
   }
  },
  {
   "type": "Feature",
   "properties": {
    "from_cell": 865,
    "to_cell": 965,
    "uses": 9,
    "share": 0.0662,
    "class": "road"
   },
   "geometry": {
    "type": "LineString",
    "coordinates": [
     [
      72.9939,
      43.9774
     ],
     [
      72.1709,
      39.218
     ]
    ]
   }
  },
  {
   "type": "Feature",
   "properties": {
    "from_cell": 775,
    "to_cell": 865,
    "uses": 9,
    "share": 0.0662,
    "class": "road"
   },
   "geometry": {
    "type": "LineString",
    "coordinates": [
     [
      71.9067,
      46.6289
     ],
     [
      72.9939,
      43.9774
     ]
    ]
   }
  },
  {
   "type": "Feature",
   "properties": {
    "from_cell": 686,
    "to_cell": 775,
    "uses": 9,
    "share": 0.0662,
    "class": "road"
   },
   "geometry": {
    "type": "LineString",
    "coordinates": [
     [
      72.4313,
      49.4952
     ],
     [
      71.9067,
      46.6289
     ]
    ]
   }
  },
  {
   "type": "Feature",
   "properties": {
    "from_cell": 593,
    "to_cell": 686,
    "uses": 9,
    "share": 0.0662,
    "class": "road"
   },
   "geometry": {
    "type": "LineString",
    "coordinates": [
     [
      70.7588,
      52.1373
     ],
     [
      72.4313,
      49.4952
     ]
    ]
   }
  },
  {
   "type": "Feature",
   "properties": {
    "from_cell": 592,
    "to_cell": 593,
    "uses": 9,
    "share": 0.0662,
    "class": "road"
   },
   "geometry": {
    "type": "LineString",
    "coordinates": [
     [
      71.0857,
      53.8251
     ],
     [
      70.7588,
      52.1373
     ]
    ]
   }
  },
  {
   "type": "Feature",
   "properties": {
    "from_cell": 503,
    "to_cell": 592,
    "uses": 9,
    "share": 0.0662,
    "class": "road"
   },
   "geometry": {
    "type": "LineString",
    "coordinates": [
     [
      71.7433,
      56.1725
     ],
     [
      71.0857,
      53.8251
     ]
    ]
   }
  },
  {
   "type": "Feature",
   "properties": {
    "from_cell": 1819,
    "to_cell": 1907,
    "uses": 8,
    "share": 0.0588,
    "class": "road"
   },
   "geometry": {
    "type": "LineString",
    "coordinates": [
     [
      66.2867,
      8.7681
     ],
     [
      65.6481,
      7.5117
     ]
    ]
   }
  },
  {
   "type": "Feature",
   "properties": {
    "from_cell": 1819,
    "to_cell": 1820,
    "uses": 8,
    "share": 0.0588,
    "class": "road"
   },
   "geometry": {
    "type": "LineString",
    "coordinates": [
     [
      66.2867,
      8.7681
     ],
     [
      69.7686,
      11.0547
     ]
    ]
   }
  },
  {
   "type": "Feature",
   "properties": {
    "from_cell": 2199,
    "to_cell": 2299,
    "uses": 8,
    "share": 0.0588,
    "class": "road"
   },
   "geometry": {
    "type": "LineString",
    "coordinates": [
     [
      73.4766,
      -4.7518
     ],
     [
      75.6585,
      -6.0976
     ]
    ]
   }
  },
  {
   "type": "Feature",
   "properties": {
    "from_cell": 1907,
    "to_cell": 1908,
    "uses": 8,
    "share": 0.0588,
    "class": "road"
   },
   "geometry": {
    "type": "LineString",
    "coordinates": [
     [
      65.6481,
      7.5117
     ],
     [
      69.1395,
      7.2931
     ]
    ]
   }
  },
  {
   "type": "Feature",
   "properties": {
    "from_cell": 1908,
    "to_cell": 1909,
    "uses": 8,
    "share": 0.0588,
    "class": "road"
   },
   "geometry": {
    "type": "LineString",
    "coordinates": [
     [
      69.1395,
      7.2931
     ],
     [
      71.5304,
      7.0993
     ]
    ]
   }
  },
  {
   "type": "Feature",
   "properties": {
    "from_cell": 2199,
    "to_cell": 2297,
    "uses": 8,
    "share": 0.0588,
    "class": "road"
   },
   "geometry": {
    "type": "LineString",
    "coordinates": [
     [
      73.4766,
      -4.7518
     ],
     [
      69.1129,
      -7.143
     ]
    ]
   }
  },
  {
   "type": "Feature",
   "properties": {
    "from_cell": 2543,
    "to_cell": 2620,
    "uses": 7,
    "share": 0.0515,
    "class": "road"
   },
   "geometry": {
    "type": "LineString",
    "coordinates": [
     [
      26.7982,
      -18.7793
     ],
     [
      24.7988,
      -19.8399
     ]
    ]
   }
  },
  {
   "type": "Feature",
   "properties": {
    "from_cell": 2061,
    "to_cell": 2062,
    "uses": 7,
    "share": 0.0515,
    "class": "road"
   },
   "geometry": {
    "type": "LineString",
    "coordinates": [
     [
      -40.53,
      -0.8819
     ],
     [
      -38.0991,
      -1.5244
     ]
    ]
   }
  },
  {
   "type": "Feature",
   "properties": {
    "from_cell": 2452,
    "to_cell": 2536,
    "uses": 7,
    "share": 0.0515,
    "class": "road"
   },
   "geometry": {
    "type": "LineString",
    "coordinates": [
     [
      9.731,
      -16.2703
     ],
     [
      11.1165,
      -18.6862
     ]
    ]
   }
  },
  {
   "type": "Feature",
   "properties": {
    "from_cell": 2536,
    "to_cell": 2537,
    "uses": 7,
    "share": 0.0515,
    "class": "road"
   },
   "geometry": {
    "type": "LineString",
    "coordinates": [
     [
      11.1165,
      -18.6862
     ],
     [
      12.7909,
      -20.4329
     ]
    ]
   }
  },
  {
   "type": "Feature",
   "properties": {
    "from_cell": 2537,
    "to_cell": 2616,
    "uses": 7,
    "share": 0.0515,
    "class": "road"
   },
   "geometry": {
    "type": "LineString",
    "coordinates": [
     [
      12.7909,
      -20.4329
     ],
     [
      14.4711,
      -22.1816
     ]
    ]
   }
  },
  {
   "type": "Feature",
   "properties": {
    "from_cell": 1714,
    "to_cell": 1715,
    "uses": 6,
    "share": 0.0441,
    "class": "trail"
   },
   "geometry": {
    "type": "LineString",
    "coordinates": [
     [
      18.2836,
      12.925
     ],
     [
      20.5529,
      14.1339
     ]
    ]
   }
  },
  {
   "type": "Feature",
   "properties": {
    "from_cell": 1712,
    "to_cell": 1714,
    "uses": 6,
    "share": 0.0441,
    "class": "trail"
   },
   "geometry": {
    "type": "LineString",
    "coordinates": [
     [
      14.5148,
      13.4971
     ],
     [
      18.2836,
      12.925
     ]
    ]
   }
  },
  {
   "type": "Feature",
   "properties": {
    "from_cell": 1711,
    "to_cell": 1712,
    "uses": 6,
    "share": 0.0441,
    "class": "trail"
   },
   "geometry": {
    "type": "LineString",
    "coordinates": [
     [
      11.451,
      12.6437
     ],
     [
      14.5148,
      13.4971
     ]
    ]
   }
  },
  {
   "type": "Feature",
   "properties": {
    "from_cell": 1710,
    "to_cell": 1711,
    "uses": 6,
    "share": 0.0441,
    "class": "trail"
   },
   "geometry": {
    "type": "LineString",
    "coordinates": [
     [
      9.4839,
      12.6779
     ],
     [
      11.451,
      12.6437
     ]
    ]
   }
  },
  {
   "type": "Feature",
   "properties": {
    "from_cell": 1709,
    "to_cell": 1710,
    "uses": 6,
    "share": 0.0441,
    "class": "trail"
   },
   "geometry": {
    "type": "LineString",
    "coordinates": [
     [
      7.4997,
      12.7216
     ],
     [
      9.4839,
      12.6779
     ]
    ]
   }
  },
  {
   "type": "Feature",
   "properties": {
    "from_cell": 1708,
    "to_cell": 1709,
    "uses": 6,
    "share": 0.0441,
    "class": "trail"
   },
   "geometry": {
    "type": "LineString",
    "coordinates": [
     [
      3.6909,
      13.634
     ],
     [
      7.4997,
      12.7216
     ]
    ]
   }
  },
  {
   "type": "Feature",
   "properties": {
    "from_cell": 1707,
    "to_cell": 1708,
    "uses": 6,
    "share": 0.0441,
    "class": "trail"
   },
   "geometry": {
    "type": "LineString",
    "coordinates": [
     [
      1.0624,
      13.0752
     ],
     [
      3.6909,
      13.634
     ]
    ]
   }
  },
  {
   "type": "Feature",
   "properties": {
    "from_cell": 1706,
    "to_cell": 1707,
    "uses": 6,
    "share": 0.0441,
    "class": "trail"
   },
   "geometry": {
    "type": "LineString",
    "coordinates": [
     [
      -2.2617,
      12.1153
     ],
     [
      1.0624,
      13.0752
     ]
    ]
   }
  },
  {
   "type": "Feature",
   "properties": {
    "from_cell": 1706,
    "to_cell": 1798,
    "uses": 6,
    "share": 0.0441,
    "class": "trail"
   },
   "geometry": {
    "type": "LineString",
    "coordinates": [
     [
      -2.2617,
      12.1153
     ],
     [
      -6.5133,
      9.5816
     ]
    ]
   }
  },
  {
   "type": "Feature",
   "properties": {
    "from_cell": 1797,
    "to_cell": 1798,
    "uses": 6,
    "share": 0.0441,
    "class": "trail"
   },
   "geometry": {
    "type": "LineString",
    "coordinates": [
     [
      -9.6835,
      9.0551
     ],
     [
      -6.5133,
      9.5816
     ]
    ]
   }
  },
  {
   "type": "Feature",
   "properties": {
    "from_cell": 1796,
    "to_cell": 1797,
    "uses": 6,
    "share": 0.0441,
    "class": "trail"
   },
   "geometry": {
    "type": "LineString",
    "coordinates": [
     [
      -13.0152,
      8.6864
     ],
     [
      -9.6835,
      9.0551
     ]
    ]
   }
  },
  {
   "type": "Feature",
   "properties": {
    "from_cell": 1795,
    "to_cell": 1796,
    "uses": 6,
    "share": 0.0441,
    "class": "trail"
   },
   "geometry": {
    "type": "LineString",
    "coordinates": [
     [
      -18.2152,
      8.6712
     ],
     [
      -13.0152,
      8.6864
     ]
    ]
   }
  },
  {
   "type": "Feature",
   "properties": {
    "from_cell": 1795,
    "to_cell": 1882,
    "uses": 6,
    "share": 0.0441,
    "class": "trail"
   },
   "geometry": {
    "type": "LineString",
    "coordinates": [
     [
      -18.2152,
      8.6712
     ],
     [
      -21.2124,
      5.0769
     ]
    ]
   }
  },
  {
   "type": "Feature",
   "properties": {
    "from_cell": 1882,
    "to_cell": 1977,
    "uses": 6,
    "share": 0.0441,
    "class": "trail"
   },
   "geometry": {
    "type": "LineString",
    "coordinates": [
     [
      -21.2124,
      5.0769
     ],
     [
      -24.0253,
      4.2938
     ]
    ]
   }
  },
  {
   "type": "Feature",
   "properties": {
    "from_cell": 1976,
    "to_cell": 1977,
    "uses": 6,
    "share": 0.0441,
    "class": "trail"
   },
   "geometry": {
    "type": "LineString",
    "coordinates": [
     [
      -28.6475,
      3.3814
     ],
     [
      -24.0253,
      4.2938
     ]
    ]
   }
  },
  {
   "type": "Feature",
   "properties": {
    "from_cell": 1973,
    "to_cell": 1976,
    "uses": 6,
    "share": 0.0441,
    "class": "trail"
   },
   "geometry": {
    "type": "LineString",
    "coordinates": [
     [
      -29.7461,
      2.891
     ],
     [
      -28.6475,
      3.3814
     ]
    ]
   }
  },
  {
   "type": "Feature",
   "properties": {
    "from_cell": 1961,
    "to_cell": 1962,
    "uses": 6,
    "share": 0.0441,
    "class": "trail"
   },
   "geometry": {
    "type": "LineString",
    "coordinates": [
     [
      -54.8091,
      3.7958
     ],
     [
      -52.8401,
      3.3168
     ]
    ]
   }
  },
  {
   "type": "Feature",
   "properties": {
    "from_cell": 1960,
    "to_cell": 1961,
    "uses": 6,
    "share": 0.0441,
    "class": "trail"
   },
   "geometry": {
    "type": "LineString",
    "coordinates": [
     [
      -57.2019,
      3.7026
     ],
     [
      -54.8091,
      3.7958
     ]
    ]
   }
  },
  {
   "type": "Feature",
   "properties": {
    "from_cell": 1959,
    "to_cell": 1960,
    "uses": 6,
    "share": 0.0441,
    "class": "trail"
   },
   "geometry": {
    "type": "LineString",
    "coordinates": [
     [
      -62.2023,
      3.0944
     ],
     [
      -57.2019,
      3.7026
     ]
    ]
   }
  },
  {
   "type": "Feature",
   "properties": {
    "from_cell": 1958,
    "to_cell": 1959,
    "uses": 6,
    "share": 0.0441,
    "class": "trail"
   },
   "geometry": {
    "type": "LineString",
    "coordinates": [
     [
      -64.618,
      2.6325
     ],
     [
      -62.2023,
      3.0944
     ]
    ]
   }
  },
  {
   "type": "Feature",
   "properties": {
    "from_cell": 1957,
    "to_cell": 1958,
    "uses": 6,
    "share": 0.0441,
    "class": "trail"
   },
   "geometry": {
    "type": "LineString",
    "coordinates": [
     [
      -69.9035,
      2.7941
     ],
     [
      -64.618,
      2.6325
     ]
    ]
   }
  },
  {
   "type": "Feature",
   "properties": {
    "from_cell": 1956,
    "to_cell": 1957,
    "uses": 6,
    "share": 0.0441,
    "class": "trail"
   },
   "geometry": {
    "type": "LineString",
    "coordinates": [
     [
      -71.7661,
      2.7295
     ],
     [
      -69.9035,
      2.7941
     ]
    ]
   }
  },
  {
   "type": "Feature",
   "properties": {
    "from_cell": 1955,
    "to_cell": 1956,
    "uses": 6,
    "share": 0.0441,
    "class": "trail"
   },
   "geometry": {
    "type": "LineString",
    "coordinates": [
     [
      -73.7769,
      1.7373
     ],
     [
      -71.7661,
      2.7295
     ]
    ]
   }
  },
  {
   "type": "Feature",
   "properties": {
    "from_cell": 1955,
    "to_cell": 2050,
    "uses": 6,
    "share": 0.0441,
    "class": "trail"
   },
   "geometry": {
    "type": "LineString",
    "coordinates": [
     [
      -73.7769,
      1.7373
     ],
     [
      -77.981,
      -0.6501
     ]
    ]
   }
  },
  {
   "type": "Feature",
   "properties": {
    "from_cell": 2046,
    "to_cell": 2047,
    "uses": 6,
    "share": 0.0441,
    "class": "trail"
   },
   "geometry": {
    "type": "LineString",
    "coordinates": [
     [
      -90.8708,
      -1.1442
     ],
     [
      -88.3259,
      0.6482
     ]
    ]
   }
  },
  {
   "type": "Feature",
   "properties": {
    "from_cell": 1949,
    "to_cell": 2046,
    "uses": 6,
    "share": 0.0441,
    "class": "trail"
   },
   "geometry": {
    "type": "LineString",
    "coordinates": [
     [
      -92.9386,
      0.3041
     ],
     [
      -90.8708,
      -1.1442
     ]
    ]
   }
  },
  {
   "type": "Feature",
   "properties": {
    "from_cell": 2058,
    "to_cell": 2059,
    "uses": 6,
    "share": 0.0441,
    "class": "trail"
   },
   "geometry": {
    "type": "LineString",
    "coordinates": [
     [
      -50.6297,
      0.7204
     ],
     [
      -48.8241,
      -0.6272
     ]
    ]
   }
  },
  {
   "type": "Feature",
   "properties": {
    "from_cell": 1962,
    "to_cell": 2058,
    "uses": 6,
    "share": 0.0441,
    "class": "trail"
   },
   "geometry": {
    "type": "LineString",
    "coordinates": [
     [
      -52.8401,
      3.3168
     ],
     [
      -50.6297,
      0.7204
     ]
    ]
   }
  },
  {
   "type": "Feature",
   "properties": {
    "from_cell": 2542,
    "to_cell": 2544,
    "uses": 6,
    "share": 0.0441,
    "class": "trail"
   },
   "geometry": {
    "type": "LineString",
    "coordinates": [
     [
      28.7901,
      -17.7339
     ],
     [
      30.9225,
      -17.2701
     ]
    ]
   }
  },
  {
   "type": "Feature",
   "properties": {
    "from_cell": 2542,
    "to_cell": 2543,
    "uses": 6,
    "share": 0.0441,
    "class": "trail"
   },
   "geometry": {
    "type": "LineString",
    "coordinates": [
     [
      28.7901,
      -17.7339
     ],
     [
      26.7982,
      -18.7793
     ]
    ]
   }
  },
  {
   "type": "Feature",
   "properties": {
    "from_cell": 2616,
    "to_cell": 2617,
    "uses": 6,
    "share": 0.0441,
    "class": "trail"
   },
   "geometry": {
    "type": "LineString",
    "coordinates": [
     [
      14.4711,
      -22.1816
     ],
     [
      16.5161,
      -23.6832
     ]
    ]
   }
  },
  {
   "type": "Feature",
   "properties": {
    "from_cell": 2617,
    "to_cell": 2698,
    "uses": 6,
    "share": 0.0441,
    "class": "trail"
   },
   "geometry": {
    "type": "LineString",
    "coordinates": [
     [
      16.5161,
      -23.6832
     ],
     [
      18.5516,
      -25.1734
     ]
    ]
   }
  },
  {
   "type": "Feature",
   "properties": {
    "from_cell": 2698,
    "to_cell": 2703,
    "uses": 6,
    "share": 0.0441,
    "class": "trail"
   },
   "geometry": {
    "type": "LineString",
    "coordinates": [
     [
      18.5516,
      -25.1734
     ],
     [
      21.9137,
      -25.755
     ]
    ]
   }
  },
  {
   "type": "Feature",
   "properties": {
    "from_cell": 2702,
    "to_cell": 2703,
    "uses": 6,
    "share": 0.0441,
    "class": "trail"
   },
   "geometry": {
    "type": "LineString",
    "coordinates": [
     [
      23.7953,
      -26.0971
     ],
     [
      21.9137,
      -25.755
     ]
    ]
   }
  },
  {
   "type": "Feature",
   "properties": {
    "from_cell": 2702,
    "to_cell": 2784,
    "uses": 6,
    "share": 0.0441,
    "class": "trail"
   },
   "geometry": {
    "type": "LineString",
    "coordinates": [
     [
      23.7953,
      -26.0971
     ],
     [
      26.5227,
      -27.3592
     ]
    ]
   }
  },
  {
   "type": "Feature",
   "properties": {
    "from_cell": 2784,
    "to_cell": 2785,
    "uses": 6,
    "share": 0.0441,
    "class": "trail"
   },
   "geometry": {
    "type": "LineString",
    "coordinates": [
     [
      26.5227,
      -27.3592
     ],
     [
      29.2766,
      -28.148
     ]
    ]
   }
  },
  {
   "type": "Feature",
   "properties": {
    "from_cell": 2785,
    "to_cell": 2786,
    "uses": 6,
    "share": 0.0441,
    "class": "trail"
   },
   "geometry": {
    "type": "LineString",
    "coordinates": [
     [
      29.2766,
      -28.148
     ],
     [
      34.8586,
      -29.3968
     ]
    ]
   }
  },
  {
   "type": "Feature",
   "properties": {
    "from_cell": 2786,
    "to_cell": 2787,
    "uses": 6,
    "share": 0.0441,
    "class": "trail"
   },
   "geometry": {
    "type": "LineString",
    "coordinates": [
     [
      34.8586,
      -29.3968
     ],
     [
      36.7193,
      -29.3208
     ]
    ]
   }
  },
  {
   "type": "Feature",
   "properties": {
    "from_cell": 2787,
    "to_cell": 2788,
    "uses": 6,
    "share": 0.0441,
    "class": "trail"
   },
   "geometry": {
    "type": "LineString",
    "coordinates": [
     [
      36.7193,
      -29.3208
     ],
     [
      42.0371,
      -27.7774
     ]
    ]
   }
  },
  {
   "type": "Feature",
   "properties": {
    "from_cell": 2619,
    "to_cell": 2620,
    "uses": 6,
    "share": 0.0441,
    "class": "trail"
   },
   "geometry": {
    "type": "LineString",
    "coordinates": [
     [
      20.6346,
      -20.2847
     ],
     [
      24.7988,
      -19.8399
     ]
    ]
   }
  },
  {
   "type": "Feature",
   "properties": {
    "from_cell": 2286,
    "to_cell": 2287,
    "uses": 6,
    "share": 0.0441,
    "class": "trail"
   },
   "geometry": {
    "type": "LineString",
    "coordinates": [
     [
      40.7846,
      -8.4089
     ],
     [
      44.4566,
      -8.3614
     ]
    ]
   }
  },
  {
   "type": "Feature",
   "properties": {
    "from_cell": 2288,
    "to_cell": 2289,
    "uses": 6,
    "share": 0.0441,
    "class": "trail"
   },
   "geometry": {
    "type": "LineString",
    "coordinates": [
     [
      47.1459,
      -7.6486
     ],
     [
      51.2531,
      -7.3996
     ]
    ]
   }
  },
  {
   "type": "Feature",
   "properties": {
    "from_cell": 2289,
    "to_cell": 2290,
    "uses": 6,
    "share": 0.0441,
    "class": "trail"
   },
   "geometry": {
    "type": "LineString",
    "coordinates": [
     [
      51.2531,
      -7.3996
     ],
     [
      53.2886,
      -6.3941
     ]
    ]
   }
  },
  {
   "type": "Feature",
   "properties": {
    "from_cell": 2290,
    "to_cell": 2292,
    "uses": 6,
    "share": 0.0441,
    "class": "trail"
   },
   "geometry": {
    "type": "LineString",
    "coordinates": [
     [
      53.2886,
      -6.3941
     ],
     [
      56.4284,
      -7.1468
     ]
    ]
   }
  },
  {
   "type": "Feature",
   "properties": {
    "from_cell": 2292,
    "to_cell": 2293,
    "uses": 6,
    "share": 0.0441,
    "class": "trail"
   },
   "geometry": {
    "type": "LineString",
    "coordinates": [
     [
      56.4284,
      -7.1468
     ],
     [
      59.5738,
      -7.9147
     ]
    ]
   }
  },
  {
   "type": "Feature",
   "properties": {
    "from_cell": 2293,
    "to_cell": 2296,
    "uses": 6,
    "share": 0.0441,
    "class": "trail"
   },
   "geometry": {
    "type": "LineString",
    "coordinates": [
     [
      59.5738,
      -7.9147
     ],
     [
      63.5822,
      -6.645
     ]
    ]
   }
  },
  {
   "type": "Feature",
   "properties": {
    "from_cell": 2296,
    "to_cell": 2297,
    "uses": 6,
    "share": 0.0441,
    "class": "trail"
   },
   "geometry": {
    "type": "LineString",
    "coordinates": [
     [
      63.5822,
      -6.645
     ],
     [
      69.1129,
      -7.143
     ]
    ]
   }
  },
  {
   "type": "Feature",
   "properties": {
    "from_cell": 1690,
    "to_cell": 1783,
    "uses": 5,
    "share": 0.0368,
    "class": "trail"
   },
   "geometry": {
    "type": "LineString",
    "coordinates": [
     [
      -48.1057,
      13.6226
     ],
     [
      -43.8636,
      9.6824
     ]
    ]
   }
  },
  {
   "type": "Feature",
   "properties": {
    "from_cell": 1596,
    "to_cell": 1690,
    "uses": 5,
    "share": 0.0368,
    "class": "trail"
   },
   "geometry": {
    "type": "LineString",
    "coordinates": [
     [
      -52.7241,
      15.6849
     ],
     [
      -48.1057,
      13.6226
     ]
    ]
   }
  },
  {
   "type": "Feature",
   "properties": {
    "from_cell": 2381,
    "to_cell": 2468,
    "uses": 5,
    "share": 0.0368,
    "class": "trail"
   },
   "geometry": {
    "type": "LineString",
    "coordinates": [
     [
      58.9371,
      -12.773
     ],
     [
      56.7439,
      -13.4306
     ]
    ]
   }
  },
  {
   "type": "Feature",
   "properties": {
    "from_cell": 2467,
    "to_cell": 2468,
    "uses": 5,
    "share": 0.0368,
    "class": "trail"
   },
   "geometry": {
    "type": "LineString",
    "coordinates": [
     [
      55.0504,
      -14.879
     ],
     [
      56.7439,
      -13.4306
     ]
    ]
   }
  },
  {
   "type": "Feature",
   "properties": {
    "from_cell": 2712,
    "to_cell": 2789,
    "uses": 5,
    "share": 0.0368,
    "class": "trail"
   },
   "geometry": {
    "type": "LineString",
    "coordinates": [
     [
      46.7354,
      -26.3252
     ],
     [
      44.0175,
      -28.0929
     ]
    ]
   }
  },
  {
   "type": "Feature",
   "properties": {
    "from_cell": 2788,
    "to_cell": 2789,
    "uses": 5,
    "share": 0.0368,
    "class": "trail"
   },
   "geometry": {
    "type": "LineString",
    "coordinates": [
     [
      42.0371,
      -27.7774
     ],
     [
      44.0175,
      -28.0929
     ]
    ]
   }
  },
  {
   "type": "Feature",
   "properties": {
    "from_cell": 2461,
    "to_cell": 2462,
    "uses": 5,
    "share": 0.0368,
    "class": "trail"
   },
   "geometry": {
    "type": "LineString",
    "coordinates": [
     [
      34.0737,
      -15.7058
     ],
     [
      38.006,
      -13.7252
     ]
    ]
   }
  },
  {
   "type": "Feature",
   "properties": {
    "from_cell": 2461,
    "to_cell": 2544,
    "uses": 5,
    "share": 0.0368,
    "class": "trail"
   },
   "geometry": {
    "type": "LineString",
    "coordinates": [
     [
      34.0737,
      -15.7058
     ],
     [
      30.9225,
      -17.2701
     ]
    ]
   }
  },
  {
   "type": "Feature",
   "properties": {
    "from_cell": 2538,
    "to_cell": 2539,
    "uses": 5,
    "share": 0.0368,
    "class": "trail"
   },
   "geometry": {
    "type": "LineString",
    "coordinates": [
     [
      15.1496,
      -16.8729
     ],
     [
      15.9402,
      -18.1901
     ]
    ]
   }
  },
  {
   "type": "Feature",
   "properties": {
    "from_cell": 2539,
    "to_cell": 2619,
    "uses": 5,
    "share": 0.0368,
    "class": "trail"
   },
   "geometry": {
    "type": "LineString",
    "coordinates": [
     [
      15.9402,
      -18.1901
     ],
     [
      20.6346,
      -20.2847
     ]
    ]
   }
  },
  {
   "type": "Feature",
   "properties": {
    "from_cell": 1973,
    "to_cell": 1975,
    "uses": 4,
    "share": 0.0294,
    "class": "trail"
   },
   "geometry": {
    "type": "LineString",
    "coordinates": [
     [
      -29.7461,
      2.891
     ],
     [
      -31.3596,
      1.6536
     ]
    ]
   }
  },
  {
   "type": "Feature",
   "properties": {
    "from_cell": 1715,
    "to_cell": 1716,
    "uses": 4,
    "share": 0.0294,
    "class": "trail"
   },
   "geometry": {
    "type": "LineString",
    "coordinates": [
     [
      20.5529,
      14.1339
     ],
     [
      24.9832,
      12.0868
     ]
    ]
   }
  },
  {
   "type": "Feature",
   "properties": {
    "from_cell": 2060,
    "to_cell": 2061,
    "uses": 4,
    "share": 0.0294,
    "class": "trail"
   },
   "geometry": {
    "type": "LineString",
    "coordinates": [
     [
      -44.7835,
      0.0722
     ],
     [
      -40.53,
      -0.8819
     ]
    ]
   }
  },
  {
   "type": "Feature",
   "properties": {
    "from_cell": 2059,
    "to_cell": 2060,
    "uses": 4,
    "share": 0.0294,
    "class": "trail"
   },
   "geometry": {
    "type": "LineString",
    "coordinates": [
     [
      -48.8241,
      -0.6272
     ],
     [
      -44.7835,
      0.0722
     ]
    ]
   }
  },
  {
   "type": "Feature",
   "properties": {
    "from_cell": 1638,
    "to_cell": 1820,
    "uses": 4,
    "share": 0.0294,
    "class": "trail"
   },
   "geometry": {
    "type": "LineString",
    "coordinates": [
     [
      70.0175,
      14.5026
     ],
     [
      69.7686,
      11.0547
     ]
    ]
   }
  },
  {
   "type": "Feature",
   "properties": {
    "from_cell": 2467,
    "to_cell": 2552,
    "uses": 4,
    "share": 0.0294,
    "class": "trail"
   },
   "geometry": {
    "type": "LineString",
    "coordinates": [
     [
      55.0504,
      -14.879
     ],
     [
      54.3776,
      -17.3633
     ]
    ]
   }
  },
  {
   "type": "Feature",
   "properties": {
    "from_cell": 2551,
    "to_cell": 2552,
    "uses": 4,
    "share": 0.0294,
    "class": "trail"
   },
   "geometry": {
    "type": "LineString",
    "coordinates": [
     [
      50.7133,
      -19.034
     ],
     [
      54.3776,
      -17.3633
     ]
    ]
   }
  },
  {
   "type": "Feature",
   "properties": {
    "from_cell": 2551,
    "to_cell": 2630,
    "uses": 4,
    "share": 0.0294,
    "class": "trail"
   },
   "geometry": {
    "type": "LineString",
    "coordinates": [
     [
      50.7133,
      -19.034
     ],
     [
      47.7921,
      -21.2027
     ]
    ]
   }
  },
  {
   "type": "Feature",
   "properties": {
    "from_cell": 2630,
    "to_cell": 2711,
    "uses": 4,
    "share": 0.0294,
    "class": "trail"
   },
   "geometry": {
    "type": "LineString",
    "coordinates": [
     [
      47.7921,
      -21.2027
     ],
     [
      47.4766,
      -24.2439
     ]
    ]
   }
  },
  {
   "type": "Feature",
   "properties": {
    "from_cell": 2711,
    "to_cell": 2712,
    "uses": 4,
    "share": 0.0294,
    "class": "trail"
   },
   "geometry": {
    "type": "LineString",
    "coordinates": [
     [
      47.4766,
      -24.2439
     ],
     [
      46.7354,
      -26.3252
     ]
    ]
   }
  },
  {
   "type": "Feature",
   "properties": {
    "from_cell": 2094,
    "to_cell": 2192,
    "uses": 4,
    "share": 0.0294,
    "class": "trail"
   },
   "geometry": {
    "type": "LineString",
    "coordinates": [
     [
      52.498,
      -0.8952
     ],
     [
      50.0956,
      -4.6872
     ]
    ]
   }
  },
  {
   "type": "Feature",
   "properties": {
    "from_cell": 2192,
    "to_cell": 2288,
    "uses": 4,
    "share": 0.0294,
    "class": "trail"
   },
   "geometry": {
    "type": "LineString",
    "coordinates": [
     [
      50.0956,
      -4.6872
     ],
     [
      47.1459,
      -7.6486
     ]
    ]
   }
  },
  {
   "type": "Feature",
   "properties": {
    "from_cell": 2287,
    "to_cell": 2374,
    "uses": 4,
    "share": 0.0294,
    "class": "trail"
   },
   "geometry": {
    "type": "LineString",
    "coordinates": [
     [
      44.4566,
      -8.3614
     ],
     [
      41.0678,
      -11.393
     ]
    ]
   }
  },
  {
   "type": "Feature",
   "properties": {
    "from_cell": 2373,
    "to_cell": 2374,
    "uses": 4,
    "share": 0.0294,
    "class": "trail"
   },
   "geometry": {
    "type": "LineString",
    "coordinates": [
     [
      38.7833,
      -12.0393
     ],
     [
      41.0678,
      -11.393
     ]
    ]
   }
  },
  {
   "type": "Feature",
   "properties": {
    "from_cell": 2373,
    "to_cell": 2462,
    "uses": 4,
    "share": 0.0294,
    "class": "trail"
   },
   "geometry": {
    "type": "LineString",
    "coordinates": [
     [
      38.7833,
      -12.0393
     ],
     [
      38.006,
      -13.7252
     ]
    ]
   }
  },
  {
   "type": "Feature",
   "properties": {
    "from_cell": 1716,
    "to_cell": 1717,
    "uses": 3,
    "share": 0.0221,
    "class": "trail"
   },
   "geometry": {
    "type": "LineString",
    "coordinates": [
     [
      24.9832,
      12.0868
     ],
     [
      28.37,
      12.3643
     ]
    ]
   }
  },
  {
   "type": "Feature",
   "properties": {
    "from_cell": 1717,
    "to_cell": 1718,
    "uses": 3,
    "share": 0.0221,
    "class": "trail"
   },
   "geometry": {
    "type": "LineString",
    "coordinates": [
     [
      28.37,
      12.3643
     ],
     [
      30.5006,
      12.0982
     ]
    ]
   }
  },
  {
   "type": "Feature",
   "properties": {
    "from_cell": 1718,
    "to_cell": 1810,
    "uses": 3,
    "share": 0.0221,
    "class": "trail"
   },
   "geometry": {
    "type": "LineString",
    "coordinates": [
     [
      30.5006,
      12.0982
     ],
     [
      35.3623,
      9.8629
     ]
    ]
   }
  },
  {
   "type": "Feature",
   "properties": {
    "from_cell": 1810,
    "to_cell": 1899,
    "uses": 3,
    "share": 0.0221,
    "class": "trail"
   },
   "geometry": {
    "type": "LineString",
    "coordinates": [
     [
      35.3623,
      9.8629
     ],
     [
      39.0931,
      5.6566
     ]
    ]
   }
  },
  {
   "type": "Feature",
   "properties": {
    "from_cell": 1899,
    "to_cell": 1900,
    "uses": 3,
    "share": 0.0221,
    "class": "trail"
   },
   "geometry": {
    "type": "LineString",
    "coordinates": [
     [
      39.0931,
      5.6566
     ],
     [
      42.2139,
      5.6718
     ]
    ]
   }
  },
  {
   "type": "Feature",
   "properties": {
    "from_cell": 1900,
    "to_cell": 1902,
    "uses": 3,
    "share": 0.0221,
    "class": "trail"
   },
   "geometry": {
    "type": "LineString",
    "coordinates": [
     [
      42.2139,
      5.6718
     ],
     [
      46.9958,
      4.9001
     ]
    ]
   }
  },
  {
   "type": "Feature",
   "properties": {
    "from_cell": 1902,
    "to_cell": 1999,
    "uses": 3,
    "share": 0.0221,
    "class": "trail"
   },
   "geometry": {
    "type": "LineString",
    "coordinates": [
     [
      46.9958,
      4.9001
     ],
     [
      50.1811,
      4.0638
     ]
    ]
   }
  },
  {
   "type": "Feature",
   "properties": {
    "from_cell": 1820,
    "to_cell": 1908,
    "uses": 3,
    "share": 0.0221,
    "class": "trail"
   },
   "geometry": {
    "type": "LineString",
    "coordinates": [
     [
      69.7686,
      11.0547
     ],
     [
      69.1395,
      7.2931
     ]
    ]
   }
  },
  {
   "type": "Feature",
   "properties": {
    "from_cell": 1908,
    "to_cell": 2004,
    "uses": 3,
    "share": 0.0221,
    "class": "trail"
   },
   "geometry": {
    "type": "LineString",
    "coordinates": [
     [
      69.1395,
      7.2931
     ],
     [
      67.256,
      3.5316
     ]
    ]
   }
  },
  {
   "type": "Feature",
   "properties": {
    "from_cell": 2004,
    "to_cell": 2005,
    "uses": 3,
    "share": 0.0221,
    "class": "trail"
   },
   "geometry": {
    "type": "LineString",
    "coordinates": [
     [
      67.256,
      3.5316
     ],
     [
      66.3874,
      1.7107
     ]
    ]
   }
  },
  {
   "type": "Feature",
   "properties": {
    "from_cell": 2005,
    "to_cell": 2099,
    "uses": 3,
    "share": 0.0221,
    "class": "trail"
   },
   "geometry": {
    "type": "LineString",
    "coordinates": [
     [
      66.3874,
      1.7107
     ],
     [
      66.8056,
      -1.9388
     ]
    ]
   }
  },
  {
   "type": "Feature",
   "properties": {
    "from_cell": 2099,
    "to_cell": 2196,
    "uses": 3,
    "share": 0.0221,
    "class": "trail"
   },
   "geometry": {
    "type": "LineString",
    "coordinates": [
     [
      66.8056,
      -1.9388
     ],
     [
      65.517,
      -3.4574
     ]
    ]
   }
  },
  {
   "type": "Feature",
   "properties": {
    "from_cell": 2196,
    "to_cell": 2296,
    "uses": 3,
    "share": 0.0221,
    "class": "trail"
   },
   "geometry": {
    "type": "LineString",
    "coordinates": [
     [
      65.517,
      -3.4574
     ],
     [
      63.5822,
      -6.645
     ]
    ]
   }
  },
  {
   "type": "Feature",
   "properties": {
    "from_cell": 2294,
    "to_cell": 2296,
    "uses": 3,
    "share": 0.0221,
    "class": "trail"
   },
   "geometry": {
    "type": "LineString",
    "coordinates": [
     [
      60.3626,
      -10.0169
     ],
     [
      63.5822,
      -6.645
     ]
    ]
   }
  },
  {
   "type": "Feature",
   "properties": {
    "from_cell": 2294,
    "to_cell": 2381,
    "uses": 3,
    "share": 0.0221,
    "class": "trail"
   },
   "geometry": {
    "type": "LineString",
    "coordinates": [
     [
      60.3626,
      -10.0169
     ],
     [
      58.9371,
      -12.773
     ]
    ]
   }
  },
  {
   "type": "Feature",
   "properties": {
    "from_cell": 2102,
    "to_cell": 2200,
    "uses": 3,
    "share": 0.0221,
    "class": "trail"
   },
   "geometry": {
    "type": "LineString",
    "coordinates": [
     [
      74.9001,
      -1.1138
     ],
     [
      75.4646,
      -4.5428
     ]
    ]
   }
  },
  {
   "type": "Feature",
   "properties": {
    "from_cell": 2200,
    "to_cell": 2299,
    "uses": 3,
    "share": 0.0221,
    "class": "trail"
   },
   "geometry": {
    "type": "LineString",
    "coordinates": [
     [
      75.4646,
      -4.5428
     ],
     [
      75.6585,
      -6.0976
     ]
    ]
   }
  },
  {
   "type": "Feature",
   "properties": {
    "from_cell": 1949,
    "to_cell": 2047,
    "uses": 3,
    "share": 0.0221,
    "class": "trail"
   },
   "geometry": {
    "type": "LineString",
    "coordinates": [
     [
      -92.9386,
      0.3041
     ],
     [
      -88.3259,
      0.6482
     ]
    ]
   }
  },
  {
   "type": "Feature",
   "properties": {
    "from_cell": 2050,
    "to_cell": 2051,
    "uses": 3,
    "share": 0.0221,
    "class": "trail"
   },
   "geometry": {
    "type": "LineString",
    "coordinates": [
     [
      -77.981,
      -0.6501
     ],
     [
      -76.0937,
      -1.8133
     ]
    ]
   }
  },
  {
   "type": "Feature",
   "properties": {
    "from_cell": 2051,
    "to_cell": 2152,
    "uses": 3,
    "share": 0.0221,
    "class": "trail"
   },
   "geometry": {
    "type": "LineString",
    "coordinates": [
     [
      -76.0937,
      -1.8133
     ],
     [
      -72.3724,
      -3.3092
     ]
    ]
   }
  },
  {
   "type": "Feature",
   "properties": {
    "from_cell": 2152,
    "to_cell": 2153,
    "uses": 3,
    "share": 0.0221,
    "class": "trail"
   },
   "geometry": {
    "type": "LineString",
    "coordinates": [
     [
      -72.3724,
      -3.3092
     ],
     [
      -68.7175,
      -5.1586
     ]
    ]
   }
  },
  {
   "type": "Feature",
   "properties": {
    "from_cell": 2153,
    "to_cell": 2154,
    "uses": 3,
    "share": 0.0221,
    "class": "trail"
   },
   "geometry": {
    "type": "LineString",
    "coordinates": [
     [
      -68.7175,
      -5.1586
     ],
     [
      -65.6614,
      -4.0372
     ]
    ]
   }
  },
  {
   "type": "Feature",
   "properties": {
    "from_cell": 2154,
    "to_cell": 2155,
    "uses": 3,
    "share": 0.0221,
    "class": "trail"
   },
   "geometry": {
    "type": "LineString",
    "coordinates": [
     [
      -65.6614,
      -4.0372
     ],
     [
      -62.0997,
      -3.7977
     ]
    ]
   }
  },
  {
   "type": "Feature",
   "properties": {
    "from_cell": 2155,
    "to_cell": 2156,
    "uses": 3,
    "share": 0.0221,
    "class": "trail"
   },
   "geometry": {
    "type": "LineString",
    "coordinates": [
     [
      -62.0997,
      -3.7977
     ],
     [
      -58.9942,
      -2.7086
     ]
    ]
   }
  },
  {
   "type": "Feature",
   "properties": {
    "from_cell": 2156,
    "to_cell": 2157,
    "uses": 3,
    "share": 0.0221,
    "class": "trail"
   },
   "geometry": {
    "type": "LineString",
    "coordinates": [
     [
      -58.9942,
      -2.7086
     ],
     [
      -53.4673,
      -3.5715
     ]
    ]
   }
  },
  {
   "type": "Feature",
   "properties": {
    "from_cell": 2157,
    "to_cell": 2159,
    "uses": 3,
    "share": 0.0221,
    "class": "trail"
   },
   "geometry": {
    "type": "LineString",
    "coordinates": [
     [
      -53.4673,
      -3.5715
     ],
     [
      -48.3072,
      -4.2291
     ]
    ]
   }
  },
  {
   "type": "Feature",
   "properties": {
    "from_cell": 2159,
    "to_cell": 2160,
    "uses": 3,
    "share": 0.0221,
    "class": "trail"
   },
   "geometry": {
    "type": "LineString",
    "coordinates": [
     [
      -48.3072,
      -4.2291
     ],
     [
      -43.5443,
      -3.427
     ]
    ]
   }
  },
  {
   "type": "Feature",
   "properties": {
    "from_cell": 2061,
    "to_cell": 2160,
    "uses": 3,
    "share": 0.0221,
    "class": "trail"
   },
   "geometry": {
    "type": "LineString",
    "coordinates": [
     [
      -40.53,
      -0.8819
     ],
     [
      -43.5443,
      -3.427
     ]
    ]
   }
  },
  {
   "type": "Feature",
   "properties": {
    "from_cell": 1948,
    "to_cell": 1950,
    "uses": 3,
    "share": 0.0221,
    "class": "trail"
   },
   "geometry": {
    "type": "LineString",
    "coordinates": [
     [
      -95.0159,
      1.7639
     ],
     [
      -92.1213,
      4.1778
     ]
    ]
   }
  },
  {
   "type": "Feature",
   "properties": {
    "from_cell": 1948,
    "to_cell": 2044,
    "uses": 3,
    "share": 0.0221,
    "class": "trail"
   },
   "geometry": {
    "type": "LineString",
    "coordinates": [
     [
      -95.0159,
      1.7639
     ],
     [
      -96.4395,
      -0.4524
     ]
    ]
   }
  },
  {
   "type": "Feature",
   "properties": {
    "from_cell": 1972,
    "to_cell": 1973,
    "uses": 2,
    "share": 0.0147,
    "class": "trail"
   },
   "geometry": {
    "type": "LineString",
    "coordinates": [
     [
      -32.1199,
      2.8891
     ],
     [
      -29.7461,
      2.891
     ]
    ]
   }
  },
  {
   "type": "Feature",
   "properties": {
    "from_cell": 1874,
    "to_cell": 1875,
    "uses": 2,
    "share": 0.0147,
    "class": "trail"
   },
   "geometry": {
    "type": "LineString",
    "coordinates": [
     [
      -43.0596,
      5.974
     ],
     [
      -42.2519,
      5.6471
     ]
    ]
   }
  },
  {
   "type": "Feature",
   "properties": {
    "from_cell": 1873,
    "to_cell": 1874,
    "uses": 2,
    "share": 0.0147,
    "class": "trail"
   },
   "geometry": {
    "type": "LineString",
    "coordinates": [
     [
      -47.1782,
      4.7918
     ],
     [
      -43.0596,
      5.974
     ]
    ]
   }
  },
  {
   "type": "Feature",
   "properties": {
    "from_cell": 1873,
    "to_cell": 1962,
    "uses": 2,
    "share": 0.0147,
    "class": "trail"
   },
   "geometry": {
    "type": "LineString",
    "coordinates": [
     [
      -47.1782,
      4.7918
     ],
     [
      -52.8401,
      3.3168
     ]
    ]
   }
  },
  {
   "type": "Feature",
   "properties": {
    "from_cell": 1904,
    "to_cell": 1999,
    "uses": 2,
    "share": 0.0147,
    "class": "trail"
   },
   "geometry": {
    "type": "LineString",
    "coordinates": [
     [
      55.7289,
      4.9875
     ],
     [
      50.1811,
      4.0638
     ]
    ]
   }
  },
  {
   "type": "Feature",
   "properties": {
    "from_cell": 1904,
    "to_cell": 1905,
    "uses": 2,
    "share": 0.0147,
    "class": "trail"
   },
   "geometry": {
    "type": "LineString",
    "coordinates": [
     [
      55.7289,
      4.9875
     ],
     [
      57.3711,
      5.2631
     ]
    ]
   }
  },
  {
   "type": "Feature",
   "properties": {
    "from_cell": 1905,
    "to_cell": 1906,
    "uses": 2,
    "share": 0.0147,
    "class": "trail"
   },
   "geometry": {
    "type": "LineString",
    "coordinates": [
     [
      57.3711,
      5.2631
     ],
     [
      61.9039,
      5.7668
     ]
    ]
   }
  },
  {
   "type": "Feature",
   "properties": {
    "from_cell": 2709,
    "to_cell": 2788,
    "uses": 2,
    "share": 0.0147,
    "class": "trail"
   },
   "geometry": {
    "type": "LineString",
    "coordinates": [
     [
      41.1667,
      -25.755
     ],
     [
      42.0371,
      -27.7774
     ]
    ]
   }
  },
  {
   "type": "Feature",
   "properties": {
    "from_cell": 232,
    "to_cell": 233,
    "uses": 2,
    "share": 0.0147,
    "class": "trail"
   },
   "geometry": {
    "type": "LineString",
    "coordinates": [
     [
      97.0249,
      70.1943
     ],
     [
      98.933,
      70.2
     ]
    ]
   }
  },
  {
   "type": "Feature",
   "properties": {
    "from_cell": 230,
    "to_cell": 232,
    "uses": 2,
    "share": 0.0147,
    "class": "trail"
   },
   "geometry": {
    "type": "LineString",
    "coordinates": [
     [
      95.1167,
      70.1791
     ],
     [
      97.0249,
      70.1943
     ]
    ]
   }
  },
  {
   "type": "Feature",
   "properties": {
    "from_cell": 230,
    "to_cell": 231,
    "uses": 2,
    "share": 0.0147,
    "class": "trail"
   },
   "geometry": {
    "type": "LineString",
    "coordinates": [
     [
      95.1167,
      70.1791
     ],
     [
      93.4708,
      69.5671
     ]
    ]
   }
  },
  {
   "type": "Feature",
   "properties": {
    "from_cell": 231,
    "to_cell": 293,
    "uses": 2,
    "share": 0.0147,
    "class": "trail"
   },
   "geometry": {
    "type": "LineString",
    "coordinates": [
     [
      93.4708,
      69.5671
     ],
     [
      91.8249,
      68.9379
     ]
    ]
   }
  },
  {
   "type": "Feature",
   "properties": {
    "from_cell": 292,
    "to_cell": 293,
    "uses": 2,
    "share": 0.0147,
    "class": "trail"
   },
   "geometry": {
    "type": "LineString",
    "coordinates": [
     [
      88.4418,
      68.7839
     ],
     [
      91.8249,
      68.9379
     ]
    ]
   }
  },
  {
   "type": "Feature",
   "properties": {
    "from_cell": 291,
    "to_cell": 292,
    "uses": 2,
    "share": 0.0147,
    "class": "trail"
   },
   "geometry": {
    "type": "LineString",
    "coordinates": [
     [
      85.7088,
      67.7005
     ],
     [
      88.4418,
      68.7839
     ]
    ]
   }
  },
  {
   "type": "Feature",
   "properties": {
    "from_cell": 290,
    "to_cell": 291,
    "uses": 2,
    "share": 0.0147,
    "class": "trail"
   },
   "geometry": {
    "type": "LineString",
    "coordinates": [
     [
      82.8275,
      67.7271
     ],
     [
      85.7088,
      67.7005
     ]
    ]
   }
  },
  {
   "type": "Feature",
   "properties": {
    "from_cell": 290,
    "to_cell": 344,
    "uses": 2,
    "share": 0.0147,
    "class": "trail"
   },
   "geometry": {
    "type": "LineString",
    "coordinates": [
     [
      82.8275,
      67.7271
     ],
     [
      80.9991,
      65.566
     ]
    ]
   }
  },
  {
   "type": "Feature",
   "properties": {
    "from_cell": 503,
    "to_cell": 591,
    "uses": 2,
    "share": 0.0147,
    "class": "trail"
   },
   "geometry": {
    "type": "LineString",
    "coordinates": [
     [
      71.7433,
      56.1725
     ],
     [
      68.7632,
      54.6367
     ]
    ]
   }
  },
  {
   "type": "Feature",
   "properties": {
    "from_cell": 591,
    "to_cell": 684,
    "uses": 2,
    "share": 0.0147,
    "class": "trail"
   },
   "geometry": {
    "type": "LineString",
    "coordinates": [
     [
      68.7632,
      54.6367
     ],
     [
      67.5506,
      49.8051
     ]
    ]
   }
  },
  {
   "type": "Feature",
   "properties": {
    "from_cell": 684,
    "to_cell": 773,
    "uses": 2,
    "share": 0.0147,
    "class": "trail"
   },
   "geometry": {
    "type": "LineString",
    "coordinates": [
     [
      67.5506,
      49.8051
     ],
     [
      66.1365,
      46.3932
     ]
    ]
   }
  },
  {
   "type": "Feature",
   "properties": {
    "from_cell": 773,
    "to_cell": 862,
    "uses": 2,
    "share": 0.0147,
    "class": "trail"
   },
   "geometry": {
    "type": "LineString",
    "coordinates": [
     [
      66.1365,
      46.3932
     ],
     [
      60.8567,
      45.325
     ]
    ]
   }
  },
  {
   "type": "Feature",
   "properties": {
    "from_cell": 861,
    "to_cell": 862,
    "uses": 2,
    "share": 0.0147,
    "class": "trail"
   },
   "geometry": {
    "type": "LineString",
    "coordinates": [
     [
      58.519,
      44.1656
     ],
     [
      60.8567,
      45.325
     ]
    ]
   }
  },
  {
   "type": "Feature",
   "properties": {
    "from_cell": 861,
    "to_cell": 960,
    "uses": 2,
    "share": 0.0147,
    "class": "trail"
   },
   "geometry": {
    "type": "LineString",
    "coordinates": [
     [
      58.519,
      44.1656
     ],
     [
      55.6149,
      39.9687
     ]
    ]
   }
  },
  {
   "type": "Feature",
   "properties": {
    "from_cell": 959,
    "to_cell": 960,
    "uses": 2,
    "share": 0.0147,
    "class": "trail"
   },
   "geometry": {
    "type": "LineString",
    "coordinates": [
     [
      50.873,
      39.3947
     ],
     [
      55.6149,
      39.9687
     ]
    ]
   }
  },
  {
   "type": "Feature",
   "properties": {
    "from_cell": 959,
    "to_cell": 1052,
    "uses": 2,
    "share": 0.0147,
    "class": "trail"
   },
   "geometry": {
    "type": "LineString",
    "coordinates": [
     [
      50.873,
      39.3947
     ],
     [
      48.5352,
      38.4558
     ]
    ]
   }
  },
  {
   "type": "Feature",
   "properties": {
    "from_cell": 1051,
    "to_cell": 1052,
    "uses": 2,
    "share": 0.0147,
    "class": "trail"
   },
   "geometry": {
    "type": "LineString",
    "coordinates": [
     [
      44.8177,
      37.7468
     ],
     [
      48.5352,
      38.4558
     ]
    ]
   }
  },
  {
   "type": "Feature",
   "properties": {
    "from_cell": 1049,
    "to_cell": 1051,
    "uses": 2,
    "share": 0.0147,
    "class": "trail"
   },
   "geometry": {
    "type": "LineString",
    "coordinates": [
     [
      38.7415,
      36.9295
     ],
     [
      44.8177,
      37.7468
     ]
    ]
   }
  },
  {
   "type": "Feature",
   "properties": {
    "from_cell": 1048,
    "to_cell": 1049,
    "uses": 2,
    "share": 0.0147,
    "class": "trail"
   },
   "geometry": {
    "type": "LineString",
    "coordinates": [
     [
      34.0528,
      35.7073
     ],
     [
      38.7415,
      36.9295
     ]
    ]
   }
  },
  {
   "type": "Feature",
   "properties": {
    "from_cell": 1048,
    "to_cell": 1155,
    "uses": 2,
    "share": 0.0147,
    "class": "trail"
   },
   "geometry": {
    "type": "LineString",
    "coordinates": [
     [
      34.0528,
      35.7073
     ],
     [
      31.0346,
      33.797
     ]
    ]
   }
  },
  {
   "type": "Feature",
   "properties": {
    "from_cell": 1155,
    "to_cell": 1253,
    "uses": 2,
    "share": 0.0147,
    "class": "trail"
   },
   "geometry": {
    "type": "LineString",
    "coordinates": [
     [
      31.0346,
      33.797
     ],
     [
      27.3304,
      29.7789
     ]
    ]
   }
  },
  {
   "type": "Feature",
   "properties": {
    "from_cell": 1253,
    "to_cell": 1346,
    "uses": 2,
    "share": 0.0147,
    "class": "trail"
   },
   "geometry": {
    "type": "LineString",
    "coordinates": [
     [
      27.3304,
      29.7789
     ],
     [
      26.6462,
      26.6902
     ]
    ]
   }
  },
  {
   "type": "Feature",
   "properties": {
    "from_cell": 1346,
    "to_cell": 1443,
    "uses": 2,
    "share": 0.0147,
    "class": "trail"
   },
   "geometry": {
    "type": "LineString",
    "coordinates": [
     [
      26.6462,
      26.6902
     ],
     [
      23.6034,
      23.0978
     ]
    ]
   }
  },
  {
   "type": "Feature",
   "properties": {
    "from_cell": 1443,
    "to_cell": 1540,
    "uses": 2,
    "share": 0.0147,
    "class": "trail"
   },
   "geometry": {
    "type": "LineString",
    "coordinates": [
     [
      23.6034,
      23.0978
     ],
     [
      20.5263,
      18.4942
     ]
    ]
   }
  },
  {
   "type": "Feature",
   "properties": {
    "from_cell": 1540,
    "to_cell": 1715,
    "uses": 2,
    "share": 0.0147,
    "class": "trail"
   },
   "geometry": {
    "type": "LineString",
    "coordinates": [
     [
      20.5263,
      18.4942
     ],
     [
      20.5529,
      14.1339
     ]
    ]
   }
  },
  {
   "type": "Feature",
   "properties": {
    "from_cell": 1558,
    "to_cell": 1641,
    "uses": 2,
    "share": 0.0147,
    "class": "trail"
   },
   "geometry": {
    "type": "LineString",
    "coordinates": [
     [
      77.8365,
      19.3438
     ],
     [
      78.5379,
      16.0099
     ]
    ]
   }
  },
  {
   "type": "Feature",
   "properties": {
    "from_cell": 1641,
    "to_cell": 1733,
    "uses": 2,
    "share": 0.0147,
    "class": "trail"
   },
   "geometry": {
    "type": "LineString",
    "coordinates": [
     [
      78.5379,
      16.0099
     ],
     [
      78.3687,
      13.212
     ]
    ]
   }
  },
  {
   "type": "Feature",
   "properties": {
    "from_cell": 1733,
    "to_cell": 1824,
    "uses": 2,
    "share": 0.0147,
    "class": "trail"
   },
   "geometry": {
    "type": "LineString",
    "coordinates": [
     [
      78.3687,
      13.212
     ],
     [
      77.8346,
      8.2625
     ]
    ]
   }
  },
  {
   "type": "Feature",
   "properties": {
    "from_cell": 1824,
    "to_cell": 1911,
    "uses": 2,
    "share": 0.0147,
    "class": "trail"
   },
   "geometry": {
    "type": "LineString",
    "coordinates": [
     [
      77.8346,
      8.2625
     ],
     [
      79.1194,
      4.9001
     ]
    ]
   }
  },
  {
   "type": "Feature",
   "properties": {
    "from_cell": 1911,
    "to_cell": 2009,
    "uses": 2,
    "share": 0.0147,
    "class": "trail"
   },
   "geometry": {
    "type": "LineString",
    "coordinates": [
     [
      79.1194,
      4.9001
     ],
     [
      76.107,
      1.8722
     ]
    ]
   }
  },
  {
   "type": "Feature",
   "properties": {
    "from_cell": 2009,
    "to_cell": 2102,
    "uses": 2,
    "share": 0.0147,
    "class": "trail"
   },
   "geometry": {
    "type": "LineString",
    "coordinates": [
     [
      76.107,
      1.8722
     ],
     [
      74.9001,
      -1.1138
     ]
    ]
   }
  },
  {
   "type": "Feature",
   "properties": {
    "from_cell": 1687,
    "to_cell": 1688,
    "uses": 2,
    "share": 0.0147,
    "class": "trail"
   },
   "geometry": {
    "type": "LineString",
    "coordinates": [
     [
      -56.6564,
      14.0921
     ],
     [
      -55.9133,
      13.4021
     ]
    ]
   }
  },
  {
   "type": "Feature",
   "properties": {
    "from_cell": 1688,
    "to_cell": 1780,
    "uses": 2,
    "share": 0.0147,
    "class": "trail"
   },
   "geometry": {
    "type": "LineString",
    "coordinates": [
     [
      -55.9133,
      13.4021
     ],
     [
      -55.4648,
      8.426
     ]
    ]
   }
  },
  {
   "type": "Feature",
   "properties": {
    "from_cell": 1780,
    "to_cell": 1871,
    "uses": 2,
    "share": 0.0147,
    "class": "trail"
   },
   "geometry": {
    "type": "LineString",
    "coordinates": [
     [
      -55.4648,
      8.426
     ],
     [
      -55.0523,
      5.6851
     ]
    ]
   }
  },
  {
   "type": "Feature",
   "properties": {
    "from_cell": 1871,
    "to_cell": 1962,
    "uses": 2,
    "share": 0.0147,
    "class": "trail"
   },
   "geometry": {
    "type": "LineString",
    "coordinates": [
     [
      -55.0523,
      5.6851
     ],
     [
      -52.8401,
      3.3168
     ]
    ]
   }
  },
  {
   "type": "Feature",
   "properties": {
    "from_cell": 2059,
    "to_cell": 2159,
    "uses": 2,
    "share": 0.0147,
    "class": "trail"
   },
   "geometry": {
    "type": "LineString",
    "coordinates": [
     [
      -48.8241,
      -0.6272
     ],
     [
      -48.3072,
      -4.2291
     ]
    ]
   }
  },
  {
   "type": "Feature",
   "properties": {
    "from_cell": 2159,
    "to_cell": 2253,
    "uses": 2,
    "share": 0.0147,
    "class": "trail"
   },
   "geometry": {
    "type": "LineString",
    "coordinates": [
     [
      -48.3072,
      -4.2291
     ],
     [
      -47.2961,
      -7.8044
     ]
    ]
   }
  },
  {
   "type": "Feature",
   "properties": {
    "from_cell": 2253,
    "to_cell": 2254,
    "uses": 2,
    "share": 0.0147,
    "class": "trail"
   },
   "geometry": {
    "type": "LineString",
    "coordinates": [
     [
      -47.2961,
      -7.8044
     ],
     [
      -45.2909,
      -9.6177
     ]
    ]
   }
  },
  {
   "type": "Feature",
   "properties": {
    "from_cell": 368,
    "to_cell": 446,
    "uses": 2,
    "share": 0.0147,
    "class": "trail"
   },
   "geometry": {
    "type": "LineString",
    "coordinates": [
     [
      -68.3754,
      61.5801
     ],
     [
      -69.8579,
      58.3926
     ]
    ]
   }
  },
  {
   "type": "Feature",
   "properties": {
    "from_cell": 445,
    "to_cell": 446,
    "uses": 2,
    "share": 0.0147,
    "class": "trail"
   },
   "geometry": {
    "type": "LineString",
    "coordinates": [
     [
      -70.5497,
      56.0718
     ],
     [
      -69.8579,
      58.3926
     ]
    ]
   }
  },
  {
   "type": "Feature",
   "properties": {
    "from_cell": 445,
    "to_cell": 540,
    "uses": 2,
    "share": 0.0147,
    "class": "trail"
   },
   "geometry": {
    "type": "LineString",
    "coordinates": [
     [
      -70.5497,
      56.0718
     ],
     [
      -73.1098,
      54.3174
     ]
    ]
   }
  },
  {
   "type": "Feature",
   "properties": {
    "from_cell": 540,
    "to_cell": 638,
    "uses": 2,
    "share": 0.0147,
    "class": "trail"
   },
   "geometry": {
    "type": "LineString",
    "coordinates": [
     [
      -73.1098,
      54.3174
     ],
     [
      -73.2961,
      51.4625
     ]
    ]
   }
  },
  {
   "type": "Feature",
   "properties": {
    "from_cell": 1586,
    "to_cell": 1678,
    "uses": 2,
    "share": 0.0147,
    "class": "trail"
   },
   "geometry": {
    "type": "LineString",
    "coordinates": [
     [
      -84.9999,
      14.9455
     ],
     [
      -87.9154,
      12.8015
     ]
    ]
   }
  },
  {
   "type": "Feature",
   "properties": {
    "from_cell": 1678,
    "to_cell": 1770,
    "uses": 2,
    "share": 0.0147,
    "class": "trail"
   },
   "geometry": {
    "type": "LineString",
    "coordinates": [
     [
      -87.9154,
      12.8015
     ],
     [
      -90.2075,
      8.3785
     ]
    ]
   }
  },
  {
   "type": "Feature",
   "properties": {
    "from_cell": 1770,
    "to_cell": 1950,
    "uses": 2,
    "share": 0.0147,
    "class": "trail"
   },
   "geometry": {
    "type": "LineString",
    "coordinates": [
     [
      -90.2075,
      8.3785
     ],
     [
      -92.1213,
      4.1778
     ]
    ]
   }
  },
  {
   "type": "Feature",
   "properties": {
    "from_cell": 643,
    "to_cell": 735,
    "uses": 2,
    "share": 0.0147,
    "class": "trail"
   },
   "geometry": {
    "type": "LineString",
    "coordinates": [
     [
      -56.7743,
      49.729
     ],
     [
      -59.0645,
      48.7178
     ]
    ]
   }
  },
  {
   "type": "Feature",
   "properties": {
    "from_cell": 643,
    "to_cell": 644,
    "uses": 2,
    "share": 0.0147,
    "class": "trail"
   },
   "geometry": {
    "type": "LineString",
    "coordinates": [
     [
      -56.7743,
      49.729
     ],
     [
      -55.136,
      50.5597
     ]
    ]
   }
  },
  {
   "type": "Feature",
   "properties": {
    "from_cell": 547,
    "to_cell": 644,
    "uses": 2,
    "share": 0.0147,
    "class": "trail"
   },
   "geometry": {
    "type": "LineString",
    "coordinates": [
     [
      -53.7029,
      54.5398
     ],
     [
      -55.136,
      50.5597
     ]
    ]
   }
  },
  {
   "type": "Feature",
   "properties": {
    "from_cell": 458,
    "to_cell": 547,
    "uses": 2,
    "share": 0.0147,
    "class": "trail"
   },
   "geometry": {
    "type": "LineString",
    "coordinates": [
     [
      -50.1944,
      54.9694
     ],
     [
      -53.7029,
      54.5398
     ]
    ]
   }
  },
  {
   "type": "Feature",
   "properties": {
    "from_cell": 457,
    "to_cell": 458,
    "uses": 2,
    "share": 0.0147,
    "class": "trail"
   },
   "geometry": {
    "type": "LineString",
    "coordinates": [
     [
      -46.6213,
      54.7603
     ],
     [
      -50.1944,
      54.9694
     ]
    ]
   }
  },
  {
   "type": "Feature",
   "properties": {
    "from_cell": 457,
    "to_cell": 462,
    "uses": 2,
    "share": 0.0147,
    "class": "trail"
   },
   "geometry": {
    "type": "LineString",
    "coordinates": [
     [
      -46.6213,
      54.7603
     ],
     [
      -42.4971,
      55.8057
     ]
    ]
   }
  },
  {
   "type": "Feature",
   "properties": {
    "from_cell": 461,
    "to_cell": 462,
    "uses": 2,
    "share": 0.0147,
    "class": "trail"
   },
   "geometry": {
    "type": "LineString",
    "coordinates": [
     [
      -38.924,
      55.6156
     ],
     [
      -42.4971,
      55.8057
     ]
    ]
   }
  },
  {
   "type": "Feature",
   "properties": {
    "from_cell": 1820,
    "to_cell": 1821,
    "uses": 2,
    "share": 0.0147,
    "class": "trail"
   },
   "geometry": {
    "type": "LineString",
    "coordinates": [
     [
      69.7686,
      11.0547
     ],
     [
      71.3099,
      9.6938
     ]
    ]
   }
  },
  {
   "type": "Feature",
   "properties": {
    "from_cell": 1821,
    "to_cell": 1909,
    "uses": 2,
    "share": 0.0147,
    "class": "trail"
   },
   "geometry": {
    "type": "LineString",
    "coordinates": [
     [
      71.3099,
      9.6938
     ],
     [
      71.5304,
      7.0993
     ]
    ]
   }
  },
  {
   "type": "Feature",
   "properties": {
    "from_cell": 2297,
    "to_cell": 2382,
    "uses": 2,
    "share": 0.0147,
    "class": "trail"
   },
   "geometry": {
    "type": "LineString",
    "coordinates": [
     [
      69.1129,
      -7.143
     ],
     [
      66.0301,
      -10.475
     ]
    ]
   }
  },
  {
   "type": "Feature",
   "properties": {
    "from_cell": 2380,
    "to_cell": 2382,
    "uses": 2,
    "share": 0.0147,
    "class": "trail"
   },
   "geometry": {
    "type": "LineString",
    "coordinates": [
     [
      61.1361,
      -12.121
     ],
     [
      66.0301,
      -10.475
     ]
    ]
   }
  },
  {
   "type": "Feature",
   "properties": {
    "from_cell": 2380,
    "to_cell": 2381,
    "uses": 2,
    "share": 0.0147,
    "class": "trail"
   },
   "geometry": {
    "type": "LineString",
    "coordinates": [
     [
      61.1361,
      -12.121
     ],
     [
      58.9371,
      -12.773
     ]
    ]
   }
  },
  {
   "type": "Feature",
   "properties": {
    "from_cell": 1735,
    "to_cell": 1826,
    "uses": 2,
    "share": 0.0147,
    "class": "trail"
   },
   "geometry": {
    "type": "LineString",
    "coordinates": [
     [
      86.5545,
      12.8851
     ],
     [
      84.8516,
      8.1941
     ]
    ]
   }
  },
  {
   "type": "Feature",
   "properties": {
    "from_cell": 1826,
    "to_cell": 1913,
    "uses": 2,
    "share": 0.0147,
    "class": "trail"
   },
   "geometry": {
    "type": "LineString",
    "coordinates": [
     [
      84.8516,
      8.1941
     ],
     [
      84.08,
      5.0256
     ]
    ]
   }
  },
  {
   "type": "Feature",
   "properties": {
    "from_cell": 1913,
    "to_cell": 2011,
    "uses": 2,
    "share": 0.0147,
    "class": "trail"
   },
   "geometry": {
    "type": "LineString",
    "coordinates": [
     [
      84.08,
      5.0256
     ],
     [
      82.8579,
      2.9747
     ]
    ]
   }
  },
  {
   "type": "Feature",
   "properties": {
    "from_cell": 2011,
    "to_cell": 2103,
    "uses": 2,
    "share": 0.0147,
    "class": "trail"
   },
   "geometry": {
    "type": "LineString",
    "coordinates": [
     [
      82.8579,
      2.9747
     ],
     [
      78.5398,
      -1.2184
     ]
    ]
   }
  },
  {
   "type": "Feature",
   "properties": {
    "from_cell": 2103,
    "to_cell": 2201,
    "uses": 2,
    "share": 0.0147,
    "class": "trail"
   },
   "geometry": {
    "type": "LineString",
    "coordinates": [
     [
      78.5398,
      -1.2184
     ],
     [
      77.3519,
      -2.6192
     ]
    ]
   }
  },
  {
   "type": "Feature",
   "properties": {
    "from_cell": 344,
    "to_cell": 345,
    "uses": 2,
    "share": 0.0147,
    "class": "trail"
   },
   "geometry": {
    "type": "LineString",
    "coordinates": [
     [
      80.9991,
      65.566
     ],
     [
      86.0167,
      63.8496
     ]
    ]
   }
  },
  {
   "type": "Feature",
   "properties": {
    "from_cell": 1716,
    "to_cell": 1807,
    "uses": 1,
    "share": 0.0074,
    "class": "trail"
   },
   "geometry": {
    "type": "LineString",
    "coordinates": [
     [
      24.9832,
      12.0868
     ],
     [
      24.9509,
      10.418
     ]
    ]
   }
  },
  {
   "type": "Feature",
   "properties": {
    "from_cell": 1807,
    "to_cell": 1896,
    "uses": 1,
    "share": 0.0074,
    "class": "trail"
   },
   "geometry": {
    "type": "LineString",
    "coordinates": [
     [
      24.9509,
      10.418
     ],
     [
      25.8841,
      6.6925
     ]
    ]
   }
  },
  {
   "type": "Feature",
   "properties": {
    "from_cell": 1896,
    "to_cell": 1897,
    "uses": 1,
    "share": 0.0074,
    "class": "trail"
   },
   "geometry": {
    "type": "LineString",
    "coordinates": [
     [
      25.8841,
      6.6925
     ],
     [
      30.8522,
      4.6492
     ]
    ]
   }
  },
  {
   "type": "Feature",
   "properties": {
    "from_cell": 1897,
    "to_cell": 1993,
    "uses": 1,
    "share": 0.0074,
    "class": "trail"
   },
   "geometry": {
    "type": "LineString",
    "coordinates": [
     [
      30.8522,
      4.6492
     ],
     [
      31.3425,
      4.1569
     ]
    ]
   }
  },
  {
   "type": "Feature",
   "properties": {
    "from_cell": 1993,
    "to_cell": 2087,
    "uses": 1,
    "share": 0.0074,
    "class": "trail"
   },
   "geometry": {
    "type": "LineString",
    "coordinates": [
     [
      31.3425,
      4.1569
     ],
     [
      33.6251,
      0.8116
     ]
    ]
   }
  },
  {
   "type": "Feature",
   "properties": {
    "from_cell": 2087,
    "to_cell": 2184,
    "uses": 1,
    "share": 0.0074,
    "class": "trail"
   },
   "geometry": {
    "type": "LineString",
    "coordinates": [
     [
      33.6251,
      0.8116
     ],
     [
      31.9659,
      -3.8946
     ]
    ]
   }
  },
  {
   "type": "Feature",
   "properties": {
    "from_cell": 2184,
    "to_cell": 2282,
    "uses": 1,
    "share": 0.0074,
    "class": "trail"
   },
   "geometry": {
    "type": "LineString",
    "coordinates": [
     [
      31.9659,
      -3.8946
     ],
     [
      32.1332,
      -8.0097
     ]
    ]
   }
  },
  {
   "type": "Feature",
   "properties": {
    "from_cell": 2282,
    "to_cell": 2372,
    "uses": 1,
    "share": 0.0074,
    "class": "trail"
   },
   "geometry": {
    "type": "LineString",
    "coordinates": [
     [
      32.1332,
      -8.0097
     ],
     [
      35.4098,
      -10.6898
     ]
    ]
   }
  },
  {
   "type": "Feature",
   "properties": {
    "from_cell": 2372,
    "to_cell": 2462,
    "uses": 1,
    "share": 0.0074,
    "class": "trail"
   },
   "geometry": {
    "type": "LineString",
    "coordinates": [
     [
      35.4098,
      -10.6898
     ],
     [
      38.006,
      -13.7252
     ]
    ]
   }
  },
  {
   "type": "Feature",
   "properties": {
    "from_cell": 2462,
    "to_cell": 2547,
    "uses": 1,
    "share": 0.0074,
    "class": "trail"
   },
   "geometry": {
    "type": "LineString",
    "coordinates": [
     [
      38.006,
      -13.7252
     ],
     [
      37.6905,
      -17.2397
     ]
    ]
   }
  },
  {
   "type": "Feature",
   "properties": {
    "from_cell": 2547,
    "to_cell": 2548,
    "uses": 1,
    "share": 0.0074,
    "class": "trail"
   },
   "geometry": {
    "type": "LineString",
    "coordinates": [
     [
      37.6905,
      -17.2397
     ],
     [
      40.0016,
      -18.4562
     ]
    ]
   }
  },
  {
   "type": "Feature",
   "properties": {
    "from_cell": 2548,
    "to_cell": 2627,
    "uses": 1,
    "share": 0.0074,
    "class": "trail"
   },
   "geometry": {
    "type": "LineString",
    "coordinates": [
     [
      40.0016,
      -18.4562
     ],
     [
      40.511,
      -20.4177
     ]
    ]
   }
  },
  {
   "type": "Feature",
   "properties": {
    "from_cell": 2627,
    "to_cell": 2708,
    "uses": 1,
    "share": 0.0074,
    "class": "trail"
   },
   "geometry": {
    "type": "LineString",
    "coordinates": [
     [
      40.511,
      -20.4177
     ],
     [
      40.2905,
      -23.7174
     ]
    ]
   }
  },
  {
   "type": "Feature",
   "properties": {
    "from_cell": 2708,
    "to_cell": 2709,
    "uses": 1,
    "share": 0.0074,
    "class": "trail"
   },
   "geometry": {
    "type": "LineString",
    "coordinates": [
     [
      40.2905,
      -23.7174
     ],
     [
      41.1667,
      -25.755
     ]
    ]
   }
  },
  {
   "type": "Feature",
   "properties": {
    "from_cell": 1715,
    "to_cell": 1806,
    "uses": 1,
    "share": 0.0074,
    "class": "trail"
   },
   "geometry": {
    "type": "LineString",
    "coordinates": [
     [
      20.5529,
      14.1339
     ],
     [
      20.3268,
      9.2243
     ]
    ]
   }
  },
  {
   "type": "Feature",
   "properties": {
    "from_cell": 1806,
    "to_cell": 1895,
    "uses": 1,
    "share": 0.0074,
    "class": "trail"
   },
   "geometry": {
    "type": "LineString",
    "coordinates": [
     [
      20.3268,
      9.2243
     ],
     [
      22.8108,
      5.5064
     ]
    ]
   }
  },
  {
   "type": "Feature",
   "properties": {
    "from_cell": 1895,
    "to_cell": 1992,
    "uses": 1,
    "share": 0.0074,
    "class": "trail"
   },
   "geometry": {
    "type": "LineString",
    "coordinates": [
     [
      22.8108,
      5.5064
     ],
     [
      26.0456,
      3.7159
     ]
    ]
   }
  },
  {
   "type": "Feature",
   "properties": {
    "from_cell": 1992,
    "to_cell": 2085,
    "uses": 1,
    "share": 0.0074,
    "class": "trail"
   },
   "geometry": {
    "type": "LineString",
    "coordinates": [
     [
      26.0456,
      3.7159
     ],
     [
      27.5775,
      0.46
     ]
    ]
   }
  },
  {
   "type": "Feature",
   "properties": {
    "from_cell": 2085,
    "to_cell": 2086,
    "uses": 1,
    "share": 0.0074,
    "class": "trail"
   },
   "geometry": {
    "type": "LineString",
    "coordinates": [
     [
      27.5775,
      0.46
     ],
     [
      29.4971,
      -2.0338
     ]
    ]
   }
  },
  {
   "type": "Feature",
   "properties": {
    "from_cell": 2086,
    "to_cell": 2183,
    "uses": 1,
    "share": 0.0074,
    "class": "trail"
   },
   "geometry": {
    "type": "LineString",
    "coordinates": [
     [
      29.4971,
      -2.0338
     ],
     [
      28.6551,
      -5.0807
     ]
    ]
   }
  },
  {
   "type": "Feature",
   "properties": {
    "from_cell": 2183,
    "to_cell": 2281,
    "uses": 1,
    "share": 0.0074,
    "class": "trail"
   },
   "geometry": {
    "type": "LineString",
    "coordinates": [
     [
      28.6551,
      -5.0807
     ],
     [
      26.6367,
      -7.0593
     ]
    ]
   }
  },
  {
   "type": "Feature",
   "properties": {
    "from_cell": 2281,
    "to_cell": 2370,
    "uses": 1,
    "share": 0.0074,
    "class": "trail"
   },
   "geometry": {
    "type": "LineString",
    "coordinates": [
     [
      26.6367,
      -7.0593
     ],
     [
      27.4311,
      -10.2906
     ]
    ]
   }
  },
  {
   "type": "Feature",
   "properties": {
    "from_cell": 2370,
    "to_cell": 2459,
    "uses": 1,
    "share": 0.0074,
    "class": "trail"
   },
   "geometry": {
    "type": "LineString",
    "coordinates": [
     [
      27.4311,
      -10.2906
     ],
     [
      26.9389,
      -15.2116
     ]
    ]
   }
  },
  {
   "type": "Feature",
   "properties": {
    "from_cell": 2459,
    "to_cell": 2543,
    "uses": 1,
    "share": 0.0074,
    "class": "trail"
   },
   "geometry": {
    "type": "LineString",
    "coordinates": [
     [
      26.9389,
      -15.2116
     ],
     [
      26.7982,
      -18.7793
     ]
    ]
   }
  },
  {
   "type": "Feature",
   "properties": {
    "from_cell": 1999,
    "to_cell": 2000,
    "uses": 1,
    "share": 0.0074,
    "class": "trail"
   },
   "geometry": {
    "type": "LineString",
    "coordinates": [
     [
      50.1811,
      4.0638
     ],
     [
      55.0523,
      1.5453
     ]
    ]
   }
  },
  {
   "type": "Feature",
   "properties": {
    "from_cell": 2000,
    "to_cell": 2096,
    "uses": 1,
    "share": 0.0074,
    "class": "trail"
   },
   "geometry": {
    "type": "LineString",
    "coordinates": [
     [
      55.0523,
      1.5453
     ],
     [
      59.1348,
      0.8553
     ]
    ]
   }
  },
  {
   "type": "Feature",
   "properties": {
    "from_cell": 2096,
    "to_cell": 2097,
    "uses": 1,
    "share": 0.0074,
    "class": "trail"
   },
   "geometry": {
    "type": "LineString",
    "coordinates": [
     [
      59.1348,
      0.8553
     ],
     [
      61.3642,
      -1.935
     ]
    ]
   }
  },
  {
   "type": "Feature",
   "properties": {
    "from_cell": 2097,
    "to_cell": 2196,
    "uses": 1,
    "share": 0.0074,
    "class": "trail"
   },
   "geometry": {
    "type": "LineString",
    "coordinates": [
     [
      61.3642,
      -1.935
     ],
     [
      65.517,
      -3.4574
     ]
    ]
   }
  },
  {
   "type": "Feature",
   "properties": {
    "from_cell": 2196,
    "to_cell": 2197,
    "uses": 1,
    "share": 0.0074,
    "class": "trail"
   },
   "geometry": {
    "type": "LineString",
    "coordinates": [
     [
      65.517,
      -3.4574
     ],
     [
      68.1037,
      -3.7806
     ]
    ]
   }
  },
  {
   "type": "Feature",
   "properties": {
    "from_cell": 2197,
    "to_cell": 2198,
    "uses": 1,
    "share": 0.0074,
    "class": "trail"
   },
   "geometry": {
    "type": "LineString",
    "coordinates": [
     [
      68.1037,
      -3.7806
     ],
     [
      71.2795,
      -3.3947
     ]
    ]
   }
  },
  {
   "type": "Feature",
   "properties": {
    "from_cell": 2198,
    "to_cell": 2199,
    "uses": 1,
    "share": 0.0074,
    "class": "trail"
   },
   "geometry": {
    "type": "LineString",
    "coordinates": [
     [
      71.2795,
      -3.3947
     ],
     [
      73.4766,
      -4.7518
     ]
    ]
   }
  },
  {
   "type": "Feature",
   "properties": {
    "from_cell": 1317,
    "to_cell": 1402,
    "uses": 1,
    "share": 0.0074,
    "class": "trail"
   },
   "geometry": {
    "type": "LineString",
    "coordinates": [
     [
      -61.9971,
      27.0665
     ],
     [
      -61.1152,
      24.4549
     ]
    ]
   }
  },
  {
   "type": "Feature",
   "properties": {
    "from_cell": 1229,
    "to_cell": 1317,
    "uses": 1,
    "share": 0.0074,
    "class": "trail"
   },
   "geometry": {
    "type": "LineString",
    "coordinates": [
     [
      -62.9246,
      28.9235
     ],
     [
      -61.9971,
      27.0665
     ]
    ]
   }
  },
  {
   "type": "Feature",
   "properties": {
    "from_cell": 1228,
    "to_cell": 1229,
    "uses": 1,
    "share": 0.0074,
    "class": "trail"
   },
   "geometry": {
    "type": "LineString",
    "coordinates": [
     [
      -63.5404,
      30.1153
     ],
     [
      -62.9246,
      28.9235
     ]
    ]
   }
  },
  {
   "type": "Feature",
   "properties": {
    "from_cell": 1128,
    "to_cell": 1228,
    "uses": 1,
    "share": 0.0074,
    "class": "trail"
   },
   "geometry": {
    "type": "LineString",
    "coordinates": [
     [
      -65.7621,
      32.7973
     ],
     [
      -63.5404,
      30.1153
     ]
    ]
   }
  },
  {
   "type": "Feature",
   "properties": {
    "from_cell": 242,
    "to_cell": 302,
    "uses": 1,
    "share": 0.0074,
    "class": "trail"
   },
   "geometry": {
    "type": "LineString",
    "coordinates": [
     [
      116.1219,
      71.0914
     ],
     [
      116.0592,
      67.3546
     ]
    ]
   }
  },
  {
   "type": "Feature",
   "properties": {
    "from_cell": 302,
    "to_cell": 354,
    "uses": 1,
    "share": 0.0074,
    "class": "trail"
   },
   "geometry": {
    "type": "LineString",
    "coordinates": [
     [
      116.0592,
      67.3546
     ],
     [
      112.6971,
      64.9806
     ]
    ]
   }
  },
  {
   "type": "Feature",
   "properties": {
    "from_cell": 353,
    "to_cell": 354,
    "uses": 1,
    "share": 0.0074,
    "class": "trail"
   },
   "geometry": {
    "type": "LineString",
    "coordinates": [
     [
      108.9263,
      65.4291
     ],
     [
      112.6971,
      64.9806
     ]
    ]
   }
  },
  {
   "type": "Feature",
   "properties": {
    "from_cell": 352,
    "to_cell": 353,
    "uses": 1,
    "share": 0.0074,
    "class": "trail"
   },
   "geometry": {
    "type": "LineString",
    "coordinates": [
     [
      105.9785,
      63.1977
     ],
     [
      108.9263,
      65.4291
     ]
    ]
   }
  },
  {
   "type": "Feature",
   "properties": {
    "from_cell": 352,
    "to_cell": 424,
    "uses": 1,
    "share": 0.0074,
    "class": "trail"
   },
   "geometry": {
    "type": "LineString",
    "coordinates": [
     [
      105.9785,
      63.1977
     ],
     [
      106.4042,
      61.0498
     ]
    ]
   }
  },
  {
   "type": "Feature",
   "properties": {
    "from_cell": 424,
    "to_cell": 513,
    "uses": 1,
    "share": 0.0074,
    "class": "trail"
   },
   "geometry": {
    "type": "LineString",
    "coordinates": [
     [
      106.4042,
      61.0498
     ],
     [
      105.9044,
      58.9058
     ]
    ]
   }
  },
  {
   "type": "Feature",
   "properties": {
    "from_cell": 513,
    "to_cell": 606,
    "uses": 1,
    "share": 0.0074,
    "class": "trail"
   },
   "geometry": {
    "type": "LineString",
    "coordinates": [
     [
      105.9044,
      58.9058
     ],
     [
      105.3494,
      54.9276
     ]
    ]
   }
  },
  {
   "type": "Feature",
   "properties": {
    "from_cell": 606,
    "to_cell": 696,
    "uses": 1,
    "share": 0.0074,
    "class": "trail"
   },
   "geometry": {
    "type": "LineString",
    "coordinates": [
     [
      105.3494,
      54.9276
     ],
     [
      105.7656,
      49.9951
     ]
    ]
   }
  },
  {
   "type": "Feature",
   "properties": {
    "from_cell": 696,
    "to_cell": 786,
    "uses": 1,
    "share": 0.0074,
    "class": "trail"
   },
   "geometry": {
    "type": "LineString",
    "coordinates": [
     [
      105.7656,
      49.9951
     ],
     [
      106.1192,
      47.0794
     ]
    ]
   }
  },
  {
   "type": "Feature",
   "properties": {
    "from_cell": 786,
    "to_cell": 875,
    "uses": 1,
    "share": 0.0074,
    "class": "trail"
   },
   "geometry": {
    "type": "LineString",
    "coordinates": [
     [
      106.1192,
      47.0794
     ],
     [
      104.8268,
      44.5457
     ]
    ]
   }
  },
  {
   "type": "Feature",
   "properties": {
    "from_cell": 874,
    "to_cell": 875,
    "uses": 1,
    "share": 0.0074,
    "class": "trail"
   },
   "geometry": {
    "type": "LineString",
    "coordinates": [
     [
      103.4906,
      43.985
     ],
     [
      104.8268,
      44.5457
     ]
    ]
   }
  },
  {
   "type": "Feature",
   "properties": {
    "from_cell": 874,
    "to_cell": 973,
    "uses": 1,
    "share": 0.0074,
    "class": "trail"
   },
   "geometry": {
    "type": "LineString",
    "coordinates": [
     [
      103.4906,
      43.985
     ],
     [
      100.2901,
      39.8889
     ]
    ]
   }
  },
  {
   "type": "Feature",
   "properties": {
    "from_cell": 973,
    "to_cell": 1067,
    "uses": 1,
    "share": 0.0074,
    "class": "trail"
   },
   "geometry": {
    "type": "LineString",
    "coordinates": [
     [
      100.2901,
      39.8889
     ],
     [
      99.4918,
      38.4577
     ]
    ]
   }
  },
  {
   "type": "Feature",
   "properties": {
    "from_cell": 1067,
    "to_cell": 1068,
    "uses": 1,
    "share": 0.0074,
    "class": "trail"
   },
   "geometry": {
    "type": "LineString",
    "coordinates": [
     [
      99.4918,
      38.4577
     ],
     [
      98.3363,
      36.5132
     ]
    ]
   }
  },
  {
   "type": "Feature",
   "properties": {
    "from_cell": 1068,
    "to_cell": 1174,
    "uses": 1,
    "share": 0.0074,
    "class": "trail"
   },
   "geometry": {
    "type": "LineString",
    "coordinates": [
     [
      98.3363,
      36.5132
     ],
     [
      97.1636,
      34.563
     ]
    ]
   }
  },
  {
   "type": "Feature",
   "properties": {
    "from_cell": 1174,
    "to_cell": 1175,
    "uses": 1,
    "share": 0.0074,
    "class": "trail"
   },
   "geometry": {
    "type": "LineString",
    "coordinates": [
     [
      97.1636,
      34.563
     ],
     [
      96.8538,
      31.8944
     ]
    ]
   }
  },
  {
   "type": "Feature",
   "properties": {
    "from_cell": 1175,
    "to_cell": 1273,
    "uses": 1,
    "share": 0.0074,
    "class": "trail"
   },
   "geometry": {
    "type": "LineString",
    "coordinates": [
     [
      96.8538,
      31.8944
     ],
     [
      96.5326,
      29.2163
     ]
    ]
   }
  },
  {
   "type": "Feature",
   "properties": {
    "from_cell": 1273,
    "to_cell": 1367,
    "uses": 1,
    "share": 0.0074,
    "class": "trail"
   },
   "geometry": {
    "type": "LineString",
    "coordinates": [
     [
      96.5326,
      29.2163
     ],
     [
      96.1297,
      25.525
     ]
    ]
   }
  },
  {
   "type": "Feature",
   "properties": {
    "from_cell": 1367,
    "to_cell": 1466,
    "uses": 1,
    "share": 0.0074,
    "class": "trail"
   },
   "geometry": {
    "type": "LineString",
    "coordinates": [
     [
      96.1297,
      25.525
     ],
     [
      95.493,
      23.3886
     ]
    ]
   }
  },
  {
   "type": "Feature",
   "properties": {
    "from_cell": 1466,
    "to_cell": 1563,
    "uses": 1,
    "share": 0.0074,
    "class": "trail"
   },
   "geometry": {
    "type": "LineString",
    "coordinates": [
     [
      95.493,
      23.3886
     ],
     [
      96.008,
      20.528
     ]
    ]
   }
  },
  {
   "type": "Feature",
   "properties": {
    "from_cell": 1563,
    "to_cell": 1646,
    "uses": 1,
    "share": 0.0074,
    "class": "trail"
   },
   "geometry": {
    "type": "LineString",
    "coordinates": [
     [
      96.008,
      20.528
     ],
     [
      95.4474,
      17.6465
     ]
    ]
   }
  },
  {
   "type": "Feature",
   "properties": {
    "from_cell": 1645,
    "to_cell": 1646,
    "uses": 1,
    "share": 0.0074,
    "class": "trail"
   },
   "geometry": {
    "type": "LineString",
    "coordinates": [
     [
      93.427,
      16.6429
     ],
     [
      95.4474,
      17.6465
     ]
    ]
   }
  },
  {
   "type": "Feature",
   "properties": {
    "from_cell": 1644,
    "to_cell": 1645,
    "uses": 1,
    "share": 0.0074,
    "class": "trail"
   },
   "geometry": {
    "type": "LineString",
    "coordinates": [
     [
      88.3164,
      15.2306
     ],
     [
      93.427,
      16.6429
     ]
    ]
   }
  },
  {
   "type": "Feature",
   "properties": {
    "from_cell": 1644,
    "to_cell": 1735,
    "uses": 1,
    "share": 0.0074,
    "class": "trail"
   },
   "geometry": {
    "type": "LineString",
    "coordinates": [
     [
      88.3164,
      15.2306
     ],
     [
      86.5545,
      12.8851
     ]
    ]
   }
  },
  {
   "type": "Feature",
   "properties": {
    "from_cell": 2141,
    "to_cell": 2236,
    "uses": 1,
    "share": 0.0074,
    "class": "trail"
   },
   "geometry": {
    "type": "LineString",
    "coordinates": [
     [
      -99.8567,
      -5.3221
     ],
     [
      -98.7734,
      -9.3706
     ]
    ]
   }
  },
  {
   "type": "Feature",
   "properties": {
    "from_cell": 2236,
    "to_cell": 2331,
    "uses": 1,
    "share": 0.0074,
    "class": "trail"
   },
   "geometry": {
    "type": "LineString",
    "coordinates": [
     [
      -98.7734,
      -9.3706
     ],
     [
      -96.8595,
      -11.2125
     ]
    ]
   }
  },
  {
   "type": "Feature",
   "properties": {
    "from_cell": 2331,
    "to_cell": 2332,
    "uses": 1,
    "share": 0.0074,
    "class": "trail"
   },
   "geometry": {
    "type": "LineString",
    "coordinates": [
     [
      -96.8595,
      -11.2125
     ],
     [
      -94.7822,
      -11.5185
     ]
    ]
   }
  },
  {
   "type": "Feature",
   "properties": {
    "from_cell": 2332,
    "to_cell": 2333,
    "uses": 1,
    "share": 0.0074,
    "class": "trail"
   },
   "geometry": {
    "type": "LineString",
    "coordinates": [
     [
      -94.7822,
      -11.5185
     ],
     [
      -92.7029,
      -11.8188
     ]
    ]
   }
  },
  {
   "type": "Feature",
   "properties": {
    "from_cell": 2333,
    "to_cell": 2418,
    "uses": 1,
    "share": 0.0074,
    "class": "trail"
   },
   "geometry": {
    "type": "LineString",
    "coordinates": [
     [
      -92.7029,
      -11.8188
     ],
     [
      -89.8273,
      -15.4283
     ]
    ]
   }
  },
  {
   "type": "Feature",
   "properties": {
    "from_cell": 2418,
    "to_cell": 2499,
    "uses": 1,
    "share": 0.0074,
    "class": "trail"
   },
   "geometry": {
    "type": "LineString",
    "coordinates": [
     [
      -89.8273,
      -15.4283
     ],
     [
      -86.087,
      -17.9411
     ]
    ]
   }
  },
  {
   "type": "Feature",
   "properties": {
    "from_cell": 2499,
    "to_cell": 2500,
    "uses": 1,
    "share": 0.0074,
    "class": "trail"
   },
   "geometry": {
    "type": "LineString",
    "coordinates": [
     [
      -86.087,
      -17.9411
     ],
     [
      -83.3863,
      -18.785
     ]
    ]
   }
  },
  {
   "type": "Feature",
   "properties": {
    "from_cell": 2500,
    "to_cell": 2583,
    "uses": 1,
    "share": 0.0074,
    "class": "trail"
   },
   "geometry": {
    "type": "LineString",
    "coordinates": [
     [
      -83.3863,
      -18.785
     ],
     [
      -80.1496,
      -20.509
     ]
    ]
   }
  },
  {
   "type": "Feature",
   "properties": {
    "from_cell": 2583,
    "to_cell": 2584,
    "uses": 1,
    "share": 0.0074,
    "class": "trail"
   },
   "geometry": {
    "type": "LineString",
    "coordinates": [
     [
      -80.1496,
      -20.509
     ],
     [
      -75.9721,
      -20.3512
     ]
    ]
   }
  },
  {
   "type": "Feature",
   "properties": {
    "from_cell": 2584,
    "to_cell": 2665,
    "uses": 1,
    "share": 0.0074,
    "class": "trail"
   },
   "geometry": {
    "type": "LineString",
    "coordinates": [
     [
      -75.9721,
      -20.3512
     ],
     [
      -74.6132,
      -23.2707
     ]
    ]
   }
  },
  {
   "type": "Feature",
   "properties": {
    "from_cell": 2665,
    "to_cell": 2666,
    "uses": 1,
    "share": 0.0074,
    "class": "trail"
   },
   "geometry": {
    "type": "LineString",
    "coordinates": [
     [
      -74.6132,
      -23.2707
     ],
     [
      -71.4487,
      -25.5935
     ]
    ]
   }
  },
  {
   "type": "Feature",
   "properties": {
    "from_cell": 2666,
    "to_cell": 2667,
    "uses": 1,
    "share": 0.0074,
    "class": "trail"
   },
   "geometry": {
    "type": "LineString",
    "coordinates": [
     [
      -71.4487,
      -25.5935
     ],
     [
      -69.1984,
      -25.8139
     ]
    ]
   }
  },
  {
   "type": "Feature",
   "properties": {
    "from_cell": 2667,
    "to_cell": 2755,
    "uses": 1,
    "share": 0.0074,
    "class": "trail"
   },
   "geometry": {
    "type": "LineString",
    "coordinates": [
     [
      -69.1984,
      -25.8139
     ],
     [
      -65.9066,
      -29.5413
     ]
    ]
   }
  },
  {
   "type": "Feature",
   "properties": {
    "from_cell": 2755,
    "to_cell": 2835,
    "uses": 1,
    "share": 0.0074,
    "class": "trail"
   },
   "geometry": {
    "type": "LineString",
    "coordinates": [
     [
      -65.9066,
      -29.5413
     ],
     [
      -65.2186,
      -30.0906
     ]
    ]
   }
  },
  {
   "type": "Feature",
   "properties": {
    "from_cell": 2835,
    "to_cell": 2836,
    "uses": 1,
    "share": 0.0074,
    "class": "trail"
   },
   "geometry": {
    "type": "LineString",
    "coordinates": [
     [
      -65.2186,
      -30.0906
     ],
     [
      -60.5583,
      -31.4439
     ]
    ]
   }
  },
  {
   "type": "Feature",
   "properties": {
    "from_cell": 2757,
    "to_cell": 2836,
    "uses": 1,
    "share": 0.0074,
    "class": "trail"
   },
   "geometry": {
    "type": "LineString",
    "coordinates": [
     [
      -57.5364,
      -29.5109
     ],
     [
      -60.5583,
      -31.4439
     ]
    ]
   }
  },
  {
   "type": "Feature",
   "properties": {
    "from_cell": 2757,
    "to_cell": 2758,
    "uses": 1,
    "share": 0.0074,
    "class": "trail"
   },
   "geometry": {
    "type": "LineString",
    "coordinates": [
     [
      -57.5364,
      -29.5109
     ],
     [
      -55.098,
      -29.3968
     ]
    ]
   }
  },
  {
   "type": "Feature",
   "properties": {
    "from_cell": 2758,
    "to_cell": 2839,
    "uses": 1,
    "share": 0.0074,
    "class": "trail"
   },
   "geometry": {
    "type": "LineString",
    "coordinates": [
     [
      -55.098,
      -29.3968
     ],
     [
      -50.8045,
      -32.3981
     ]
    ]
   }
  },
  {
   "type": "Feature",
   "properties": {
    "from_cell": 2839,
    "to_cell": 2840,
    "uses": 1,
    "share": 0.0074,
    "class": "trail"
   },
   "geometry": {
    "type": "LineString",
    "coordinates": [
     [
      -50.8045,
      -32.3981
     ],
     [
      -48.6607,
      -32.9512
     ]
    ]
   }
  },
  {
   "type": "Feature",
   "properties": {
    "from_cell": 2840,
    "to_cell": 2902,
    "uses": 1,
    "share": 0.0074,
    "class": "trail"
   },
   "geometry": {
    "type": "LineString",
    "coordinates": [
     [
      -48.6607,
      -32.9512
     ],
     [
      -44.6637,
      -36.4182
     ]
    ]
   }
  },
  {
   "type": "Feature",
   "properties": {
    "from_cell": 2902,
    "to_cell": 2967,
    "uses": 1,
    "share": 0.0074,
    "class": "trail"
   },
   "geometry": {
    "type": "LineString",
    "coordinates": [
     [
      -44.6637,
      -36.4182
     ],
     [
      -42.1018,
      -37.4522
     ]
    ]
   }
  },
  {
   "type": "Feature",
   "properties": {
    "from_cell": 2967,
    "to_cell": 3036,
    "uses": 1,
    "share": 0.0074,
    "class": "trail"
   },
   "geometry": {
    "type": "LineString",
    "coordinates": [
     [
      -42.1018,
      -37.4522
     ],
     [
      -37.7532,
      -40.7423
     ]
    ]
   }
  },
  {
   "type": "Feature",
   "properties": {
    "from_cell": 1401,
    "to_cell": 1497,
    "uses": 1,
    "share": 0.0074,
    "class": "trail"
   },
   "geometry": {
    "type": "LineString",
    "coordinates": [
     [
      -65.038,
      24.1774
     ],
     [
      -63.0937,
      20.2638
     ]
    ]
   }
  },
  {
   "type": "Feature",
   "properties": {
    "from_cell": 1497,
    "to_cell": 1593,
    "uses": 1,
    "share": 0.0074,
    "class": "trail"
   },
   "geometry": {
    "type": "LineString",
    "coordinates": [
     [
      -63.0937,
      20.2638
     ],
     [
      -61.7709,
      16.7284
     ]
    ]
   }
  },
  {
   "type": "Feature",
   "properties": {
    "from_cell": 1593,
    "to_cell": 1687,
    "uses": 1,
    "share": 0.0074,
    "class": "trail"
   },
   "geometry": {
    "type": "LineString",
    "coordinates": [
     [
      -61.7709,
      16.7284
     ],
     [
      -56.6564,
      14.0921
     ]
    ]
   }
  },
  {
   "type": "Feature",
   "properties": {
    "from_cell": 638,
    "to_cell": 731,
    "uses": 1,
    "share": 0.0074,
    "class": "trail"
   },
   "geometry": {
    "type": "LineString",
    "coordinates": [
     [
      -73.2961,
      51.4625
     ],
     [
      -72.1975,
      48.6798
     ]
    ]
   }
  },
  {
   "type": "Feature",
   "properties": {
    "from_cell": 731,
    "to_cell": 821,
    "uses": 1,
    "share": 0.0074,
    "class": "trail"
   },
   "geometry": {
    "type": "LineString",
    "coordinates": [
     [
      -72.1975,
      48.6798
     ],
     [
      -74.1361,
      44.7301
     ]
    ]
   }
  },
  {
   "type": "Feature",
   "properties": {
    "from_cell": 821,
    "to_cell": 920,
    "uses": 1,
    "share": 0.0074,
    "class": "trail"
   },
   "geometry": {
    "type": "LineString",
    "coordinates": [
     [
      -74.1361,
      44.7301
     ],
     [
      -76.4985,
      41.3487
     ]
    ]
   }
  },
  {
   "type": "Feature",
   "properties": {
    "from_cell": 920,
    "to_cell": 1019,
    "uses": 1,
    "share": 0.0074,
    "class": "trail"
   },
   "geometry": {
    "type": "LineString",
    "coordinates": [
     [
      -76.4985,
      41.3487
     ],
     [
      -76.3864,
      37.8703
     ]
    ]
   }
  },
  {
   "type": "Feature",
   "properties": {
    "from_cell": 1019,
    "to_cell": 1124,
    "uses": 1,
    "share": 0.0074,
    "class": "trail"
   },
   "geometry": {
    "type": "LineString",
    "coordinates": [
     [
      -76.3864,
      37.8703
     ],
     [
      -77.1808,
      33.5252
     ]
    ]
   }
  },
  {
   "type": "Feature",
   "properties": {
    "from_cell": 1124,
    "to_cell": 1224,
    "uses": 1,
    "share": 0.0074,
    "class": "trail"
   },
   "geometry": {
    "type": "LineString",
    "coordinates": [
     [
      -77.1808,
      33.5252
     ],
     [
      -78.2471,
      29.4424
     ]
    ]
   }
  },
  {
   "type": "Feature",
   "properties": {
    "from_cell": 1224,
    "to_cell": 1312,
    "uses": 1,
    "share": 0.0074,
    "class": "trail"
   },
   "geometry": {
    "type": "LineString",
    "coordinates": [
     [
      -78.2471,
      29.4424
     ],
     [
      -78.1615,
      27.0076
     ]
    ]
   }
  },
  {
   "type": "Feature",
   "properties": {
    "from_cell": 1312,
    "to_cell": 1396,
    "uses": 1,
    "share": 0.0074,
    "class": "trail"
   },
   "geometry": {
    "type": "LineString",
    "coordinates": [
     [
      -78.1615,
      27.0076
     ],
     [
      -82.7762,
      22.7537
     ]
    ]
   }
  },
  {
   "type": "Feature",
   "properties": {
    "from_cell": 1396,
    "to_cell": 1490,
    "uses": 1,
    "share": 0.0074,
    "class": "trail"
   },
   "geometry": {
    "type": "LineString",
    "coordinates": [
     [
      -82.7762,
      22.7537
     ],
     [
      -86.1421,
      19.5434
     ]
    ]
   }
  },
  {
   "type": "Feature",
   "properties": {
    "from_cell": 1490,
    "to_cell": 1586,
    "uses": 1,
    "share": 0.0074,
    "class": "trail"
   },
   "geometry": {
    "type": "LineString",
    "coordinates": [
     [
      -86.1421,
      19.5434
     ],
     [
      -84.9999,
      14.9455
     ]
    ]
   }
  },
  {
   "type": "Feature",
   "properties": {
    "from_cell": 641,
    "to_cell": 642,
    "uses": 1,
    "share": 0.0074,
    "class": "trail"
   },
   "geometry": {
    "type": "LineString",
    "coordinates": [
     [
      -63.0044,
      50.6927
     ],
     [
      -60.7503,
      49.4021
     ]
    ]
   }
  },
  {
   "type": "Feature",
   "properties": {
    "from_cell": 642,
    "to_cell": 735,
    "uses": 1,
    "share": 0.0074,
    "class": "trail"
   },
   "geometry": {
    "type": "LineString",
    "coordinates": [
     [
      -60.7503,
      49.4021
     ],
     [
      -59.0645,
      48.7178
     ]
    ]
   }
  },
  {
   "type": "Feature",
   "properties": {
    "from_cell": 637,
    "to_cell": 638,
    "uses": 1,
    "share": 0.0074,
    "class": "trail"
   },
   "geometry": {
    "type": "LineString",
    "coordinates": [
     [
      -76.7152,
      49.7442
     ],
     [
      -73.2961,
      51.4625
     ]
    ]
   }
  },
  {
   "type": "Feature",
   "properties": {
    "from_cell": 636,
    "to_cell": 637,
    "uses": 1,
    "share": 0.0074,
    "class": "trail"
   },
   "geometry": {
    "type": "LineString",
    "coordinates": [
     [
      -78.2566,
      49.4002
     ],
     [
      -76.7152,
      49.7442
     ]
    ]
   }
  },
  {
   "type": "Feature",
   "properties": {
    "from_cell": 636,
    "to_cell": 730,
    "uses": 1,
    "share": 0.0074,
    "class": "trail"
   },
   "geometry": {
    "type": "LineString",
    "coordinates": [
     [
      -78.2566,
      49.4002
     ],
     [
      -77.5439,
      45.5987
     ]
    ]
   }
  },
  {
   "type": "Feature",
   "properties": {
    "from_cell": 730,
    "to_cell": 819,
    "uses": 1,
    "share": 0.0074,
    "class": "trail"
   },
   "geometry": {
    "type": "LineString",
    "coordinates": [
     [
      -77.5439,
      45.5987
     ],
     [
      -78.975,
      44.4887
     ]
    ]
   }
  },
  {
   "type": "Feature",
   "properties": {
    "from_cell": 819,
    "to_cell": 820,
    "uses": 1,
    "share": 0.0074,
    "class": "trail"
   },
   "geometry": {
    "type": "LineString",
    "coordinates": [
     [
      -78.975,
      44.4887
     ],
     [
      -81.212,
      43.1848
     ]
    ]
   }
  },
  {
   "type": "Feature",
   "properties": {
    "from_cell": 820,
    "to_cell": 918,
    "uses": 1,
    "share": 0.0074,
    "class": "trail"
   },
   "geometry": {
    "type": "LineString",
    "coordinates": [
     [
      -81.212,
      43.1848
     ],
     [
      -83.4604,
      41.8904
     ]
    ]
   }
  },
  {
   "type": "Feature",
   "properties": {
    "from_cell": 1594,
    "to_cell": 1687,
    "uses": 1,
    "share": 0.0074,
    "class": "trail"
   },
   "geometry": {
    "type": "LineString",
    "coordinates": [
     [
      -56.7039,
      17.177
     ],
     [
      -56.6564,
      14.0921
     ]
    ]
   }
  },
  {
   "type": "Feature",
   "properties": {
    "from_cell": 828,
    "to_cell": 926,
    "uses": 1,
    "share": 0.0074,
    "class": "trail"
   },
   "geometry": {
    "type": "LineString",
    "coordinates": [
     [
      -50.5175,
      43.7569
     ],
     [
      -53.6326,
      41.8353
     ]
    ]
   }
  },
  {
   "type": "Feature",
   "properties": {
    "from_cell": 925,
    "to_cell": 926,
    "uses": 1,
    "share": 0.0074,
    "class": "trail"
   },
   "geometry": {
    "type": "LineString",
    "coordinates": [
     [
      -57.8785,
      38.9861
     ],
     [
      -53.6326,
      41.8353
     ]
    ]
   }
  },
  {
   "type": "Feature",
   "properties": {
    "from_cell": 925,
    "to_cell": 1023,
    "uses": 1,
    "share": 0.0074,
    "class": "trail"
   },
   "geometry": {
    "type": "LineString",
    "coordinates": [
     [
      -57.8785,
      38.9861
     ],
     [
      -60.8453,
      38.2163
     ]
    ]
   }
  },
  {
   "type": "Feature",
   "properties": {
    "from_cell": 1023,
    "to_cell": 1128,
    "uses": 1,
    "share": 0.0074,
    "class": "trail"
   },
   "geometry": {
    "type": "LineString",
    "coordinates": [
     [
      -60.8453,
      38.2163
     ],
     [
      -65.7621,
      32.7973
     ]
    ]
   }
  },
  {
   "type": "Feature",
   "properties": {
    "from_cell": 1128,
    "to_cell": 1227,
    "uses": 1,
    "share": 0.0074,
    "class": "trail"
   },
   "geometry": {
    "type": "LineString",
    "coordinates": [
     [
      -65.7621,
      32.7973
     ],
     [
      -69.244,
      30.9497
     ]
    ]
   }
  },
  {
   "type": "Feature",
   "properties": {
    "from_cell": 1227,
    "to_cell": 1314,
    "uses": 1,
    "share": 0.0074,
    "class": "trail"
   },
   "geometry": {
    "type": "LineString",
    "coordinates": [
     [
      -69.244,
      30.9497
     ],
     [
      -73.1801,
      27.8591
     ]
    ]
   }
  },
  {
   "type": "Feature",
   "properties": {
    "from_cell": 1313,
    "to_cell": 1314,
    "uses": 1,
    "share": 0.0074,
    "class": "trail"
   },
   "geometry": {
    "type": "LineString",
    "coordinates": [
     [
      -74.4744,
      25.1715
     ],
     [
      -73.1801,
      27.8591
     ]
    ]
   }
  },
  {
   "type": "Feature",
   "properties": {
    "from_cell": 1313,
    "to_cell": 1398,
    "uses": 1,
    "share": 0.0074,
    "class": "trail"
   },
   "geometry": {
    "type": "LineString",
    "coordinates": [
     [
      -74.4744,
      25.1715
     ],
     [
      -76.2458,
      21.8984
     ]
    ]
   }
  },
  {
   "type": "Feature",
   "properties": {
    "from_cell": 1398,
    "to_cell": 1492,
    "uses": 1,
    "share": 0.0074,
    "class": "trail"
   },
   "geometry": {
    "type": "LineString",
    "coordinates": [
     [
      -76.2458,
      21.8984
     ],
     [
      -77.77,
      20.7485
     ]
    ]
   }
  },
  {
   "type": "Feature",
   "properties": {
    "from_cell": 1492,
    "to_cell": 1588,
    "uses": 1,
    "share": 0.0074,
    "class": "trail"
   },
   "geometry": {
    "type": "LineString",
    "coordinates": [
     [
      -77.77,
      20.7485
     ],
     [
      -80.1914,
      17.1732
     ]
    ]
   }
  },
  {
   "type": "Feature",
   "properties": {
    "from_cell": 1587,
    "to_cell": 1588,
    "uses": 1,
    "share": 0.0074,
    "class": "trail"
   },
   "geometry": {
    "type": "LineString",
    "coordinates": [
     [
      -81.7784,
      15.6279
     ],
     [
      -80.1914,
      17.1732
     ]
    ]
   }
  },
  {
   "type": "Feature",
   "properties": {
    "from_cell": 1586,
    "to_cell": 1587,
    "uses": 1,
    "share": 0.0074,
    "class": "trail"
   },
   "geometry": {
    "type": "LineString",
    "coordinates": [
     [
      -84.9999,
      14.9455
     ],
     [
      -81.7784,
      15.6279
     ]
    ]
   }
  },
  {
   "type": "Feature",
   "properties": {
    "from_cell": 734,
    "to_cell": 735,
    "uses": 1,
    "share": 0.0074,
    "class": "trail"
   },
   "geometry": {
    "type": "LineString",
    "coordinates": [
     [
      -62.8219,
      46.3704
     ],
     [
      -59.0645,
      48.7178
     ]
    ]
   }
  },
  {
   "type": "Feature",
   "properties": {
    "from_cell": 823,
    "to_cell": 824,
    "uses": 1,
    "share": 0.0074,
    "class": "trail"
   },
   "geometry": {
    "type": "LineString",
    "coordinates": [
     [
      -69.6678,
      43.9945
     ],
     [
      -65.439,
      42.3903
     ]
    ]
   }
  },
  {
   "type": "Feature",
   "properties": {
    "from_cell": 822,
    "to_cell": 823,
    "uses": 1,
    "share": 0.0074,
    "class": "trail"
   },
   "geometry": {
    "type": "LineString",
    "coordinates": [
     [
      -72.781,
      44.1599
     ],
     [
      -69.6678,
      43.9945
     ]
    ]
   }
  },
  {
   "type": "Feature",
   "properties": {
    "from_cell": 822,
    "to_cell": 920,
    "uses": 1,
    "share": 0.0074,
    "class": "trail"
   },
   "geometry": {
    "type": "LineString",
    "coordinates": [
     [
      -72.781,
      44.1599
     ],
     [
      -76.4985,
      41.3487
     ]
    ]
   }
  },
  {
   "type": "Feature",
   "properties": {
    "from_cell": 919,
    "to_cell": 920,
    "uses": 1,
    "share": 0.0074,
    "class": "trail"
   },
   "geometry": {
    "type": "LineString",
    "coordinates": [
     [
      -78.9807,
      41.0864
     ],
     [
      -76.4985,
      41.3487
     ]
    ]
   }
  },
  {
   "type": "Feature",
   "properties": {
    "from_cell": 1019,
    "to_cell": 1125,
    "uses": 1,
    "share": 0.0074,
    "class": "trail"
   },
   "geometry": {
    "type": "LineString",
    "coordinates": [
     [
      -76.3864,
      37.8703
     ],
     [
      -75.6642,
      33.204
     ]
    ]
   }
  },
  {
   "type": "Feature",
   "properties": {
    "from_cell": 1125,
    "to_cell": 1225,
    "uses": 1,
    "share": 0.0074,
    "class": "trail"
   },
   "geometry": {
    "type": "LineString",
    "coordinates": [
     [
      -75.6642,
      33.204
     ],
     [
      -74.8469,
      30.6836
     ]
    ]
   }
  },
  {
   "type": "Feature",
   "properties": {
    "from_cell": 1225,
    "to_cell": 1314,
    "uses": 1,
    "share": 0.0074,
    "class": "trail"
   },
   "geometry": {
    "type": "LineString",
    "coordinates": [
     [
      -74.8469,
      30.6836
     ],
     [
      -73.1801,
      27.8591
     ]
    ]
   }
  },
  {
   "type": "Feature",
   "properties": {
    "from_cell": 1314,
    "to_cell": 1400,
    "uses": 1,
    "share": 0.0074,
    "class": "trail"
   },
   "geometry": {
    "type": "LineString",
    "coordinates": [
     [
      -73.1801,
      27.8591
     ],
     [
      -69.5177,
      23.6262
     ]
    ]
   }
  },
  {
   "type": "Feature",
   "properties": {
    "from_cell": 1399,
    "to_cell": 1400,
    "uses": 1,
    "share": 0.0074,
    "class": "trail"
   },
   "geometry": {
    "type": "LineString",
    "coordinates": [
     [
      -70.4072,
      22.6549
     ],
     [
      -69.5177,
      23.6262
     ]
    ]
   }
  },
  {
   "type": "Feature",
   "properties": {
    "from_cell": 1399,
    "to_cell": 1494,
    "uses": 1,
    "share": 0.0074,
    "class": "trail"
   },
   "geometry": {
    "type": "LineString",
    "coordinates": [
     [
      -70.4072,
      22.6549
     ],
     [
      -70.4319,
      19.397
     ]
    ]
   }
  },
  {
   "type": "Feature",
   "properties": {
    "from_cell": 1494,
    "to_cell": 1591,
    "uses": 1,
    "share": 0.0074,
    "class": "trail"
   },
   "geometry": {
    "type": "LineString",
    "coordinates": [
     [
      -70.4319,
      19.397
     ],
     [
      -69.377,
      17.597
     ]
    ]
   }
  },
  {
   "type": "Feature",
   "properties": {
    "from_cell": 1591,
    "to_cell": 1684,
    "uses": 1,
    "share": 0.0074,
    "class": "trail"
   },
   "geometry": {
    "type": "LineString",
    "coordinates": [
     [
      -69.377,
      17.597
     ],
     [
      -69.7762,
      13.4249
     ]
    ]
   }
  },
  {
   "type": "Feature",
   "properties": {
    "from_cell": 1684,
    "to_cell": 1776,
    "uses": 1,
    "share": 0.0074,
    "class": "trail"
   },
   "geometry": {
    "type": "LineString",
    "coordinates": [
     [
      -69.7762,
      13.4249
     ],
     [
      -69.6336,
      10.5833
     ]
    ]
   }
  },
  {
   "type": "Feature",
   "properties": {
    "from_cell": 1776,
    "to_cell": 1868,
    "uses": 1,
    "share": 0.0074,
    "class": "trail"
   },
   "geometry": {
    "type": "LineString",
    "coordinates": [
     [
      -69.6336,
      10.5833
     ],
     [
      -66.4273,
      7.0118
     ]
    ]
   }
  },
  {
   "type": "Feature",
   "properties": {
    "from_cell": 1868,
    "to_cell": 1958,
    "uses": 1,
    "share": 0.0074,
    "class": "trail"
   },
   "geometry": {
    "type": "LineString",
    "coordinates": [
     [
      -66.4273,
      7.0118
     ],
     [
      -64.618,
      2.6325
     ]
    ]
   }
  },
  {
   "type": "Feature",
   "properties": {
    "from_cell": 1958,
    "to_cell": 2054,
    "uses": 1,
    "share": 0.0074,
    "class": "trail"
   },
   "geometry": {
    "type": "LineString",
    "coordinates": [
     [
      -64.618,
      2.6325
     ],
     [
      -64.7947,
      0.8249
     ]
    ]
   }
  },
  {
   "type": "Feature",
   "properties": {
    "from_cell": 2054,
    "to_cell": 2155,
    "uses": 1,
    "share": 0.0074,
    "class": "trail"
   },
   "geometry": {
    "type": "LineString",
    "coordinates": [
     [
      -64.7947,
      0.8249
     ],
     [
      -62.0997,
      -3.7977
     ]
    ]
   }
  },
  {
   "type": "Feature",
   "properties": {
    "from_cell": 2155,
    "to_cell": 2249,
    "uses": 1,
    "share": 0.0074,
    "class": "trail"
   },
   "geometry": {
    "type": "LineString",
    "coordinates": [
     [
      -62.0997,
      -3.7977
     ],
     [
      -61.1095,
      -8.7415
     ]
    ]
   }
  },
  {
   "type": "Feature",
   "properties": {
    "from_cell": 2249,
    "to_cell": 2343,
    "uses": 1,
    "share": 0.0074,
    "class": "trail"
   },
   "geometry": {
    "type": "LineString",
    "coordinates": [
     [
      -61.1095,
      -8.7415
     ],
     [
      -59.1899,
      -11.5641
     ]
    ]
   }
  },
  {
   "type": "Feature",
   "properties": {
    "from_cell": 2343,
    "to_cell": 2428,
    "uses": 1,
    "share": 0.0074,
    "class": "trail"
   },
   "geometry": {
    "type": "LineString",
    "coordinates": [
     [
      -59.1899,
      -11.5641
     ],
     [
      -55.8734,
      -13.6112
     ]
    ]
   }
  },
  {
   "type": "Feature",
   "properties": {
    "from_cell": 2428,
    "to_cell": 2508,
    "uses": 1,
    "share": 0.0074,
    "class": "trail"
   },
   "geometry": {
    "type": "LineString",
    "coordinates": [
     [
      -55.8734,
      -13.6112
     ],
     [
      -53.6649,
      -18.2775
     ]
    ]
   }
  },
  {
   "type": "Feature",
   "properties": {
    "from_cell": 2508,
    "to_cell": 2591,
    "uses": 1,
    "share": 0.0074,
    "class": "trail"
   },
   "geometry": {
    "type": "LineString",
    "coordinates": [
     [
      -53.6649,
      -18.2775
     ],
     [
      -52.5607,
      -21.351
     ]
    ]
   }
  },
  {
   "type": "Feature",
   "properties": {
    "from_cell": 2591,
    "to_cell": 2673,
    "uses": 1,
    "share": 0.0074,
    "class": "trail"
   },
   "geometry": {
    "type": "LineString",
    "coordinates": [
     [
      -52.5607,
      -21.351
     ],
     [
      -49.189,
      -24.5043
     ]
    ]
   }
  },
  {
   "type": "Feature",
   "properties": {
    "from_cell": 2673,
    "to_cell": 2760,
    "uses": 1,
    "share": 0.0074,
    "class": "trail"
   },
   "geometry": {
    "type": "LineString",
    "coordinates": [
     [
      -49.189,
      -24.5043
     ],
     [
      -48.6417,
      -27.4695
     ]
    ]
   }
  },
  {
   "type": "Feature",
   "properties": {
    "from_cell": 2760,
    "to_cell": 2841,
    "uses": 1,
    "share": 0.0074,
    "class": "trail"
   },
   "geometry": {
    "type": "LineString",
    "coordinates": [
     [
      -48.6417,
      -27.4695
     ],
     [
      -44.2494,
      -31.5124
     ]
    ]
   }
  },
  {
   "type": "Feature",
   "properties": {
    "from_cell": 2841,
    "to_cell": 2842,
    "uses": 1,
    "share": 0.0074,
    "class": "trail"
   },
   "geometry": {
    "type": "LineString",
    "coordinates": [
     [
      -44.2494,
      -31.5124
     ],
     [
      -40.452,
      -32.9208
     ]
    ]
   }
  },
  {
   "type": "Feature",
   "properties": {
    "from_cell": 817,
    "to_cell": 917,
    "uses": 1,
    "share": 0.0074,
    "class": "trail"
   },
   "geometry": {
    "type": "LineString",
    "coordinates": [
     [
      -86.374,
      43.1677
     ],
     [
      -85.1804,
      39.1913
     ]
    ]
   }
  },
  {
   "type": "Feature",
   "properties": {
    "from_cell": 917,
    "to_cell": 1017,
    "uses": 1,
    "share": 0.0074,
    "class": "trail"
   },
   "geometry": {
    "type": "LineString",
    "coordinates": [
     [
      -85.1804,
      39.1913
     ],
     [
      -83.1848,
      35.8099
     ]
    ]
   }
  },
  {
   "type": "Feature",
   "properties": {
    "from_cell": 1017,
    "to_cell": 1122,
    "uses": 1,
    "share": 0.0074,
    "class": "trail"
   },
   "geometry": {
    "type": "LineString",
    "coordinates": [
     [
      -83.1848,
      35.8099
     ],
     [
      -83.0137,
      34.3407
     ]
    ]
   }
  },
  {
   "type": "Feature",
   "properties": {
    "from_cell": 1122,
    "to_cell": 1123,
    "uses": 1,
    "share": 0.0074,
    "class": "trail"
   },
   "geometry": {
    "type": "LineString",
    "coordinates": [
     [
      -83.0137,
      34.3407
     ],
     [
      -82.7515,
      31.7423
     ]
    ]
   }
  },
  {
   "type": "Feature",
   "properties": {
    "from_cell": 1123,
    "to_cell": 1222,
    "uses": 1,
    "share": 0.0074,
    "class": "trail"
   },
   "geometry": {
    "type": "LineString",
    "coordinates": [
     [
      -82.7515,
      31.7423
     ],
     [
      -84.443,
      29.2524
     ]
    ]
   }
  },
  {
   "type": "Feature",
   "properties": {
    "from_cell": 1222,
    "to_cell": 1310,
    "uses": 1,
    "share": 0.0074,
    "class": "trail"
   },
   "geometry": {
    "type": "LineString",
    "coordinates": [
     [
      -84.443,
      29.2524
     ],
     [
      -86.7028,
      26.2549
     ]
    ]
   }
  },
  {
   "type": "Feature",
   "properties": {
    "from_cell": 1310,
    "to_cell": 1394,
    "uses": 1,
    "share": 0.0074,
    "class": "trail"
   },
   "geometry": {
    "type": "LineString",
    "coordinates": [
     [
      -86.7028,
      26.2549
     ],
     [
      -87.902,
      24.626
     ]
    ]
   }
  },
  {
   "type": "Feature",
   "properties": {
    "from_cell": 1394,
    "to_cell": 1489,
    "uses": 1,
    "share": 0.0074,
    "class": "trail"
   },
   "geometry": {
    "type": "LineString",
    "coordinates": [
     [
      -87.902,
      24.626
     ],
     [
      -88.0636,
      21.102
     ]
    ]
   }
  },
  {
   "type": "Feature",
   "properties": {
    "from_cell": 1489,
    "to_cell": 1584,
    "uses": 1,
    "share": 0.0074,
    "class": "trail"
   },
   "geometry": {
    "type": "LineString",
    "coordinates": [
     [
      -88.0636,
      21.102
     ],
     [
      -88.9987,
      16.9698
     ]
    ]
   }
  },
  {
   "type": "Feature",
   "properties": {
    "from_cell": 1584,
    "to_cell": 1585,
    "uses": 1,
    "share": 0.0074,
    "class": "trail"
   },
   "geometry": {
    "type": "LineString",
    "coordinates": [
     [
      -88.9987,
      16.9698
     ],
     [
      -90.0877,
      15.2819
     ]
    ]
   }
  },
  {
   "type": "Feature",
   "properties": {
    "from_cell": 1585,
    "to_cell": 1677,
    "uses": 1,
    "share": 0.0074,
    "class": "trail"
   },
   "geometry": {
    "type": "LineString",
    "coordinates": [
     [
      -90.0877,
      15.2819
     ],
     [
      -91.173,
      13.5789
     ]
    ]
   }
  },
  {
   "type": "Feature",
   "properties": {
    "from_cell": 1677,
    "to_cell": 1769,
    "uses": 1,
    "share": 0.0074,
    "class": "trail"
   },
   "geometry": {
    "type": "LineString",
    "coordinates": [
     [
      -91.173,
      13.5789
     ],
     [
      -92.7029,
      8.578
     ]
    ]
   }
  },
  {
   "type": "Feature",
   "properties": {
    "from_cell": 1769,
    "to_cell": 1860,
    "uses": 1,
    "share": 0.0074,
    "class": "trail"
   },
   "geometry": {
    "type": "LineString",
    "coordinates": [
     [
      -92.7029,
      8.578
     ],
     [
      -93.7083,
      7.4433
     ]
    ]
   }
  },
  {
   "type": "Feature",
   "properties": {
    "from_cell": 1860,
    "to_cell": 1950,
    "uses": 1,
    "share": 0.0074,
    "class": "trail"
   },
   "geometry": {
    "type": "LineString",
    "coordinates": [
     [
      -93.7083,
      7.4433
     ],
     [
      -92.1213,
      4.1778
     ]
    ]
   }
  },
  {
   "type": "Feature",
   "properties": {
    "from_cell": 1909,
    "to_cell": 2007,
    "uses": 1,
    "share": 0.0074,
    "class": "trail"
   },
   "geometry": {
    "type": "LineString",
    "coordinates": [
     [
      71.5304,
      7.0993
     ],
     [
      72.1272,
      2.1383
     ]
    ]
   }
  },
  {
   "type": "Feature",
   "properties": {
    "from_cell": 2007,
    "to_cell": 2008,
    "uses": 1,
    "share": 0.0074,
    "class": "trail"
   },
   "geometry": {
    "type": "LineString",
    "coordinates": [
     [
      72.1272,
      2.1383
     ],
     [
      72.1462,
      0.114
     ]
    ]
   }
  },
  {
   "type": "Feature",
   "properties": {
    "from_cell": 2008,
    "to_cell": 2102,
    "uses": 1,
    "share": 0.0074,
    "class": "trail"
   },
   "geometry": {
    "type": "LineString",
    "coordinates": [
     [
      72.1462,
      0.114
     ],
     [
      74.9001,
      -1.1138
     ]
    ]
   }
  },
  {
   "type": "Feature",
   "properties": {
    "from_cell": 2618,
    "to_cell": 2619,
    "uses": 1,
    "share": 0.0074,
    "class": "trail"
   },
   "geometry": {
    "type": "LineString",
    "coordinates": [
     [
      17.8636,
      -22.2558
     ],
     [
      20.6346,
      -20.2847
     ]
    ]
   }
  },
  {
   "type": "Feature",
   "properties": {
    "from_cell": 2616,
    "to_cell": 2618,
    "uses": 1,
    "share": 0.0074,
    "class": "trail"
   },
   "geometry": {
    "type": "LineString",
    "coordinates": [
     [
      14.4711,
      -22.1816
     ],
     [
      17.8636,
      -22.2558
     ]
    ]
   }
  },
  {
   "type": "Feature",
   "properties": {
    "from_cell": 2544,
    "to_cell": 2545,
    "uses": 1,
    "share": 0.0074,
    "class": "trail"
   },
   "geometry": {
    "type": "LineString",
    "coordinates": [
     [
      30.9225,
      -17.2701
     ],
     [
      33.5871,
      -19.0549
     ]
    ]
   }
  },
  {
   "type": "Feature",
   "properties": {
    "from_cell": 2545,
    "to_cell": 2546,
    "uses": 1,
    "share": 0.0074,
    "class": "trail"
   },
   "geometry": {
    "type": "LineString",
    "coordinates": [
     [
      33.5871,
      -19.0549
     ],
     [
      34.5906,
      -20.528
     ]
    ]
   }
  },
  {
   "type": "Feature",
   "properties": {
    "from_cell": 2546,
    "to_cell": 2624,
    "uses": 1,
    "share": 0.0074,
    "class": "trail"
   },
   "geometry": {
    "type": "LineString",
    "coordinates": [
     [
      34.5906,
      -20.528
     ],
     [
      35.6037,
      -22.0144
     ]
    ]
   }
  },
  {
   "type": "Feature",
   "properties": {
    "from_cell": 2624,
    "to_cell": 2707,
    "uses": 1,
    "share": 0.0074,
    "class": "trail"
   },
   "geometry": {
    "type": "LineString",
    "coordinates": [
     [
      35.6037,
      -22.0144
     ],
     [
      36.6015,
      -23.438
     ]
    ]
   }
  },
  {
   "type": "Feature",
   "properties": {
    "from_cell": 2707,
    "to_cell": 2709,
    "uses": 1,
    "share": 0.0074,
    "class": "trail"
   },
   "geometry": {
    "type": "LineString",
    "coordinates": [
     [
      36.6015,
      -23.438
     ],
     [
      41.1667,
      -25.755
     ]
    ]
   }
  },
  {
   "type": "Feature",
   "properties": {
    "from_cell": 2299,
    "to_cell": 2300,
    "uses": 1,
    "share": 0.0074,
    "class": "trail"
   },
   "geometry": {
    "type": "LineString",
    "coordinates": [
     [
      75.6585,
      -6.0976
     ],
     [
      74.845,
      -8.0021
     ]
    ]
   }
  },
  {
   "type": "Feature",
   "properties": {
    "from_cell": 2298,
    "to_cell": 2300,
    "uses": 1,
    "share": 0.0074,
    "class": "trail"
   },
   "geometry": {
    "type": "LineString",
    "coordinates": [
     [
      71.2643,
      -8.8879
     ],
     [
      74.845,
      -8.0021
     ]
    ]
   }
  },
  {
   "type": "Feature",
   "properties": {
    "from_cell": 2298,
    "to_cell": 2384,
    "uses": 1,
    "share": 0.0074,
    "class": "trail"
   },
   "geometry": {
    "type": "LineString",
    "coordinates": [
     [
      71.2643,
      -8.8879
     ],
     [
      70.9032,
      -9.498
     ]
    ]
   }
  },
  {
   "type": "Feature",
   "properties": {
    "from_cell": 2384,
    "to_cell": 2471,
    "uses": 1,
    "share": 0.0074,
    "class": "trail"
   },
   "geometry": {
    "type": "LineString",
    "coordinates": [
     [
      70.9032,
      -9.498
     ],
     [
      68.2329,
      -13.7138
     ]
    ]
   }
  },
  {
   "type": "Feature",
   "properties": {
    "from_cell": 2470,
    "to_cell": 2471,
    "uses": 1,
    "share": 0.0074,
    "class": "trail"
   },
   "geometry": {
    "type": "LineString",
    "coordinates": [
     [
      65.4618,
      -14.1073
     ],
     [
      68.2329,
      -13.7138
     ]
    ]
   }
  },
  {
   "type": "Feature",
   "properties": {
    "from_cell": 2469,
    "to_cell": 2470,
    "uses": 1,
    "share": 0.0074,
    "class": "trail"
   },
   "geometry": {
    "type": "LineString",
    "coordinates": [
     [
      63.0538,
      -15.071
     ],
     [
      65.4618,
      -14.1073
     ]
    ]
   }
  },
  {
   "type": "Feature",
   "properties": {
    "from_cell": 2469,
    "to_cell": 2553,
    "uses": 1,
    "share": 0.0074,
    "class": "trail"
   },
   "geometry": {
    "type": "LineString",
    "coordinates": [
     [
      63.0538,
      -15.071
     ],
     [
      58.4525,
      -17.9639
     ]
    ]
   }
  },
  {
   "type": "Feature",
   "properties": {
    "from_cell": 2553,
    "to_cell": 2633,
    "uses": 1,
    "share": 0.0074,
    "class": "trail"
   },
   "geometry": {
    "type": "LineString",
    "coordinates": [
     [
      58.4525,
      -17.9639
     ],
     [
      56.6735,
      -22.0676
     ]
    ]
   }
  },
  {
   "type": "Feature",
   "properties": {
    "from_cell": 2633,
    "to_cell": 2714,
    "uses": 1,
    "share": 0.0074,
    "class": "trail"
   },
   "geometry": {
    "type": "LineString",
    "coordinates": [
     [
      56.6735,
      -22.0676
     ],
     [
      54.4004,
      -25.0384
     ]
    ]
   }
  },
  {
   "type": "Feature",
   "properties": {
    "from_cell": 2714,
    "to_cell": 2715,
    "uses": 1,
    "share": 0.0074,
    "class": "trail"
   },
   "geometry": {
    "type": "LineString",
    "coordinates": [
     [
      54.4004,
      -25.0384
     ],
     [
      52.2851,
      -26.1732
     ]
    ]
   }
  },
  {
   "type": "Feature",
   "properties": {
    "from_cell": 2715,
    "to_cell": 2793,
    "uses": 1,
    "share": 0.0074,
    "class": "trail"
   },
   "geometry": {
    "type": "LineString",
    "coordinates": [
     [
      52.2851,
      -26.1732
     ],
     [
      50.1868,
      -27.3079
     ]
    ]
   }
  },
  {
   "type": "Feature",
   "properties": {
    "from_cell": 2792,
    "to_cell": 2793,
    "uses": 1,
    "share": 0.0074,
    "class": "trail"
   },
   "geometry": {
    "type": "LineString",
    "coordinates": [
     [
      47.9575,
      -26.8746
     ],
     [
      50.1868,
      -27.3079
     ]
    ]
   }
  },
  {
   "type": "Feature",
   "properties": {
    "from_cell": 2712,
    "to_cell": 2792,
    "uses": 1,
    "share": 0.0074,
    "class": "trail"
   },
   "geometry": {
    "type": "LineString",
    "coordinates": [
     [
      46.7354,
      -26.3252
     ],
     [
      47.9575,
      -26.8746
     ]
    ]
   }
  },
  {
   "type": "Feature",
   "properties": {
    "from_cell": 2466,
    "to_cell": 2467,
    "uses": 1,
    "share": 0.0074,
    "class": "trail"
   },
   "geometry": {
    "type": "LineString",
    "coordinates": [
     [
      51.5971,
      -15.4264
     ],
     [
      55.0504,
      -14.879
     ]
    ]
   }
  },
  {
   "type": "Feature",
   "properties": {
    "from_cell": 2465,
    "to_cell": 2466,
    "uses": 1,
    "share": 0.0074,
    "class": "trail"
   },
   "geometry": {
    "type": "LineString",
    "coordinates": [
     [
      46.8,
      -14.1187
     ],
     [
      51.5971,
      -15.4264
     ]
    ]
   }
  },
  {
   "type": "Feature",
   "properties": {
    "from_cell": 2464,
    "to_cell": 2465,
    "uses": 1,
    "share": 0.0074,
    "class": "trail"
   },
   "geometry": {
    "type": "LineString",
    "coordinates": [
     [
      44.7626,
      -14.3069
     ],
     [
      46.8,
      -14.1187
     ]
    ]
   }
  },
  {
   "type": "Feature",
   "properties": {
    "from_cell": 2463,
    "to_cell": 2464,
    "uses": 1,
    "share": 0.0074,
    "class": "trail"
   },
   "geometry": {
    "type": "LineString",
    "coordinates": [
     [
      42.0257,
      -14.0788
     ],
     [
      44.7626,
      -14.3069
     ]
    ]
   }
  },
  {
   "type": "Feature",
   "properties": {
    "from_cell": 2462,
    "to_cell": 2463,
    "uses": 1,
    "share": 0.0074,
    "class": "trail"
   },
   "geometry": {
    "type": "LineString",
    "coordinates": [
     [
      38.006,
      -13.7252
     ],
     [
      42.0257,
      -14.0788
     ]
    ]
   }
  },
  {
   "type": "Feature",
   "properties": {
    "from_cell": 1840,
    "to_cell": 1930,
    "uses": 1,
    "share": 0.0074,
    "class": "trail"
   },
   "geometry": {
    "type": "LineString",
    "coordinates": [
     [
      123.1598,
      10.148
     ],
     [
      127.3734,
      5.4266
     ]
    ]
   }
  },
  {
   "type": "Feature",
   "properties": {
    "from_cell": 1930,
    "to_cell": 2028,
    "uses": 1,
    "share": 0.0074,
    "class": "trail"
   },
   "geometry": {
    "type": "LineString",
    "coordinates": [
     [
      127.3734,
      5.4266
     ],
     [
      127.8181,
      2.5337
     ]
    ]
   }
  },
  {
   "type": "Feature",
   "properties": {
    "from_cell": 2028,
    "to_cell": 2124,
    "uses": 1,
    "share": 0.0074,
    "class": "trail"
   },
   "geometry": {
    "type": "LineString",
    "coordinates": [
     [
      127.8181,
      2.5337
     ],
     [
      130.1577,
      -1.1956
     ]
    ]
   }
  },
  {
   "type": "Feature",
   "properties": {
    "from_cell": 2124,
    "to_cell": 2224,
    "uses": 1,
    "share": 0.0074,
    "class": "trail"
   },
   "geometry": {
    "type": "LineString",
    "coordinates": [
     [
      130.1577,
      -1.1956
     ],
     [
      130.8762,
      -3.3624
     ]
    ]
   }
  },
  {
   "type": "Feature",
   "properties": {
    "from_cell": 2200,
    "to_cell": 2201,
    "uses": 1,
    "share": 0.0074,
    "class": "trail"
   },
   "geometry": {
    "type": "LineString",
    "coordinates": [
     [
      75.4646,
      -4.5428
     ],
     [
      77.3519,
      -2.6192
     ]
    ]
   }
  },
  {
   "type": "Feature",
   "properties": {
    "from_cell": 2199,
    "to_cell": 2200,
    "uses": 1,
    "share": 0.0074,
    "class": "trail"
   },
   "geometry": {
    "type": "LineString",
    "coordinates": [
     [
      73.4766,
      -4.7518
     ],
     [
      75.4646,
      -4.5428
     ]
    ]
   }
  },
  {
   "type": "Feature",
   "properties": {
    "from_cell": 2201,
    "to_cell": 2203,
    "uses": 1,
    "share": 0.0074,
    "class": "trail"
   },
   "geometry": {
    "type": "LineString",
    "coordinates": [
     [
      77.3519,
      -2.6192
     ],
     [
      76.4985,
      -4.3527
     ]
    ]
   }
  },
  {
   "type": "Feature",
   "properties": {
    "from_cell": 2203,
    "to_cell": 2299,
    "uses": 1,
    "share": 0.0074,
    "class": "trail"
   },
   "geometry": {
    "type": "LineString",
    "coordinates": [
     [
      76.4985,
      -4.3527
     ],
     [
      75.6585,
      -6.0976
     ]
    ]
   }
  },
  {
   "type": "Feature",
   "properties": {
    "from_cell": 1461,
    "to_cell": 1559,
    "uses": 1,
    "share": 0.0074,
    "class": "trail"
   },
   "geometry": {
    "type": "LineString",
    "coordinates": [
     [
      78.7336,
      22.0258
     ],
     [
      83.4262,
      20.8226
     ]
    ]
   }
  },
  {
   "type": "Feature",
   "properties": {
    "from_cell": 1559,
    "to_cell": 1560,
    "uses": 1,
    "share": 0.0074,
    "class": "trail"
   },
   "geometry": {
    "type": "LineString",
    "coordinates": [
     [
      83.4262,
      20.8226
     ],
     [
      85.9882,
      19.2412
     ]
    ]
   }
  },
  {
   "type": "Feature",
   "properties": {
    "from_cell": 1560,
    "to_cell": 1643,
    "uses": 1,
    "share": 0.0074,
    "class": "trail"
   },
   "geometry": {
    "type": "LineString",
    "coordinates": [
     [
      85.9882,
      19.2412
     ],
     [
      86.3417,
      17.1903
     ]
    ]
   }
  },
  {
   "type": "Feature",
   "properties": {
    "from_cell": 1643,
    "to_cell": 1735,
    "uses": 1,
    "share": 0.0074,
    "class": "trail"
   },
   "geometry": {
    "type": "LineString",
    "coordinates": [
     [
      86.3417,
      17.1903
     ],
     [
      86.5545,
      12.8851
     ]
    ]
   }
  },
  {
   "type": "Feature",
   "properties": {
    "from_cell": 1968,
    "to_cell": 1970,
    "uses": 1,
    "share": 0.0074,
    "class": "trail"
   },
   "geometry": {
    "type": "LineString",
    "coordinates": [
     [
      -36.3487,
      2.9576
     ],
     [
      -37.2325,
      0.7223
     ]
    ]
   }
  },
  {
   "type": "Feature",
   "properties": {
    "from_cell": 1970,
    "to_cell": 2062,
    "uses": 1,
    "share": 0.0074,
    "class": "trail"
   },
   "geometry": {
    "type": "LineString",
    "coordinates": [
     [
      -37.2325,
      0.7223
     ],
     [
      -38.0991,
      -1.5244
     ]
    ]
   }
  }
 ]
}